ISO-10303-21;
HEADER;
/* Generated by software containing ST-Developer
 * from STEP Tools, Inc. (www.steptools.com) 
 */

FILE_DESCRIPTION(
/* description */ (''),
/* implementation_level */ '2;1');

FILE_NAME(
/* name */ 'Servo_MG995_Star_horn v1.step',
/* time_stamp */ '2024-03-30T14:11:14+05:30',
/* author */ (''),
/* organization */ (''),
/* preprocessor_version */ 'ST-DEVELOPER v20',
/* originating_system */ 'Autodesk Translation Framework v12.20.1.177',

/* authorisation */ '');

FILE_SCHEMA (('AUTOMOTIVE_DESIGN { 1 0 10303 214 3 1 1 }'));
ENDSEC;

DATA;
#10=MECHANICAL_DESIGN_GEOMETRIC_PRESENTATION_REPRESENTATION('',(#1233,#1234,
#1235,#1236,#1237,#1238,#1239,#1240,#1241,#1242,#1243,#1244,#1245,#1246,
#1247,#1248,#1249,#1250,#1251,#1252,#1253,#1254,#1255,#1256,#1257,#1258,
#1259,#1260,#1261,#1262,#1263,#1264,#1265,#1266,#1267,#1268,#1269,#1270,
#1271,#1272,#1273,#1274,#1275,#1276,#1277,#1278,#1279,#1280,#1281,#1282,
#1283,#1284,#1285,#1286,#1287,#1288,#1289,#1290,#1291,#1292,#1293,#1294,
#1295,#1296,#1297,#1298,#1299,#1300,#1301,#1302,#1303,#1304,#1305,#1306,
#1307,#1308,#1309,#1310,#1311,#1312,#1313,#1314,#1315,#1316,#1317,#1318,
#1319,#1320,#1321,#1322,#1323,#1324,#1325,#1326,#1327,#1328,#1329,#1330,
#1331,#1332,#1333,#1334,#1335,#1336,#1337,#1338,#1339,#1340,#1341,#1342,
#1343,#1344,#1345,#1346,#1347,#1348,#1349,#1350,#1351,#1352,#1353,#1354,
#1355,#1356,#1357,#1358,#1359,#1360,#1361,#1362,#1363,#1364,#1365,#1366,
#1367,#1368,#1369,#1370,#1371,#1372,#1373,#1374,#1375,#1376,#1377,#1378,
#1379,#1380,#1381,#1382,#1383,#1384),#8556);
#11=ITEM_DEFINED_TRANSFORMATION($,$,#4924,#5369);
#12=(
REPRESENTATION_RELATIONSHIP($,$,#8567,#8566)
REPRESENTATION_RELATIONSHIP_WITH_TRANSFORMATION(#11)
SHAPE_REPRESENTATION_RELATIONSHIP()
);
#13=CONTEXT_DEPENDENT_SHAPE_REPRESENTATION(#12,#8565);
#14=NEXT_ASSEMBLY_USAGE_OCCURRENCE('Servo_MG995_Star_horn:1',
'Servo_MG995_Star_horn:1','Servo_MG995_Star_horn:1',#8569,#8570,
'Servo_MG995_Star_horn:1');
#15=FACE_BOUND('',#1591,.T.);
#16=FACE_BOUND('',#1592,.T.);
#17=FACE_BOUND('',#1593,.T.);
#18=FACE_BOUND('',#1594,.T.);
#19=FACE_BOUND('',#1595,.T.);
#20=FACE_BOUND('',#1596,.T.);
#21=FACE_BOUND('',#1597,.T.);
#22=FACE_BOUND('',#1598,.T.);
#23=FACE_BOUND('',#1599,.T.);
#24=FACE_BOUND('',#1600,.T.);
#25=FACE_BOUND('',#1601,.T.);
#26=FACE_BOUND('',#1602,.T.);
#27=FACE_BOUND('',#1603,.T.);
#28=FACE_BOUND('',#1604,.T.);
#29=FACE_BOUND('',#1605,.T.);
#30=FACE_BOUND('',#1606,.T.);
#31=FACE_BOUND('',#1607,.T.);
#32=FACE_BOUND('',#1608,.T.);
#33=FACE_BOUND('',#1609,.T.);
#34=FACE_BOUND('',#1611,.T.);
#35=FACE_BOUND('',#1615,.T.);
#36=FACE_BOUND('',#1668,.T.);
#37=FACE_BOUND('',#1669,.T.);
#38=FACE_BOUND('',#1670,.T.);
#39=FACE_BOUND('',#1671,.T.);
#40=FACE_BOUND('',#1672,.T.);
#41=FACE_BOUND('',#1673,.T.);
#42=FACE_BOUND('',#1674,.T.);
#43=FACE_BOUND('',#1675,.T.);
#44=FACE_BOUND('',#1676,.T.);
#45=FACE_BOUND('',#1677,.T.);
#46=FACE_BOUND('',#1678,.T.);
#47=FACE_BOUND('',#1679,.T.);
#48=FACE_BOUND('',#1680,.T.);
#49=FACE_BOUND('',#1681,.T.);
#50=FACE_BOUND('',#1682,.T.);
#51=FACE_BOUND('',#1683,.T.);
#52=FACE_BOUND('',#1684,.T.);
#53=FACE_BOUND('',#1685,.T.);
#54=FACE_BOUND('',#1686,.T.);
#55=FACE_BOUND('',#1722,.T.);
#56=FACE_BOUND('',#1726,.T.);
#57=PLANE('',#5092);
#58=PLANE('',#5118);
#59=PLANE('',#5150);
#60=PLANE('',#5176);
#61=PLANE('',#5177);
#62=PLANE('',#5178);
#63=PLANE('',#5179);
#64=PLANE('',#5180);
#65=PLANE('',#5181);
#66=PLANE('',#5182);
#67=PLANE('',#5183);
#68=PLANE('',#5184);
#69=PLANE('',#5185);
#70=PLANE('',#5186);
#71=PLANE('',#5187);
#72=PLANE('',#5188);
#73=PLANE('',#5189);
#74=PLANE('',#5190);
#75=PLANE('',#5191);
#76=PLANE('',#5192);
#77=PLANE('',#5193);
#78=PLANE('',#5194);
#79=PLANE('',#5195);
#80=PLANE('',#5196);
#81=PLANE('',#5197);
#82=PLANE('',#5198);
#83=PLANE('',#5199);
#84=PLANE('',#5200);
#85=PLANE('',#5201);
#86=PLANE('',#5202);
#87=PLANE('',#5203);
#88=PLANE('',#5204);
#89=PLANE('',#5205);
#90=PLANE('',#5206);
#91=PLANE('',#5207);
#92=PLANE('',#5208);
#93=PLANE('',#5209);
#94=PLANE('',#5210);
#95=PLANE('',#5211);
#96=PLANE('',#5212);
#97=PLANE('',#5213);
#98=PLANE('',#5214);
#99=PLANE('',#5215);
#100=PLANE('',#5216);
#101=PLANE('',#5217);
#102=PLANE('',#5218);
#103=PLANE('',#5219);
#104=PLANE('',#5220);
#105=PLANE('',#5221);
#106=PLANE('',#5222);
#107=PLANE('',#5223);
#108=PLANE('',#5227);
#109=PLANE('',#5228);
#110=PLANE('',#5229);
#111=PLANE('',#5267);
#112=PLANE('',#5268);
#113=PLANE('',#5281);
#114=PLANE('',#5282);
#115=PLANE('',#5295);
#116=PLANE('',#5296);
#117=PLANE('',#5309);
#118=PLANE('',#5310);
#119=PLANE('',#5323);
#120=PLANE('',#5324);
#121=PLANE('',#5337);
#122=PLANE('',#5348);
#123=LINE('',#6814,#639);
#124=LINE('',#6817,#640);
#125=LINE('',#6821,#641);
#126=LINE('',#6825,#642);
#127=LINE('',#6839,#643);
#128=LINE('',#6843,#644);
#129=LINE('',#6848,#645);
#130=LINE('',#6852,#646);
#131=LINE('',#6857,#647);
#132=LINE('',#6861,#648);
#133=LINE('',#6866,#649);
#134=LINE('',#6870,#650);
#135=LINE('',#6877,#651);
#136=LINE('',#6880,#652);
#137=LINE('',#6884,#653);
#138=LINE('',#6888,#654);
#139=LINE('',#6893,#655);
#140=LINE('',#6897,#656);
#141=LINE('',#6902,#657);
#142=LINE('',#6906,#658);
#143=LINE('',#6913,#659);
#144=LINE('',#6916,#660);
#145=LINE('',#6920,#661);
#146=LINE('',#6924,#662);
#147=LINE('',#6929,#663);
#148=LINE('',#6933,#664);
#149=LINE('',#6938,#665);
#150=LINE('',#6942,#666);
#151=LINE('',#6947,#667);
#152=LINE('',#6951,#668);
#153=LINE('',#6956,#669);
#154=LINE('',#6960,#670);
#155=LINE('',#6965,#671);
#156=LINE('',#6969,#672);
#157=LINE('',#6974,#673);
#158=LINE('',#6978,#674);
#159=LINE('',#6983,#675);
#160=LINE('',#6987,#676);
#161=LINE('',#6992,#677);
#162=LINE('',#6996,#678);
#163=LINE('',#7001,#679);
#164=LINE('',#7005,#680);
#165=LINE('',#7010,#681);
#166=LINE('',#7014,#682);
#167=LINE('',#7019,#683);
#168=LINE('',#7023,#684);
#169=LINE('',#7030,#685);
#170=LINE('',#7033,#686);
#171=LINE('',#7037,#687);
#172=LINE('',#7041,#688);
#173=LINE('',#7048,#689);
#174=LINE('',#7051,#690);
#175=LINE('',#7055,#691);
#176=LINE('',#7059,#692);
#177=LINE('',#7064,#693);
#178=LINE('',#7068,#694);
#179=LINE('',#7073,#695);
#180=LINE('',#7077,#696);
#181=LINE('',#7082,#697);
#182=LINE('',#7086,#698);
#183=LINE('',#7091,#699);
#184=LINE('',#7095,#700);
#185=LINE('',#7100,#701);
#186=LINE('',#7104,#702);
#187=LINE('',#7109,#703);
#188=LINE('',#7113,#704);
#189=LINE('',#7118,#705);
#190=LINE('',#7122,#706);
#191=LINE('',#7127,#707);
#192=LINE('',#7131,#708);
#193=LINE('',#7136,#709);
#194=LINE('',#7140,#710);
#195=LINE('',#7145,#711);
#196=LINE('',#7149,#712);
#197=LINE('',#7154,#713);
#198=LINE('',#7158,#714);
#199=LINE('',#7163,#715);
#200=LINE('',#7167,#716);
#201=LINE('',#7172,#717);
#202=LINE('',#7176,#718);
#203=LINE('',#7181,#719);
#204=LINE('',#7185,#720);
#205=LINE('',#7190,#721);
#206=LINE('',#7194,#722);
#207=LINE('',#7199,#723);
#208=LINE('',#7203,#724);
#209=LINE('',#7208,#725);
#210=LINE('',#7212,#726);
#211=LINE('',#7217,#727);
#212=LINE('',#7221,#728);
#213=LINE('',#7226,#729);
#214=LINE('',#7230,#730);
#215=LINE('',#7235,#731);
#216=LINE('',#7239,#732);
#217=LINE('',#7244,#733);
#218=LINE('',#7248,#734);
#219=LINE('',#7253,#735);
#220=LINE('',#7257,#736);
#221=LINE('',#7262,#737);
#222=LINE('',#7264,#738);
#223=LINE('',#7268,#739);
#224=LINE('',#7270,#740);
#225=LINE('',#7274,#741);
#226=LINE('',#7276,#742);
#227=LINE('',#7280,#743);
#228=LINE('',#7282,#744);
#229=LINE('',#7286,#745);
#230=LINE('',#7288,#746);
#231=LINE('',#7292,#747);
#232=LINE('',#7294,#748);
#233=LINE('',#7339,#749);
#234=LINE('',#7343,#750);
#235=LINE('',#7345,#751);
#236=LINE('',#7349,#752);
#237=LINE('',#7351,#753);
#238=LINE('',#7355,#754);
#239=LINE('',#7357,#755);
#240=LINE('',#7361,#756);
#241=LINE('',#7363,#757);
#242=LINE('',#7367,#758);
#243=LINE('',#7369,#759);
#244=LINE('',#7373,#760);
#245=LINE('',#7375,#761);
#246=LINE('',#7379,#762);
#247=LINE('',#7381,#763);
#248=LINE('',#7385,#764);
#249=LINE('',#7387,#765);
#250=LINE('',#7391,#766);
#251=LINE('',#7393,#767);
#252=LINE('',#7397,#768);
#253=LINE('',#7399,#769);
#254=LINE('',#7403,#770);
#255=LINE('',#7405,#771);
#256=LINE('',#7409,#772);
#257=LINE('',#7411,#773);
#258=LINE('',#7415,#774);
#259=LINE('',#7417,#775);
#260=LINE('',#7421,#776);
#261=LINE('',#7423,#777);
#262=LINE('',#7427,#778);
#263=LINE('',#7429,#779);
#264=LINE('',#7433,#780);
#265=LINE('',#7435,#781);
#266=LINE('',#7439,#782);
#267=LINE('',#7441,#783);
#268=LINE('',#7445,#784);
#269=LINE('',#7447,#785);
#270=LINE('',#7451,#786);
#271=LINE('',#7453,#787);
#272=LINE('',#7457,#788);
#273=LINE('',#7459,#789);
#274=LINE('',#7463,#790);
#275=LINE('',#7465,#791);
#276=LINE('',#7469,#792);
#277=LINE('',#7471,#793);
#278=LINE('',#7475,#794);
#279=LINE('',#7477,#795);
#280=LINE('',#7480,#796);
#281=LINE('',#7484,#797);
#282=LINE('',#7488,#798);
#283=LINE('',#7493,#799);
#284=LINE('',#7497,#800);
#285=LINE('',#7502,#801);
#286=LINE('',#7504,#802);
#287=LINE('',#7508,#803);
#288=LINE('',#7510,#804);
#289=LINE('',#7514,#805);
#290=LINE('',#7516,#806);
#291=LINE('',#7520,#807);
#292=LINE('',#7522,#808);
#293=LINE('',#7526,#809);
#294=LINE('',#7528,#810);
#295=LINE('',#7532,#811);
#296=LINE('',#7534,#812);
#297=LINE('',#7538,#813);
#298=LINE('',#7540,#814);
#299=LINE('',#7544,#815);
#300=LINE('',#7546,#816);
#301=LINE('',#7550,#817);
#302=LINE('',#7552,#818);
#303=LINE('',#7556,#819);
#304=LINE('',#7558,#820);
#305=LINE('',#7562,#821);
#306=LINE('',#7564,#822);
#307=LINE('',#7568,#823);
#308=LINE('',#7570,#824);
#309=LINE('',#7574,#825);
#310=LINE('',#7576,#826);
#311=LINE('',#7580,#827);
#312=LINE('',#7582,#828);
#313=LINE('',#7586,#829);
#314=LINE('',#7588,#830);
#315=LINE('',#7592,#831);
#316=LINE('',#7594,#832);
#317=LINE('',#7598,#833);
#318=LINE('',#7600,#834);
#319=LINE('',#7604,#835);
#320=LINE('',#7606,#836);
#321=LINE('',#7610,#837);
#322=LINE('',#7612,#838);
#323=LINE('',#7616,#839);
#324=LINE('',#7618,#840);
#325=LINE('',#7622,#841);
#326=LINE('',#7624,#842);
#327=LINE('',#7628,#843);
#328=LINE('',#7630,#844);
#329=LINE('',#7634,#845);
#330=LINE('',#7636,#846);
#331=LINE('',#7640,#847);
#332=LINE('',#7642,#848);
#333=LINE('',#7649,#849);
#334=LINE('',#7651,#850);
#335=LINE('',#7653,#851);
#336=LINE('',#7654,#852);
#337=LINE('',#7658,#853);
#338=LINE('',#7660,#854);
#339=LINE('',#7662,#855);
#340=LINE('',#7663,#856);
#341=LINE('',#7667,#857);
#342=LINE('',#7669,#858);
#343=LINE('',#7671,#859);
#344=LINE('',#7672,#860);
#345=LINE('',#7676,#861);
#346=LINE('',#7678,#862);
#347=LINE('',#7680,#863);
#348=LINE('',#7681,#864);
#349=LINE('',#7685,#865);
#350=LINE('',#7687,#866);
#351=LINE('',#7689,#867);
#352=LINE('',#7690,#868);
#353=LINE('',#7694,#869);
#354=LINE('',#7696,#870);
#355=LINE('',#7698,#871);
#356=LINE('',#7699,#872);
#357=LINE('',#7703,#873);
#358=LINE('',#7705,#874);
#359=LINE('',#7707,#875);
#360=LINE('',#7708,#876);
#361=LINE('',#7712,#877);
#362=LINE('',#7714,#878);
#363=LINE('',#7716,#879);
#364=LINE('',#7717,#880);
#365=LINE('',#7721,#881);
#366=LINE('',#7723,#882);
#367=LINE('',#7725,#883);
#368=LINE('',#7726,#884);
#369=LINE('',#7730,#885);
#370=LINE('',#7732,#886);
#371=LINE('',#7734,#887);
#372=LINE('',#7735,#888);
#373=LINE('',#7739,#889);
#374=LINE('',#7741,#890);
#375=LINE('',#7743,#891);
#376=LINE('',#7744,#892);
#377=LINE('',#7748,#893);
#378=LINE('',#7750,#894);
#379=LINE('',#7752,#895);
#380=LINE('',#7753,#896);
#381=LINE('',#7757,#897);
#382=LINE('',#7759,#898);
#383=LINE('',#7761,#899);
#384=LINE('',#7762,#900);
#385=LINE('',#7766,#901);
#386=LINE('',#7768,#902);
#387=LINE('',#7770,#903);
#388=LINE('',#7771,#904);
#389=LINE('',#7775,#905);
#390=LINE('',#7777,#906);
#391=LINE('',#7779,#907);
#392=LINE('',#7780,#908);
#393=LINE('',#7784,#909);
#394=LINE('',#7786,#910);
#395=LINE('',#7788,#911);
#396=LINE('',#7789,#912);
#397=LINE('',#7793,#913);
#398=LINE('',#7795,#914);
#399=LINE('',#7797,#915);
#400=LINE('',#7798,#916);
#401=LINE('',#7802,#917);
#402=LINE('',#7804,#918);
#403=LINE('',#7806,#919);
#404=LINE('',#7807,#920);
#405=LINE('',#7811,#921);
#406=LINE('',#7813,#922);
#407=LINE('',#7815,#923);
#408=LINE('',#7816,#924);
#409=LINE('',#7820,#925);
#410=LINE('',#7822,#926);
#411=LINE('',#7824,#927);
#412=LINE('',#7825,#928);
#413=LINE('',#7829,#929);
#414=LINE('',#7831,#930);
#415=LINE('',#7833,#931);
#416=LINE('',#7834,#932);
#417=LINE('',#7838,#933);
#418=LINE('',#7840,#934);
#419=LINE('',#7842,#935);
#420=LINE('',#7843,#936);
#421=LINE('',#7847,#937);
#422=LINE('',#7849,#938);
#423=LINE('',#7851,#939);
#424=LINE('',#7852,#940);
#425=LINE('',#7856,#941);
#426=LINE('',#7858,#942);
#427=LINE('',#7860,#943);
#428=LINE('',#7861,#944);
#429=LINE('',#7865,#945);
#430=LINE('',#7867,#946);
#431=LINE('',#7869,#947);
#432=LINE('',#7870,#948);
#433=LINE('',#7874,#949);
#434=LINE('',#7876,#950);
#435=LINE('',#7878,#951);
#436=LINE('',#7879,#952);
#437=LINE('',#7883,#953);
#438=LINE('',#7885,#954);
#439=LINE('',#7887,#955);
#440=LINE('',#7888,#956);
#441=LINE('',#7892,#957);
#442=LINE('',#7894,#958);
#443=LINE('',#7896,#959);
#444=LINE('',#7897,#960);
#445=LINE('',#7901,#961);
#446=LINE('',#7903,#962);
#447=LINE('',#7905,#963);
#448=LINE('',#7906,#964);
#449=LINE('',#7910,#965);
#450=LINE('',#7912,#966);
#451=LINE('',#7914,#967);
#452=LINE('',#7915,#968);
#453=LINE('',#7919,#969);
#454=LINE('',#7921,#970);
#455=LINE('',#7923,#971);
#456=LINE('',#7924,#972);
#457=LINE('',#7928,#973);
#458=LINE('',#7930,#974);
#459=LINE('',#7932,#975);
#460=LINE('',#7933,#976);
#461=LINE('',#7937,#977);
#462=LINE('',#7939,#978);
#463=LINE('',#7941,#979);
#464=LINE('',#7942,#980);
#465=LINE('',#7946,#981);
#466=LINE('',#7948,#982);
#467=LINE('',#7950,#983);
#468=LINE('',#7951,#984);
#469=LINE('',#7955,#985);
#470=LINE('',#7957,#986);
#471=LINE('',#7959,#987);
#472=LINE('',#7960,#988);
#473=LINE('',#7964,#989);
#474=LINE('',#7966,#990);
#475=LINE('',#7968,#991);
#476=LINE('',#7969,#992);
#477=LINE('',#7973,#993);
#478=LINE('',#7975,#994);
#479=LINE('',#7977,#995);
#480=LINE('',#7978,#996);
#481=LINE('',#7982,#997);
#482=LINE('',#7984,#998);
#483=LINE('',#7986,#999);
#484=LINE('',#7987,#1000);
#485=LINE('',#7991,#1001);
#486=LINE('',#7993,#1002);
#487=LINE('',#7995,#1003);
#488=LINE('',#7996,#1004);
#489=LINE('',#8000,#1005);
#490=LINE('',#8002,#1006);
#491=LINE('',#8004,#1007);
#492=LINE('',#8005,#1008);
#493=LINE('',#8009,#1009);
#494=LINE('',#8011,#1010);
#495=LINE('',#8013,#1011);
#496=LINE('',#8014,#1012);
#497=LINE('',#8018,#1013);
#498=LINE('',#8020,#1014);
#499=LINE('',#8022,#1015);
#500=LINE('',#8023,#1016);
#501=LINE('',#8027,#1017);
#502=LINE('',#8029,#1018);
#503=LINE('',#8031,#1019);
#504=LINE('',#8032,#1020);
#505=LINE('',#8036,#1021);
#506=LINE('',#8038,#1022);
#507=LINE('',#8040,#1023);
#508=LINE('',#8041,#1024);
#509=LINE('',#8045,#1025);
#510=LINE('',#8047,#1026);
#511=LINE('',#8049,#1027);
#512=LINE('',#8050,#1028);
#513=LINE('',#8054,#1029);
#514=LINE('',#8056,#1030);
#515=LINE('',#8058,#1031);
#516=LINE('',#8059,#1032);
#517=LINE('',#8063,#1033);
#518=LINE('',#8065,#1034);
#519=LINE('',#8067,#1035);
#520=LINE('',#8068,#1036);
#521=LINE('',#8072,#1037);
#522=LINE('',#8074,#1038);
#523=LINE('',#8076,#1039);
#524=LINE('',#8077,#1040);
#525=LINE('',#8083,#1041);
#526=LINE('',#8086,#1042);
#527=LINE('',#8090,#1043);
#528=LINE('',#8092,#1044);
#529=LINE('',#8094,#1045);
#530=LINE('',#8095,#1046);
#531=LINE('',#8099,#1047);
#532=LINE('',#8101,#1048);
#533=LINE('',#8103,#1049);
#534=LINE('',#8104,#1050);
#535=LINE('',#8108,#1051);
#536=LINE('',#8110,#1052);
#537=LINE('',#8114,#1053);
#538=LINE('',#8116,#1054);
#539=LINE('',#8120,#1055);
#540=LINE('',#8122,#1056);
#541=LINE('',#8126,#1057);
#542=LINE('',#8128,#1058);
#543=LINE('',#8132,#1059);
#544=LINE('',#8134,#1060);
#545=LINE('',#8138,#1061);
#546=LINE('',#8140,#1062);
#547=LINE('',#8185,#1063);
#548=LINE('',#8188,#1064);
#549=LINE('',#8194,#1065);
#550=LINE('',#8197,#1066);
#551=LINE('',#8203,#1067);
#552=LINE('',#8206,#1068);
#553=LINE('',#8212,#1069);
#554=LINE('',#8215,#1070);
#555=LINE('',#8219,#1071);
#556=LINE('',#8221,#1072);
#557=LINE('',#8223,#1073);
#558=LINE('',#8224,#1074);
#559=LINE('',#8228,#1075);
#560=LINE('',#8230,#1076);
#561=LINE('',#8232,#1077);
#562=LINE('',#8233,#1078);
#563=LINE('',#8239,#1079);
#564=LINE('',#8242,#1080);
#565=LINE('',#8248,#1081);
#566=LINE('',#8251,#1082);
#567=LINE('',#8257,#1083);
#568=LINE('',#8260,#1084);
#569=LINE('',#8266,#1085);
#570=LINE('',#8269,#1086);
#571=LINE('',#8273,#1087);
#572=LINE('',#8275,#1088);
#573=LINE('',#8277,#1089);
#574=LINE('',#8278,#1090);
#575=LINE('',#8282,#1091);
#576=LINE('',#8284,#1092);
#577=LINE('',#8286,#1093);
#578=LINE('',#8287,#1094);
#579=LINE('',#8293,#1095);
#580=LINE('',#8296,#1096);
#581=LINE('',#8302,#1097);
#582=LINE('',#8305,#1098);
#583=LINE('',#8311,#1099);
#584=LINE('',#8314,#1100);
#585=LINE('',#8320,#1101);
#586=LINE('',#8323,#1102);
#587=LINE('',#8327,#1103);
#588=LINE('',#8329,#1104);
#589=LINE('',#8331,#1105);
#590=LINE('',#8332,#1106);
#591=LINE('',#8336,#1107);
#592=LINE('',#8338,#1108);
#593=LINE('',#8340,#1109);
#594=LINE('',#8341,#1110);
#595=LINE('',#8347,#1111);
#596=LINE('',#8350,#1112);
#597=LINE('',#8356,#1113);
#598=LINE('',#8359,#1114);
#599=LINE('',#8365,#1115);
#600=LINE('',#8368,#1116);
#601=LINE('',#8372,#1117);
#602=LINE('',#8376,#1118);
#603=LINE('',#8381,#1119);
#604=LINE('',#8383,#1120);
#605=LINE('',#8385,#1121);
#606=LINE('',#8386,#1122);
#607=LINE('',#8390,#1123);
#608=LINE('',#8392,#1124);
#609=LINE('',#8394,#1125);
#610=LINE('',#8395,#1126);
#611=LINE('',#8401,#1127);
#612=LINE('',#8404,#1128);
#613=LINE('',#8410,#1129);
#614=LINE('',#8413,#1130);
#615=LINE('',#8419,#1131);
#616=LINE('',#8422,#1132);
#617=LINE('',#8426,#1133);
#618=LINE('',#8430,#1134);
#619=LINE('',#8435,#1135);
#620=LINE('',#8437,#1136);
#621=LINE('',#8439,#1137);
#622=LINE('',#8440,#1138);
#623=LINE('',#8444,#1139);
#624=LINE('',#8446,#1140);
#625=LINE('',#8448,#1141);
#626=LINE('',#8449,#1142);
#627=LINE('',#8455,#1143);
#628=LINE('',#8458,#1144);
#629=LINE('',#8464,#1145);
#630=LINE('',#8467,#1146);
#631=LINE('',#8473,#1147);
#632=LINE('',#8476,#1148);
#633=LINE('',#8482,#1149);
#634=LINE('',#8485,#1150);
#635=LINE('',#8505,#1151);
#636=LINE('',#8508,#1152);
#637=LINE('',#8517,#1153);
#638=LINE('',#8521,#1154);
#639=VECTOR('',#5408,0.75);
#640=VECTOR('',#5411,0.75);
#641=VECTOR('',#5414,0.75);
#642=VECTOR('',#5417,0.75);
#643=VECTOR('',#5432,0.75);
#644=VECTOR('',#5435,0.75);
#645=VECTOR('',#5440,2.);
#646=VECTOR('',#5443,2.);
#647=VECTOR('',#5448,2.);
#648=VECTOR('',#5451,2.);
#649=VECTOR('',#5456,2.);
#650=VECTOR('',#5459,2.);
#651=VECTOR('',#5466,2.);
#652=VECTOR('',#5469,2.);
#653=VECTOR('',#5472,2.);
#654=VECTOR('',#5475,2.);
#655=VECTOR('',#5480,2.);
#656=VECTOR('',#5483,2.);
#657=VECTOR('',#5488,2.);
#658=VECTOR('',#5491,2.);
#659=VECTOR('',#5498,2.);
#660=VECTOR('',#5501,2.);
#661=VECTOR('',#5504,2.);
#662=VECTOR('',#5507,2.);
#663=VECTOR('',#5512,2.);
#664=VECTOR('',#5515,2.);
#665=VECTOR('',#5520,2.);
#666=VECTOR('',#5523,2.);
#667=VECTOR('',#5528,2.);
#668=VECTOR('',#5531,2.);
#669=VECTOR('',#5536,2.);
#670=VECTOR('',#5539,2.);
#671=VECTOR('',#5544,2.);
#672=VECTOR('',#5547,2.);
#673=VECTOR('',#5552,2.);
#674=VECTOR('',#5555,2.);
#675=VECTOR('',#5560,2.);
#676=VECTOR('',#5563,2.);
#677=VECTOR('',#5568,2.);
#678=VECTOR('',#5571,2.);
#679=VECTOR('',#5576,2.);
#680=VECTOR('',#5579,2.);
#681=VECTOR('',#5584,2.);
#682=VECTOR('',#5587,2.);
#683=VECTOR('',#5592,2.);
#684=VECTOR('',#5595,2.);
#685=VECTOR('',#5602,2.8);
#686=VECTOR('',#5605,2.8);
#687=VECTOR('',#5608,1.);
#688=VECTOR('',#5611,1.);
#689=VECTOR('',#5618,1.);
#690=VECTOR('',#5621,1.);
#691=VECTOR('',#5624,3.);
#692=VECTOR('',#5627,3.);
#693=VECTOR('',#5632,3.);
#694=VECTOR('',#5635,3.);
#695=VECTOR('',#5640,3.);
#696=VECTOR('',#5643,3.);
#697=VECTOR('',#5648,3.);
#698=VECTOR('',#5651,3.);
#699=VECTOR('',#5656,3.);
#700=VECTOR('',#5659,3.);
#701=VECTOR('',#5664,3.);
#702=VECTOR('',#5667,3.);
#703=VECTOR('',#5672,3.);
#704=VECTOR('',#5675,3.);
#705=VECTOR('',#5680,3.);
#706=VECTOR('',#5683,3.);
#707=VECTOR('',#5688,3.);
#708=VECTOR('',#5691,3.);
#709=VECTOR('',#5696,3.);
#710=VECTOR('',#5699,3.);
#711=VECTOR('',#5704,3.);
#712=VECTOR('',#5707,3.);
#713=VECTOR('',#5712,3.);
#714=VECTOR('',#5715,3.);
#715=VECTOR('',#5720,3.);
#716=VECTOR('',#5723,3.);
#717=VECTOR('',#5728,3.);
#718=VECTOR('',#5731,3.);
#719=VECTOR('',#5736,3.);
#720=VECTOR('',#5739,3.);
#721=VECTOR('',#5744,3.);
#722=VECTOR('',#5747,3.);
#723=VECTOR('',#5752,3.);
#724=VECTOR('',#5755,3.);
#725=VECTOR('',#5760,3.);
#726=VECTOR('',#5763,3.);
#727=VECTOR('',#5768,3.);
#728=VECTOR('',#5771,3.);
#729=VECTOR('',#5776,3.);
#730=VECTOR('',#5779,3.);
#731=VECTOR('',#5784,3.);
#732=VECTOR('',#5787,3.);
#733=VECTOR('',#5792,3.);
#734=VECTOR('',#5795,3.);
#735=VECTOR('',#5800,3.);
#736=VECTOR('',#5803,3.);
#737=VECTOR('',#5808,8.14767851687153);
#738=VECTOR('',#5809,8.14767851595749);
#739=VECTOR('',#5812,8.14767851606237);
#740=VECTOR('',#5813,8.14767851606237);
#741=VECTOR('',#5816,8.14767851595749);
#742=VECTOR('',#5817,8.14767851687153);
#743=VECTOR('',#5820,8.14767851687153);
#744=VECTOR('',#5821,8.14767851595749);
#745=VECTOR('',#5824,8.14767851606237);
#746=VECTOR('',#5825,8.14767851606237);
#747=VECTOR('',#5828,8.14767851595749);
#748=VECTOR('',#5829,8.14767851687153);
#749=VECTOR('',#5874,0.48249878);
#750=VECTOR('',#5877,0.482498780699993);
#751=VECTOR('',#5878,0.482498780982835);
#752=VECTOR('',#5881,0.482498780441267);
#753=VECTOR('',#5882,0.482498780641267);
#754=VECTOR('',#5885,0.482498781057498);
#755=VECTOR('',#5886,0.482498781057498);
#756=VECTOR('',#5889,0.482498780641267);
#757=VECTOR('',#5890,0.482498780441267);
#758=VECTOR('',#5893,0.482498780982835);
#759=VECTOR('',#5894,0.482498780699993);
#760=VECTOR('',#5897,0.48249878);
#761=VECTOR('',#5898,0.48249878);
#762=VECTOR('',#5901,0.482498780699993);
#763=VECTOR('',#5902,0.482498780982835);
#764=VECTOR('',#5905,0.482498780441267);
#765=VECTOR('',#5906,0.482498780641267);
#766=VECTOR('',#5909,0.482498781057498);
#767=VECTOR('',#5910,0.482498781057498);
#768=VECTOR('',#5913,0.482498780641267);
#769=VECTOR('',#5914,0.482498780441267);
#770=VECTOR('',#5917,0.482498780982835);
#771=VECTOR('',#5918,0.482498780699993);
#772=VECTOR('',#5921,0.48249878);
#773=VECTOR('',#5922,0.48249878);
#774=VECTOR('',#5925,0.482498780699993);
#775=VECTOR('',#5926,0.482498780982835);
#776=VECTOR('',#5929,0.482498780441267);
#777=VECTOR('',#5930,0.482498780641267);
#778=VECTOR('',#5933,0.482498781057498);
#779=VECTOR('',#5934,0.482498781057498);
#780=VECTOR('',#5937,0.482498780641267);
#781=VECTOR('',#5938,0.482498780441267);
#782=VECTOR('',#5941,0.482498780982835);
#783=VECTOR('',#5942,0.482498780699993);
#784=VECTOR('',#5945,0.48249878);
#785=VECTOR('',#5946,0.48249878);
#786=VECTOR('',#5949,0.482498780699993);
#787=VECTOR('',#5950,0.482498780982835);
#788=VECTOR('',#5953,0.482498780441267);
#789=VECTOR('',#5954,0.482498780641267);
#790=VECTOR('',#5957,0.482498781057498);
#791=VECTOR('',#5958,0.482498781057498);
#792=VECTOR('',#5961,0.482498780641267);
#793=VECTOR('',#5962,0.482498780441267);
#794=VECTOR('',#5965,0.482498780982835);
#795=VECTOR('',#5966,0.482498780699993);
#796=VECTOR('',#5969,0.48249878);
#797=VECTOR('',#5972,2.8);
#798=VECTOR('',#5975,2.8);
#799=VECTOR('',#5980,3.);
#800=VECTOR('',#5983,3.);
#801=VECTOR('',#5988,0.482498780982835);
#802=VECTOR('',#5989,0.482498780699993);
#803=VECTOR('',#5992,0.48249878);
#804=VECTOR('',#5993,0.48249878);
#805=VECTOR('',#5996,0.482498780699993);
#806=VECTOR('',#5997,0.482498780982835);
#807=VECTOR('',#6000,0.482498780441267);
#808=VECTOR('',#6001,0.482498780641267);
#809=VECTOR('',#6004,0.482498781057498);
#810=VECTOR('',#6005,0.482498781057498);
#811=VECTOR('',#6008,0.482498780641267);
#812=VECTOR('',#6009,0.482498780441267);
#813=VECTOR('',#6012,0.482498780982835);
#814=VECTOR('',#6013,0.482498780699993);
#815=VECTOR('',#6016,0.48249878);
#816=VECTOR('',#6017,0.48249878);
#817=VECTOR('',#6020,0.482498780699993);
#818=VECTOR('',#6021,0.482498780982835);
#819=VECTOR('',#6024,0.482498780441267);
#820=VECTOR('',#6025,0.482498780641267);
#821=VECTOR('',#6028,0.482498781057498);
#822=VECTOR('',#6029,0.482498781057498);
#823=VECTOR('',#6032,0.482498780641267);
#824=VECTOR('',#6033,0.482498780441267);
#825=VECTOR('',#6036,0.482498780982835);
#826=VECTOR('',#6037,0.482498780699993);
#827=VECTOR('',#6040,0.48249878);
#828=VECTOR('',#6041,0.48249878);
#829=VECTOR('',#6044,0.482498780699993);
#830=VECTOR('',#6045,0.482498780982835);
#831=VECTOR('',#6048,0.482498780441267);
#832=VECTOR('',#6049,0.482498780641267);
#833=VECTOR('',#6052,0.482498781057498);
#834=VECTOR('',#6053,0.482498781057498);
#835=VECTOR('',#6056,0.482498780641267);
#836=VECTOR('',#6057,0.482498780441267);
#837=VECTOR('',#6060,0.482498780982835);
#838=VECTOR('',#6061,0.482498780699993);
#839=VECTOR('',#6064,0.48249878);
#840=VECTOR('',#6065,0.48249878);
#841=VECTOR('',#6068,0.482498780699993);
#842=VECTOR('',#6069,0.482498780982835);
#843=VECTOR('',#6072,0.482498780441267);
#844=VECTOR('',#6073,0.482498780641267);
#845=VECTOR('',#6076,0.482498781057498);
#846=VECTOR('',#6077,0.482498781057498);
#847=VECTOR('',#6080,0.482498780641267);
#848=VECTOR('',#6081,0.482498780441267);
#849=VECTOR('',#6088,3.);
#850=VECTOR('',#6089,0.48249878);
#851=VECTOR('',#6090,3.);
#852=VECTOR('',#6091,0.48249878);
#853=VECTOR('',#6094,3.);
#854=VECTOR('',#6095,0.48249878);
#855=VECTOR('',#6096,3.);
#856=VECTOR('',#6097,0.48249878);
#857=VECTOR('',#6100,3.);
#858=VECTOR('',#6101,0.482498780699993);
#859=VECTOR('',#6102,3.);
#860=VECTOR('',#6103,0.482498780699993);
#861=VECTOR('',#6106,3.);
#862=VECTOR('',#6107,0.482498780982835);
#863=VECTOR('',#6108,3.);
#864=VECTOR('',#6109,0.482498780982835);
#865=VECTOR('',#6112,3.);
#866=VECTOR('',#6113,0.482498780441267);
#867=VECTOR('',#6114,3.);
#868=VECTOR('',#6115,0.482498780441267);
#869=VECTOR('',#6118,3.);
#870=VECTOR('',#6119,0.482498780641267);
#871=VECTOR('',#6120,3.);
#872=VECTOR('',#6121,0.482498780641267);
#873=VECTOR('',#6124,3.);
#874=VECTOR('',#6125,0.482498781057498);
#875=VECTOR('',#6126,3.);
#876=VECTOR('',#6127,0.482498781057498);
#877=VECTOR('',#6130,3.);
#878=VECTOR('',#6131,0.482498781057498);
#879=VECTOR('',#6132,3.);
#880=VECTOR('',#6133,0.482498781057498);
#881=VECTOR('',#6136,3.);
#882=VECTOR('',#6137,0.482498780641267);
#883=VECTOR('',#6138,3.);
#884=VECTOR('',#6139,0.482498780641267);
#885=VECTOR('',#6142,3.);
#886=VECTOR('',#6143,0.482498780441267);
#887=VECTOR('',#6144,3.);
#888=VECTOR('',#6145,0.482498780441267);
#889=VECTOR('',#6148,3.);
#890=VECTOR('',#6149,0.482498780982835);
#891=VECTOR('',#6150,3.);
#892=VECTOR('',#6151,0.482498780982835);
#893=VECTOR('',#6154,3.);
#894=VECTOR('',#6155,0.482498780699993);
#895=VECTOR('',#6156,3.);
#896=VECTOR('',#6157,0.482498780699993);
#897=VECTOR('',#6160,3.);
#898=VECTOR('',#6161,0.48249878);
#899=VECTOR('',#6162,3.);
#900=VECTOR('',#6163,0.48249878);
#901=VECTOR('',#6166,3.);
#902=VECTOR('',#6167,0.48249878);
#903=VECTOR('',#6168,3.);
#904=VECTOR('',#6169,0.48249878);
#905=VECTOR('',#6172,3.);
#906=VECTOR('',#6173,0.482498780699993);
#907=VECTOR('',#6174,3.);
#908=VECTOR('',#6175,0.482498780699993);
#909=VECTOR('',#6178,3.);
#910=VECTOR('',#6179,0.482498780982835);
#911=VECTOR('',#6180,3.);
#912=VECTOR('',#6181,0.482498780982835);
#913=VECTOR('',#6184,3.);
#914=VECTOR('',#6185,0.482498780441267);
#915=VECTOR('',#6186,3.);
#916=VECTOR('',#6187,0.482498780441267);
#917=VECTOR('',#6190,3.);
#918=VECTOR('',#6191,0.482498780641267);
#919=VECTOR('',#6192,3.);
#920=VECTOR('',#6193,0.482498780641267);
#921=VECTOR('',#6196,3.);
#922=VECTOR('',#6197,0.482498781057498);
#923=VECTOR('',#6198,3.);
#924=VECTOR('',#6199,0.482498781057498);
#925=VECTOR('',#6202,3.);
#926=VECTOR('',#6203,0.482498781057498);
#927=VECTOR('',#6204,3.);
#928=VECTOR('',#6205,0.482498781057498);
#929=VECTOR('',#6208,3.);
#930=VECTOR('',#6209,0.482498780641267);
#931=VECTOR('',#6210,3.);
#932=VECTOR('',#6211,0.482498780641267);
#933=VECTOR('',#6214,3.);
#934=VECTOR('',#6215,0.482498780441267);
#935=VECTOR('',#6216,3.);
#936=VECTOR('',#6217,0.482498780441267);
#937=VECTOR('',#6220,3.);
#938=VECTOR('',#6221,0.482498780982835);
#939=VECTOR('',#6222,3.);
#940=VECTOR('',#6223,0.482498780982835);
#941=VECTOR('',#6226,3.);
#942=VECTOR('',#6227,0.482498780699993);
#943=VECTOR('',#6228,3.);
#944=VECTOR('',#6229,0.482498780699993);
#945=VECTOR('',#6232,3.);
#946=VECTOR('',#6233,0.48249878);
#947=VECTOR('',#6234,3.);
#948=VECTOR('',#6235,0.48249878);
#949=VECTOR('',#6238,3.);
#950=VECTOR('',#6239,0.48249878);
#951=VECTOR('',#6240,3.);
#952=VECTOR('',#6241,0.48249878);
#953=VECTOR('',#6244,3.);
#954=VECTOR('',#6245,0.482498780699993);
#955=VECTOR('',#6246,3.);
#956=VECTOR('',#6247,0.482498780699993);
#957=VECTOR('',#6250,3.);
#958=VECTOR('',#6251,0.482498780982835);
#959=VECTOR('',#6252,3.);
#960=VECTOR('',#6253,0.482498780982835);
#961=VECTOR('',#6256,3.);
#962=VECTOR('',#6257,0.482498780441267);
#963=VECTOR('',#6258,3.);
#964=VECTOR('',#6259,0.482498780441267);
#965=VECTOR('',#6262,3.);
#966=VECTOR('',#6263,0.482498780641267);
#967=VECTOR('',#6264,3.);
#968=VECTOR('',#6265,0.482498780641267);
#969=VECTOR('',#6268,3.);
#970=VECTOR('',#6269,0.482498781057498);
#971=VECTOR('',#6270,3.);
#972=VECTOR('',#6271,0.482498781057498);
#973=VECTOR('',#6274,3.);
#974=VECTOR('',#6275,0.482498781057498);
#975=VECTOR('',#6276,3.);
#976=VECTOR('',#6277,0.482498781057498);
#977=VECTOR('',#6280,3.);
#978=VECTOR('',#6281,0.482498780641267);
#979=VECTOR('',#6282,3.);
#980=VECTOR('',#6283,0.482498780641267);
#981=VECTOR('',#6286,3.);
#982=VECTOR('',#6287,0.482498780441267);
#983=VECTOR('',#6288,3.);
#984=VECTOR('',#6289,0.482498780441267);
#985=VECTOR('',#6292,3.);
#986=VECTOR('',#6293,0.482498780982835);
#987=VECTOR('',#6294,3.);
#988=VECTOR('',#6295,0.482498780982835);
#989=VECTOR('',#6298,3.);
#990=VECTOR('',#6299,0.482498780699993);
#991=VECTOR('',#6300,3.);
#992=VECTOR('',#6301,0.482498780699993);
#993=VECTOR('',#6304,3.);
#994=VECTOR('',#6305,0.48249878);
#995=VECTOR('',#6306,3.);
#996=VECTOR('',#6307,0.48249878);
#997=VECTOR('',#6310,3.);
#998=VECTOR('',#6311,0.48249878);
#999=VECTOR('',#6312,3.);
#1000=VECTOR('',#6313,0.48249878);
#1001=VECTOR('',#6316,3.);
#1002=VECTOR('',#6317,0.482498780699993);
#1003=VECTOR('',#6318,3.);
#1004=VECTOR('',#6319,0.482498780699993);
#1005=VECTOR('',#6322,3.);
#1006=VECTOR('',#6323,0.482498780982835);
#1007=VECTOR('',#6324,3.);
#1008=VECTOR('',#6325,0.482498780982835);
#1009=VECTOR('',#6328,3.);
#1010=VECTOR('',#6329,0.482498780441267);
#1011=VECTOR('',#6330,3.);
#1012=VECTOR('',#6331,0.482498780441267);
#1013=VECTOR('',#6334,3.);
#1014=VECTOR('',#6335,0.482498780641267);
#1015=VECTOR('',#6336,3.);
#1016=VECTOR('',#6337,0.482498780641267);
#1017=VECTOR('',#6340,3.);
#1018=VECTOR('',#6341,0.482498781057498);
#1019=VECTOR('',#6342,3.);
#1020=VECTOR('',#6343,0.482498781057498);
#1021=VECTOR('',#6346,3.);
#1022=VECTOR('',#6347,0.482498781057498);
#1023=VECTOR('',#6348,3.);
#1024=VECTOR('',#6349,0.482498781057498);
#1025=VECTOR('',#6352,3.);
#1026=VECTOR('',#6353,0.482498780641267);
#1027=VECTOR('',#6354,3.);
#1028=VECTOR('',#6355,0.482498780641267);
#1029=VECTOR('',#6358,3.);
#1030=VECTOR('',#6359,0.482498780441267);
#1031=VECTOR('',#6360,3.);
#1032=VECTOR('',#6361,0.482498780441267);
#1033=VECTOR('',#6364,3.);
#1034=VECTOR('',#6365,0.482498780982835);
#1035=VECTOR('',#6366,3.);
#1036=VECTOR('',#6367,0.482498780982835);
#1037=VECTOR('',#6370,3.);
#1038=VECTOR('',#6371,0.482498780699993);
#1039=VECTOR('',#6372,3.);
#1040=VECTOR('',#6373,0.482498780699993);
#1041=VECTOR('',#6378,2.);
#1042=VECTOR('',#6381,2.);
#1043=VECTOR('',#6384,8.14767851687153);
#1044=VECTOR('',#6385,2.);
#1045=VECTOR('',#6386,8.14767851687153);
#1046=VECTOR('',#6387,2.);
#1047=VECTOR('',#6390,8.14767851687153);
#1048=VECTOR('',#6391,2.);
#1049=VECTOR('',#6392,8.14767851687153);
#1050=VECTOR('',#6393,2.);
#1051=VECTOR('',#6396,8.14767851687153);
#1052=VECTOR('',#6397,8.14767851595749);
#1053=VECTOR('',#6400,8.14767851606237);
#1054=VECTOR('',#6401,8.14767851606237);
#1055=VECTOR('',#6404,8.14767851595749);
#1056=VECTOR('',#6405,8.14767851687153);
#1057=VECTOR('',#6408,8.14767851687153);
#1058=VECTOR('',#6409,8.14767851595749);
#1059=VECTOR('',#6412,8.14767851606237);
#1060=VECTOR('',#6413,8.14767851606237);
#1061=VECTOR('',#6416,8.14767851595749);
#1062=VECTOR('',#6417,8.14767851687153);
#1063=VECTOR('',#6462,2.);
#1064=VECTOR('',#6465,2.);
#1065=VECTOR('',#6470,2.);
#1066=VECTOR('',#6473,2.);
#1067=VECTOR('',#6478,2.);
#1068=VECTOR('',#6481,2.);
#1069=VECTOR('',#6486,2.);
#1070=VECTOR('',#6489,2.);
#1071=VECTOR('',#6492,8.14767851595749);
#1072=VECTOR('',#6493,2.);
#1073=VECTOR('',#6494,8.14767851595749);
#1074=VECTOR('',#6495,2.);
#1075=VECTOR('',#6498,8.14767851606237);
#1076=VECTOR('',#6499,2.);
#1077=VECTOR('',#6500,8.14767851606237);
#1078=VECTOR('',#6501,2.);
#1079=VECTOR('',#6506,2.);
#1080=VECTOR('',#6509,2.);
#1081=VECTOR('',#6514,2.);
#1082=VECTOR('',#6517,2.);
#1083=VECTOR('',#6522,2.);
#1084=VECTOR('',#6525,2.);
#1085=VECTOR('',#6530,2.);
#1086=VECTOR('',#6533,2.);
#1087=VECTOR('',#6536,8.14767851606237);
#1088=VECTOR('',#6537,2.);
#1089=VECTOR('',#6538,8.14767851606237);
#1090=VECTOR('',#6539,2.);
#1091=VECTOR('',#6542,8.14767851595749);
#1092=VECTOR('',#6543,2.);
#1093=VECTOR('',#6544,8.14767851595749);
#1094=VECTOR('',#6545,2.);
#1095=VECTOR('',#6550,2.);
#1096=VECTOR('',#6553,2.);
#1097=VECTOR('',#6558,2.);
#1098=VECTOR('',#6561,2.);
#1099=VECTOR('',#6566,2.);
#1100=VECTOR('',#6569,2.);
#1101=VECTOR('',#6574,2.);
#1102=VECTOR('',#6577,2.);
#1103=VECTOR('',#6580,8.14767851687153);
#1104=VECTOR('',#6581,2.);
#1105=VECTOR('',#6582,8.14767851687153);
#1106=VECTOR('',#6583,2.);
#1107=VECTOR('',#6586,8.14767851687153);
#1108=VECTOR('',#6587,2.);
#1109=VECTOR('',#6588,8.14767851687153);
#1110=VECTOR('',#6589,2.);
#1111=VECTOR('',#6594,2.);
#1112=VECTOR('',#6597,2.);
#1113=VECTOR('',#6602,2.);
#1114=VECTOR('',#6605,2.);
#1115=VECTOR('',#6610,2.);
#1116=VECTOR('',#6613,2.);
#1117=VECTOR('',#6616,2.);
#1118=VECTOR('',#6619,2.);
#1119=VECTOR('',#6624,8.14767851595749);
#1120=VECTOR('',#6625,2.);
#1121=VECTOR('',#6626,8.14767851595749);
#1122=VECTOR('',#6627,2.);
#1123=VECTOR('',#6630,8.14767851606237);
#1124=VECTOR('',#6631,2.);
#1125=VECTOR('',#6632,8.14767851606237);
#1126=VECTOR('',#6633,2.);
#1127=VECTOR('',#6638,2.);
#1128=VECTOR('',#6641,2.);
#1129=VECTOR('',#6646,2.);
#1130=VECTOR('',#6649,2.);
#1131=VECTOR('',#6654,2.);
#1132=VECTOR('',#6657,2.);
#1133=VECTOR('',#6660,2.);
#1134=VECTOR('',#6663,2.);
#1135=VECTOR('',#6668,8.14767851606237);
#1136=VECTOR('',#6669,2.);
#1137=VECTOR('',#6670,8.14767851606237);
#1138=VECTOR('',#6671,2.);
#1139=VECTOR('',#6674,8.14767851595749);
#1140=VECTOR('',#6675,2.);
#1141=VECTOR('',#6676,8.14767851595749);
#1142=VECTOR('',#6677,2.);
#1143=VECTOR('',#6682,2.);
#1144=VECTOR('',#6685,2.);
#1145=VECTOR('',#6690,2.);
#1146=VECTOR('',#6693,2.);
#1147=VECTOR('',#6698,2.);
#1148=VECTOR('',#6701,2.);
#1149=VECTOR('',#6706,0.75);
#1150=VECTOR('',#6709,0.75);
#1151=VECTOR('',#6730,0.75);
#1152=VECTOR('',#6733,0.75);
#1153=VECTOR('',#6742,0.75);
#1154=VECTOR('',#6745,0.75);
#1155=CYLINDRICAL_SURFACE('',#4940,3.5);
#1156=CYLINDRICAL_SURFACE('',#4943,4.5);
#1157=CYLINDRICAL_SURFACE('',#4951,3.);
#1158=CYLINDRICAL_SURFACE('',#4954,1.);
#1159=CYLINDRICAL_SURFACE('',#4957,1.);
#1160=CYLINDRICAL_SURFACE('',#4960,1.);
#1161=CYLINDRICAL_SURFACE('',#4963,2.);
#1162=CYLINDRICAL_SURFACE('',#4966,1.);
#1163=CYLINDRICAL_SURFACE('',#4969,1.);
#1164=CYLINDRICAL_SURFACE('',#4972,1.);
#1165=CYLINDRICAL_SURFACE('',#4975,2.);
#1166=CYLINDRICAL_SURFACE('',#4978,1.);
#1167=CYLINDRICAL_SURFACE('',#4981,1.);
#1168=CYLINDRICAL_SURFACE('',#4984,1.);
#1169=CYLINDRICAL_SURFACE('',#4987,0.999999999999999);
#1170=CYLINDRICAL_SURFACE('',#4990,1.);
#1171=CYLINDRICAL_SURFACE('',#4993,1.);
#1172=CYLINDRICAL_SURFACE('',#4996,0.999999999999999);
#1173=CYLINDRICAL_SURFACE('',#4999,1.);
#1174=CYLINDRICAL_SURFACE('',#5002,1.);
#1175=CYLINDRICAL_SURFACE('',#5005,1.);
#1176=CYLINDRICAL_SURFACE('',#5008,1.);
#1177=CYLINDRICAL_SURFACE('',#5011,1.);
#1178=CYLINDRICAL_SURFACE('',#5014,4.25);
#1179=CYLINDRICAL_SURFACE('',#5017,1.7);
#1180=CYLINDRICAL_SURFACE('',#5020,1.7);
#1181=CYLINDRICAL_SURFACE('',#5023,3.);
#1182=CYLINDRICAL_SURFACE('',#5026,3.);
#1183=CYLINDRICAL_SURFACE('',#5029,3.);
#1184=CYLINDRICAL_SURFACE('',#5032,3.);
#1185=CYLINDRICAL_SURFACE('',#5035,3.);
#1186=CYLINDRICAL_SURFACE('',#5038,3.);
#1187=CYLINDRICAL_SURFACE('',#5041,3.);
#1188=CYLINDRICAL_SURFACE('',#5044,3.);
#1189=CYLINDRICAL_SURFACE('',#5047,3.);
#1190=CYLINDRICAL_SURFACE('',#5050,3.);
#1191=CYLINDRICAL_SURFACE('',#5053,3.);
#1192=CYLINDRICAL_SURFACE('',#5056,3.);
#1193=CYLINDRICAL_SURFACE('',#5059,3.);
#1194=CYLINDRICAL_SURFACE('',#5062,3.);
#1195=CYLINDRICAL_SURFACE('',#5065,3.);
#1196=CYLINDRICAL_SURFACE('',#5068,3.);
#1197=CYLINDRICAL_SURFACE('',#5071,3.);
#1198=CYLINDRICAL_SURFACE('',#5074,3.);
#1199=CYLINDRICAL_SURFACE('',#5077,3.);
#1200=CYLINDRICAL_SURFACE('',#5080,3.);
#1201=CYLINDRICAL_SURFACE('',#5083,3.);
#1202=CYLINDRICAL_SURFACE('',#5086,3.);
#1203=CYLINDRICAL_SURFACE('',#5089,3.);
#1204=CYLINDRICAL_SURFACE('',#5144,4.25);
#1205=CYLINDRICAL_SURFACE('',#5147,3.);
#1206=CYLINDRICAL_SURFACE('',#5224,2.);
#1207=CYLINDRICAL_SURFACE('',#5255,1.);
#1208=CYLINDRICAL_SURFACE('',#5258,1.);
#1209=CYLINDRICAL_SURFACE('',#5261,1.);
#1210=CYLINDRICAL_SURFACE('',#5264,2.);
#1211=CYLINDRICAL_SURFACE('',#5269,1.);
#1212=CYLINDRICAL_SURFACE('',#5272,1.);
#1213=CYLINDRICAL_SURFACE('',#5275,0.999999999999999);
#1214=CYLINDRICAL_SURFACE('',#5278,2.);
#1215=CYLINDRICAL_SURFACE('',#5283,1.);
#1216=CYLINDRICAL_SURFACE('',#5286,1.);
#1217=CYLINDRICAL_SURFACE('',#5289,0.999999999999999);
#1218=CYLINDRICAL_SURFACE('',#5292,2.);
#1219=CYLINDRICAL_SURFACE('',#5297,1.);
#1220=CYLINDRICAL_SURFACE('',#5300,1.);
#1221=CYLINDRICAL_SURFACE('',#5303,1.);
#1222=CYLINDRICAL_SURFACE('',#5306,2.);
#1223=CYLINDRICAL_SURFACE('',#5311,1.);
#1224=CYLINDRICAL_SURFACE('',#5314,1.);
#1225=CYLINDRICAL_SURFACE('',#5317,1.);
#1226=CYLINDRICAL_SURFACE('',#5320,2.);
#1227=CYLINDRICAL_SURFACE('',#5325,1.);
#1228=CYLINDRICAL_SURFACE('',#5328,1.);
#1229=CYLINDRICAL_SURFACE('',#5331,1.);
#1230=CYLINDRICAL_SURFACE('',#5334,3.);
#1231=CYLINDRICAL_SURFACE('',#5345,4.5);
#1232=CYLINDRICAL_SURFACE('',#5351,3.5);
#1233=STYLED_ITEM('',(#8581),#4759);
#1234=STYLED_ITEM('',(#8581),#4760);
#1235=STYLED_ITEM('',(#8581),#4761);
#1236=STYLED_ITEM('',(#8581),#4762);
#1237=STYLED_ITEM('',(#8581),#4763);
#1238=STYLED_ITEM('',(#8581),#4764);
#1239=STYLED_ITEM('',(#8581),#4765);
#1240=STYLED_ITEM('',(#8581),#4766);
#1241=STYLED_ITEM('',(#8581),#4767);
#1242=STYLED_ITEM('',(#8581),#4768);
#1243=STYLED_ITEM('',(#8581),#4769);
#1244=STYLED_ITEM('',(#8581),#4770);
#1245=STYLED_ITEM('',(#8581),#4771);
#1246=STYLED_ITEM('',(#8581),#4772);
#1247=STYLED_ITEM('',(#8581),#4773);
#1248=STYLED_ITEM('',(#8581),#4774);
#1249=STYLED_ITEM('',(#8581),#4775);
#1250=STYLED_ITEM('',(#8581),#4776);
#1251=STYLED_ITEM('',(#8581),#4777);
#1252=STYLED_ITEM('',(#8581),#4778);
#1253=STYLED_ITEM('',(#8581),#4779);
#1254=STYLED_ITEM('',(#8581),#4780);
#1255=STYLED_ITEM('',(#8581),#4781);
#1256=STYLED_ITEM('',(#8581),#4782);
#1257=STYLED_ITEM('',(#8581),#4783);
#1258=STYLED_ITEM('',(#8581),#4784);
#1259=STYLED_ITEM('',(#8581),#4785);
#1260=STYLED_ITEM('',(#8581),#4786);
#1261=STYLED_ITEM('',(#8581),#4787);
#1262=STYLED_ITEM('',(#8581),#4788);
#1263=STYLED_ITEM('',(#8581),#4789);
#1264=STYLED_ITEM('',(#8581),#4790);
#1265=STYLED_ITEM('',(#8581),#4791);
#1266=STYLED_ITEM('',(#8581),#4792);
#1267=STYLED_ITEM('',(#8581),#4793);
#1268=STYLED_ITEM('',(#8581),#4794);
#1269=STYLED_ITEM('',(#8581),#4795);
#1270=STYLED_ITEM('',(#8581),#4796);
#1271=STYLED_ITEM('',(#8581),#4797);
#1272=STYLED_ITEM('',(#8581),#4798);
#1273=STYLED_ITEM('',(#8581),#4799);
#1274=STYLED_ITEM('',(#8581),#4800);
#1275=STYLED_ITEM('',(#8581),#4801);
#1276=STYLED_ITEM('',(#8581),#4802);
#1277=STYLED_ITEM('',(#8581),#4803);
#1278=STYLED_ITEM('',(#8581),#4804);
#1279=STYLED_ITEM('',(#8581),#4805);
#1280=STYLED_ITEM('',(#8581),#4806);
#1281=STYLED_ITEM('',(#8581),#4807);
#1282=STYLED_ITEM('',(#8581),#4808);
#1283=STYLED_ITEM('',(#8581),#4809);
#1284=STYLED_ITEM('',(#8581),#4810);
#1285=STYLED_ITEM('',(#8581),#4811);
#1286=STYLED_ITEM('',(#8581),#4812);
#1287=STYLED_ITEM('',(#8581),#4813);
#1288=STYLED_ITEM('',(#8581),#4814);
#1289=STYLED_ITEM('',(#8581),#4815);
#1290=STYLED_ITEM('',(#8581),#4816);
#1291=STYLED_ITEM('',(#8581),#4817);
#1292=STYLED_ITEM('',(#8581),#4818);
#1293=STYLED_ITEM('',(#8581),#4819);
#1294=STYLED_ITEM('',(#8581),#4820);
#1295=STYLED_ITEM('',(#8581),#4821);
#1296=STYLED_ITEM('',(#8581),#4822);
#1297=STYLED_ITEM('',(#8581),#4823);
#1298=STYLED_ITEM('',(#8581),#4824);
#1299=STYLED_ITEM('',(#8581),#4825);
#1300=STYLED_ITEM('',(#8581),#4826);
#1301=STYLED_ITEM('',(#8581),#4827);
#1302=STYLED_ITEM('',(#8581),#4828);
#1303=STYLED_ITEM('',(#8581),#4829);
#1304=STYLED_ITEM('',(#8581),#4830);
#1305=STYLED_ITEM('',(#8581),#4831);
#1306=STYLED_ITEM('',(#8581),#4832);
#1307=STYLED_ITEM('',(#8581),#4833);
#1308=STYLED_ITEM('',(#8581),#4834);
#1309=STYLED_ITEM('',(#8581),#4835);
#1310=STYLED_ITEM('',(#8581),#4836);
#1311=STYLED_ITEM('',(#8581),#4837);
#1312=STYLED_ITEM('',(#8581),#4838);
#1313=STYLED_ITEM('',(#8581),#4839);
#1314=STYLED_ITEM('',(#8581),#4840);
#1315=STYLED_ITEM('',(#8581),#4841);
#1316=STYLED_ITEM('',(#8581),#4842);
#1317=STYLED_ITEM('',(#8581),#4843);
#1318=STYLED_ITEM('',(#8581),#4844);
#1319=STYLED_ITEM('',(#8581),#4845);
#1320=STYLED_ITEM('',(#8581),#4846);
#1321=STYLED_ITEM('',(#8581),#4847);
#1322=STYLED_ITEM('',(#8581),#4848);
#1323=STYLED_ITEM('',(#8581),#4849);
#1324=STYLED_ITEM('',(#8581),#4850);
#1325=STYLED_ITEM('',(#8581),#4851);
#1326=STYLED_ITEM('',(#8581),#4852);
#1327=STYLED_ITEM('',(#8581),#4853);
#1328=STYLED_ITEM('',(#8581),#4854);
#1329=STYLED_ITEM('',(#8581),#4855);
#1330=STYLED_ITEM('',(#8581),#4856);
#1331=STYLED_ITEM('',(#8581),#4857);
#1332=STYLED_ITEM('',(#8581),#4858);
#1333=STYLED_ITEM('',(#8581),#4859);
#1334=STYLED_ITEM('',(#8581),#4860);
#1335=STYLED_ITEM('',(#8581),#4861);
#1336=STYLED_ITEM('',(#8581),#4862);
#1337=STYLED_ITEM('',(#8581),#4863);
#1338=STYLED_ITEM('',(#8581),#4864);
#1339=STYLED_ITEM('',(#8581),#4865);
#1340=STYLED_ITEM('',(#8581),#4866);
#1341=STYLED_ITEM('',(#8581),#4867);
#1342=STYLED_ITEM('',(#8581),#4868);
#1343=STYLED_ITEM('',(#8581),#4869);
#1344=STYLED_ITEM('',(#8581),#4870);
#1345=STYLED_ITEM('',(#8581),#4871);
#1346=STYLED_ITEM('',(#8581),#4872);
#1347=STYLED_ITEM('',(#8581),#4873);
#1348=STYLED_ITEM('',(#8581),#4874);
#1349=STYLED_ITEM('',(#8581),#4875);
#1350=STYLED_ITEM('',(#8581),#4876);
#1351=STYLED_ITEM('',(#8581),#4877);
#1352=STYLED_ITEM('',(#8581),#4878);
#1353=STYLED_ITEM('',(#8581),#4879);
#1354=STYLED_ITEM('',(#8581),#4880);
#1355=STYLED_ITEM('',(#8581),#4881);
#1356=STYLED_ITEM('',(#8581),#4882);
#1357=STYLED_ITEM('',(#8581),#4883);
#1358=STYLED_ITEM('',(#8581),#4884);
#1359=STYLED_ITEM('',(#8581),#4885);
#1360=STYLED_ITEM('',(#8581),#4886);
#1361=STYLED_ITEM('',(#8581),#4887);
#1362=STYLED_ITEM('',(#8581),#4888);
#1363=STYLED_ITEM('',(#8581),#4889);
#1364=STYLED_ITEM('',(#8581),#4890);
#1365=STYLED_ITEM('',(#8581),#4891);
#1366=STYLED_ITEM('',(#8581),#4892);
#1367=STYLED_ITEM('',(#8581),#4893);
#1368=STYLED_ITEM('',(#8581),#4894);
#1369=STYLED_ITEM('',(#8581),#4895);
#1370=STYLED_ITEM('',(#8581),#4896);
#1371=STYLED_ITEM('',(#8581),#4897);
#1372=STYLED_ITEM('',(#8581),#4898);
#1373=STYLED_ITEM('',(#8581),#4899);
#1374=STYLED_ITEM('',(#8581),#4900);
#1375=STYLED_ITEM('',(#8581),#4901);
#1376=STYLED_ITEM('',(#8581),#4902);
#1377=STYLED_ITEM('',(#8581),#4903);
#1378=STYLED_ITEM('',(#8581),#4904);
#1379=STYLED_ITEM('',(#8581),#4905);
#1380=STYLED_ITEM('',(#8581),#4906);
#1381=STYLED_ITEM('',(#8581),#4907);
#1382=STYLED_ITEM('',(#8581),#4908);
#1383=STYLED_ITEM('',(#8581),#4909);
#1384=STYLED_ITEM('',(#8581),#4910);
#1385=FACE_OUTER_BOUND('',#1537,.T.);
#1386=FACE_OUTER_BOUND('',#1538,.T.);
#1387=FACE_OUTER_BOUND('',#1539,.T.);
#1388=FACE_OUTER_BOUND('',#1540,.T.);
#1389=FACE_OUTER_BOUND('',#1541,.T.);
#1390=FACE_OUTER_BOUND('',#1542,.T.);
#1391=FACE_OUTER_BOUND('',#1543,.T.);
#1392=FACE_OUTER_BOUND('',#1544,.T.);
#1393=FACE_OUTER_BOUND('',#1545,.T.);
#1394=FACE_OUTER_BOUND('',#1546,.T.);
#1395=FACE_OUTER_BOUND('',#1547,.T.);
#1396=FACE_OUTER_BOUND('',#1548,.T.);
#1397=FACE_OUTER_BOUND('',#1549,.T.);
#1398=FACE_OUTER_BOUND('',#1550,.T.);
#1399=FACE_OUTER_BOUND('',#1551,.T.);
#1400=FACE_OUTER_BOUND('',#1552,.T.);
#1401=FACE_OUTER_BOUND('',#1553,.T.);
#1402=FACE_OUTER_BOUND('',#1554,.T.);
#1403=FACE_OUTER_BOUND('',#1555,.T.);
#1404=FACE_OUTER_BOUND('',#1556,.T.);
#1405=FACE_OUTER_BOUND('',#1557,.T.);
#1406=FACE_OUTER_BOUND('',#1558,.T.);
#1407=FACE_OUTER_BOUND('',#1559,.T.);
#1408=FACE_OUTER_BOUND('',#1560,.T.);
#1409=FACE_OUTER_BOUND('',#1561,.T.);
#1410=FACE_OUTER_BOUND('',#1562,.T.);
#1411=FACE_OUTER_BOUND('',#1563,.T.);
#1412=FACE_OUTER_BOUND('',#1564,.T.);
#1413=FACE_OUTER_BOUND('',#1565,.T.);
#1414=FACE_OUTER_BOUND('',#1566,.T.);
#1415=FACE_OUTER_BOUND('',#1567,.T.);
#1416=FACE_OUTER_BOUND('',#1568,.T.);
#1417=FACE_OUTER_BOUND('',#1569,.T.);
#1418=FACE_OUTER_BOUND('',#1570,.T.);
#1419=FACE_OUTER_BOUND('',#1571,.T.);
#1420=FACE_OUTER_BOUND('',#1572,.T.);
#1421=FACE_OUTER_BOUND('',#1573,.T.);
#1422=FACE_OUTER_BOUND('',#1574,.T.);
#1423=FACE_OUTER_BOUND('',#1575,.T.);
#1424=FACE_OUTER_BOUND('',#1576,.T.);
#1425=FACE_OUTER_BOUND('',#1577,.T.);
#1426=FACE_OUTER_BOUND('',#1578,.T.);
#1427=FACE_OUTER_BOUND('',#1579,.T.);
#1428=FACE_OUTER_BOUND('',#1580,.T.);
#1429=FACE_OUTER_BOUND('',#1581,.T.);
#1430=FACE_OUTER_BOUND('',#1582,.T.);
#1431=FACE_OUTER_BOUND('',#1583,.T.);
#1432=FACE_OUTER_BOUND('',#1584,.T.);
#1433=FACE_OUTER_BOUND('',#1585,.T.);
#1434=FACE_OUTER_BOUND('',#1586,.T.);
#1435=FACE_OUTER_BOUND('',#1587,.T.);
#1436=FACE_OUTER_BOUND('',#1588,.T.);
#1437=FACE_OUTER_BOUND('',#1589,.T.);
#1438=FACE_OUTER_BOUND('',#1590,.T.);
#1439=FACE_OUTER_BOUND('',#1610,.T.);
#1440=FACE_OUTER_BOUND('',#1612,.T.);
#1441=FACE_OUTER_BOUND('',#1613,.T.);
#1442=FACE_OUTER_BOUND('',#1614,.T.);
#1443=FACE_OUTER_BOUND('',#1616,.T.);
#1444=FACE_OUTER_BOUND('',#1617,.T.);
#1445=FACE_OUTER_BOUND('',#1618,.T.);
#1446=FACE_OUTER_BOUND('',#1619,.T.);
#1447=FACE_OUTER_BOUND('',#1620,.T.);
#1448=FACE_OUTER_BOUND('',#1621,.T.);
#1449=FACE_OUTER_BOUND('',#1622,.T.);
#1450=FACE_OUTER_BOUND('',#1623,.T.);
#1451=FACE_OUTER_BOUND('',#1624,.T.);
#1452=FACE_OUTER_BOUND('',#1625,.T.);
#1453=FACE_OUTER_BOUND('',#1626,.T.);
#1454=FACE_OUTER_BOUND('',#1627,.T.);
#1455=FACE_OUTER_BOUND('',#1628,.T.);
#1456=FACE_OUTER_BOUND('',#1629,.T.);
#1457=FACE_OUTER_BOUND('',#1630,.T.);
#1458=FACE_OUTER_BOUND('',#1631,.T.);
#1459=FACE_OUTER_BOUND('',#1632,.T.);
#1460=FACE_OUTER_BOUND('',#1633,.T.);
#1461=FACE_OUTER_BOUND('',#1634,.T.);
#1462=FACE_OUTER_BOUND('',#1635,.T.);
#1463=FACE_OUTER_BOUND('',#1636,.T.);
#1464=FACE_OUTER_BOUND('',#1637,.T.);
#1465=FACE_OUTER_BOUND('',#1638,.T.);
#1466=FACE_OUTER_BOUND('',#1639,.T.);
#1467=FACE_OUTER_BOUND('',#1640,.T.);
#1468=FACE_OUTER_BOUND('',#1641,.T.);
#1469=FACE_OUTER_BOUND('',#1642,.T.);
#1470=FACE_OUTER_BOUND('',#1643,.T.);
#1471=FACE_OUTER_BOUND('',#1644,.T.);
#1472=FACE_OUTER_BOUND('',#1645,.T.);
#1473=FACE_OUTER_BOUND('',#1646,.T.);
#1474=FACE_OUTER_BOUND('',#1647,.T.);
#1475=FACE_OUTER_BOUND('',#1648,.T.);
#1476=FACE_OUTER_BOUND('',#1649,.T.);
#1477=FACE_OUTER_BOUND('',#1650,.T.);
#1478=FACE_OUTER_BOUND('',#1651,.T.);
#1479=FACE_OUTER_BOUND('',#1652,.T.);
#1480=FACE_OUTER_BOUND('',#1653,.T.);
#1481=FACE_OUTER_BOUND('',#1654,.T.);
#1482=FACE_OUTER_BOUND('',#1655,.T.);
#1483=FACE_OUTER_BOUND('',#1656,.T.);
#1484=FACE_OUTER_BOUND('',#1657,.T.);
#1485=FACE_OUTER_BOUND('',#1658,.T.);
#1486=FACE_OUTER_BOUND('',#1659,.T.);
#1487=FACE_OUTER_BOUND('',#1660,.T.);
#1488=FACE_OUTER_BOUND('',#1661,.T.);
#1489=FACE_OUTER_BOUND('',#1662,.T.);
#1490=FACE_OUTER_BOUND('',#1663,.T.);
#1491=FACE_OUTER_BOUND('',#1664,.T.);
#1492=FACE_OUTER_BOUND('',#1665,.T.);
#1493=FACE_OUTER_BOUND('',#1666,.T.);
#1494=FACE_OUTER_BOUND('',#1667,.T.);
#1495=FACE_OUTER_BOUND('',#1687,.T.);
#1496=FACE_OUTER_BOUND('',#1688,.T.);
#1497=FACE_OUTER_BOUND('',#1689,.T.);
#1498=FACE_OUTER_BOUND('',#1690,.T.);
#1499=FACE_OUTER_BOUND('',#1691,.T.);
#1500=FACE_OUTER_BOUND('',#1692,.T.);
#1501=FACE_OUTER_BOUND('',#1693,.T.);
#1502=FACE_OUTER_BOUND('',#1694,.T.);
#1503=FACE_OUTER_BOUND('',#1695,.T.);
#1504=FACE_OUTER_BOUND('',#1696,.T.);
#1505=FACE_OUTER_BOUND('',#1697,.T.);
#1506=FACE_OUTER_BOUND('',#1698,.T.);
#1507=FACE_OUTER_BOUND('',#1699,.T.);
#1508=FACE_OUTER_BOUND('',#1700,.T.);
#1509=FACE_OUTER_BOUND('',#1701,.T.);
#1510=FACE_OUTER_BOUND('',#1702,.T.);
#1511=FACE_OUTER_BOUND('',#1703,.T.);
#1512=FACE_OUTER_BOUND('',#1704,.T.);
#1513=FACE_OUTER_BOUND('',#1705,.T.);
#1514=FACE_OUTER_BOUND('',#1706,.T.);
#1515=FACE_OUTER_BOUND('',#1707,.T.);
#1516=FACE_OUTER_BOUND('',#1708,.T.);
#1517=FACE_OUTER_BOUND('',#1709,.T.);
#1518=FACE_OUTER_BOUND('',#1710,.T.);
#1519=FACE_OUTER_BOUND('',#1711,.T.);
#1520=FACE_OUTER_BOUND('',#1712,.T.);
#1521=FACE_OUTER_BOUND('',#1713,.T.);
#1522=FACE_OUTER_BOUND('',#1714,.T.);
#1523=FACE_OUTER_BOUND('',#1715,.T.);
#1524=FACE_OUTER_BOUND('',#1716,.T.);
#1525=FACE_OUTER_BOUND('',#1717,.T.);
#1526=FACE_OUTER_BOUND('',#1718,.T.);
#1527=FACE_OUTER_BOUND('',#1719,.T.);
#1528=FACE_OUTER_BOUND('',#1720,.T.);
#1529=FACE_OUTER_BOUND('',#1721,.T.);
#1530=FACE_OUTER_BOUND('',#1723,.T.);
#1531=FACE_OUTER_BOUND('',#1724,.T.);
#1532=FACE_OUTER_BOUND('',#1725,.T.);
#1533=FACE_OUTER_BOUND('',#1727,.T.);
#1534=FACE_OUTER_BOUND('',#1728,.T.);
#1535=FACE_OUTER_BOUND('',#1729,.T.);
#1536=FACE_OUTER_BOUND('',#1730,.T.);
#1537=EDGE_LOOP('',(#3639,#3640,#3641,#3642));
#1538=EDGE_LOOP('',(#3643,#3644,#3645,#3646));
#1539=EDGE_LOOP('',(#3647,#3648,#3649,#3650));
#1540=EDGE_LOOP('',(#3651,#3652,#3653,#3654));
#1541=EDGE_LOOP('',(#3655,#3656,#3657,#3658));
#1542=EDGE_LOOP('',(#3659,#3660,#3661,#3662));
#1543=EDGE_LOOP('',(#3663,#3664,#3665,#3666));
#1544=EDGE_LOOP('',(#3667,#3668,#3669,#3670));
#1545=EDGE_LOOP('',(#3671,#3672,#3673,#3674));
#1546=EDGE_LOOP('',(#3675,#3676,#3677,#3678));
#1547=EDGE_LOOP('',(#3679,#3680,#3681,#3682));
#1548=EDGE_LOOP('',(#3683,#3684,#3685,#3686));
#1549=EDGE_LOOP('',(#3687,#3688,#3689,#3690));
#1550=EDGE_LOOP('',(#3691,#3692,#3693,#3694));
#1551=EDGE_LOOP('',(#3695,#3696,#3697,#3698));
#1552=EDGE_LOOP('',(#3699,#3700,#3701,#3702));
#1553=EDGE_LOOP('',(#3703,#3704,#3705,#3706));
#1554=EDGE_LOOP('',(#3707,#3708,#3709,#3710));
#1555=EDGE_LOOP('',(#3711,#3712,#3713,#3714));
#1556=EDGE_LOOP('',(#3715,#3716,#3717,#3718));
#1557=EDGE_LOOP('',(#3719,#3720,#3721,#3722));
#1558=EDGE_LOOP('',(#3723,#3724,#3725,#3726));
#1559=EDGE_LOOP('',(#3727,#3728,#3729,#3730));
#1560=EDGE_LOOP('',(#3731,#3732,#3733,#3734));
#1561=EDGE_LOOP('',(#3735,#3736,#3737,#3738));
#1562=EDGE_LOOP('',(#3739,#3740,#3741,#3742));
#1563=EDGE_LOOP('',(#3743,#3744,#3745,#3746));
#1564=EDGE_LOOP('',(#3747,#3748,#3749,#3750));
#1565=EDGE_LOOP('',(#3751,#3752,#3753,#3754));
#1566=EDGE_LOOP('',(#3755,#3756,#3757,#3758));
#1567=EDGE_LOOP('',(#3759,#3760,#3761,#3762));
#1568=EDGE_LOOP('',(#3763,#3764,#3765,#3766));
#1569=EDGE_LOOP('',(#3767,#3768,#3769,#3770));
#1570=EDGE_LOOP('',(#3771,#3772,#3773,#3774));
#1571=EDGE_LOOP('',(#3775,#3776,#3777,#3778));
#1572=EDGE_LOOP('',(#3779,#3780,#3781,#3782));
#1573=EDGE_LOOP('',(#3783,#3784,#3785,#3786));
#1574=EDGE_LOOP('',(#3787,#3788,#3789,#3790));
#1575=EDGE_LOOP('',(#3791,#3792,#3793,#3794));
#1576=EDGE_LOOP('',(#3795,#3796,#3797,#3798));
#1577=EDGE_LOOP('',(#3799,#3800,#3801,#3802));
#1578=EDGE_LOOP('',(#3803,#3804,#3805,#3806));
#1579=EDGE_LOOP('',(#3807,#3808,#3809,#3810));
#1580=EDGE_LOOP('',(#3811,#3812,#3813,#3814));
#1581=EDGE_LOOP('',(#3815,#3816,#3817,#3818));
#1582=EDGE_LOOP('',(#3819,#3820,#3821,#3822));
#1583=EDGE_LOOP('',(#3823,#3824,#3825,#3826));
#1584=EDGE_LOOP('',(#3827,#3828,#3829,#3830));
#1585=EDGE_LOOP('',(#3831,#3832,#3833,#3834));
#1586=EDGE_LOOP('',(#3835,#3836,#3837,#3838));
#1587=EDGE_LOOP('',(#3839,#3840,#3841,#3842));
#1588=EDGE_LOOP('',(#3843,#3844,#3845,#3846));
#1589=EDGE_LOOP('',(#3847,#3848,#3849,#3850));
#1590=EDGE_LOOP('',(#3851,#3852,#3853,#3854,#3855,#3856,#3857,#3858,#3859,
#3860,#3861,#3862,#3863,#3864,#3865,#3866,#3867,#3868));
#1591=EDGE_LOOP('',(#3869));
#1592=EDGE_LOOP('',(#3870));
#1593=EDGE_LOOP('',(#3871));
#1594=EDGE_LOOP('',(#3872));
#1595=EDGE_LOOP('',(#3873));
#1596=EDGE_LOOP('',(#3874));
#1597=EDGE_LOOP('',(#3875));
#1598=EDGE_LOOP('',(#3876));
#1599=EDGE_LOOP('',(#3877));
#1600=EDGE_LOOP('',(#3878));
#1601=EDGE_LOOP('',(#3879));
#1602=EDGE_LOOP('',(#3880));
#1603=EDGE_LOOP('',(#3881));
#1604=EDGE_LOOP('',(#3882));
#1605=EDGE_LOOP('',(#3883));
#1606=EDGE_LOOP('',(#3884));
#1607=EDGE_LOOP('',(#3885));
#1608=EDGE_LOOP('',(#3886));
#1609=EDGE_LOOP('',(#3887));
#1610=EDGE_LOOP('',(#3888));
#1611=EDGE_LOOP('',(#3889,#3890,#3891,#3892,#3893,#3894,#3895,#3896,#3897,
#3898,#3899,#3900,#3901,#3902,#3903,#3904,#3905,#3906,#3907,#3908,#3909,
#3910,#3911,#3912,#3913,#3914,#3915,#3916,#3917,#3918,#3919,#3920,#3921,
#3922,#3923,#3924,#3925,#3926,#3927,#3928,#3929,#3930,#3931,#3932,#3933,
#3934,#3935,#3936,#3937,#3938,#3939,#3940,#3941,#3942,#3943,#3944,#3945,
#3946,#3947,#3948,#3949,#3950,#3951,#3952,#3953,#3954,#3955,#3956,#3957,
#3958,#3959,#3960));
#1612=EDGE_LOOP('',(#3961,#3962,#3963,#3964));
#1613=EDGE_LOOP('',(#3965,#3966,#3967,#3968));
#1614=EDGE_LOOP('',(#3969,#3970,#3971,#3972,#3973,#3974,#3975,#3976,#3977,
#3978,#3979,#3980,#3981,#3982,#3983,#3984,#3985,#3986,#3987,#3988,#3989,
#3990,#3991,#3992,#3993,#3994,#3995,#3996,#3997,#3998,#3999,#4000,#4001,
#4002,#4003,#4004,#4005,#4006,#4007,#4008,#4009,#4010,#4011,#4012,#4013,
#4014,#4015,#4016,#4017,#4018,#4019,#4020,#4021,#4022,#4023,#4024,#4025,
#4026,#4027,#4028,#4029,#4030,#4031,#4032,#4033,#4034,#4035,#4036,#4037,
#4038,#4039,#4040));
#1615=EDGE_LOOP('',(#4041));
#1616=EDGE_LOOP('',(#4042,#4043,#4044,#4045));
#1617=EDGE_LOOP('',(#4046,#4047,#4048,#4049));
#1618=EDGE_LOOP('',(#4050,#4051,#4052,#4053));
#1619=EDGE_LOOP('',(#4054,#4055,#4056,#4057));
#1620=EDGE_LOOP('',(#4058,#4059,#4060,#4061));
#1621=EDGE_LOOP('',(#4062,#4063,#4064,#4065));
#1622=EDGE_LOOP('',(#4066,#4067,#4068,#4069));
#1623=EDGE_LOOP('',(#4070,#4071,#4072,#4073));
#1624=EDGE_LOOP('',(#4074,#4075,#4076,#4077));
#1625=EDGE_LOOP('',(#4078,#4079,#4080,#4081));
#1626=EDGE_LOOP('',(#4082,#4083,#4084,#4085));
#1627=EDGE_LOOP('',(#4086,#4087,#4088,#4089));
#1628=EDGE_LOOP('',(#4090,#4091,#4092,#4093));
#1629=EDGE_LOOP('',(#4094,#4095,#4096,#4097));
#1630=EDGE_LOOP('',(#4098,#4099,#4100,#4101));
#1631=EDGE_LOOP('',(#4102,#4103,#4104,#4105));
#1632=EDGE_LOOP('',(#4106,#4107,#4108,#4109));
#1633=EDGE_LOOP('',(#4110,#4111,#4112,#4113));
#1634=EDGE_LOOP('',(#4114,#4115,#4116,#4117));
#1635=EDGE_LOOP('',(#4118,#4119,#4120,#4121));
#1636=EDGE_LOOP('',(#4122,#4123,#4124,#4125));
#1637=EDGE_LOOP('',(#4126,#4127,#4128,#4129));
#1638=EDGE_LOOP('',(#4130,#4131,#4132,#4133));
#1639=EDGE_LOOP('',(#4134,#4135,#4136,#4137));
#1640=EDGE_LOOP('',(#4138,#4139,#4140,#4141));
#1641=EDGE_LOOP('',(#4142,#4143,#4144,#4145));
#1642=EDGE_LOOP('',(#4146,#4147,#4148,#4149));
#1643=EDGE_LOOP('',(#4150,#4151,#4152,#4153));
#1644=EDGE_LOOP('',(#4154,#4155,#4156,#4157));
#1645=EDGE_LOOP('',(#4158,#4159,#4160,#4161));
#1646=EDGE_LOOP('',(#4162,#4163,#4164,#4165));
#1647=EDGE_LOOP('',(#4166,#4167,#4168,#4169));
#1648=EDGE_LOOP('',(#4170,#4171,#4172,#4173));
#1649=EDGE_LOOP('',(#4174,#4175,#4176,#4177));
#1650=EDGE_LOOP('',(#4178,#4179,#4180,#4181));
#1651=EDGE_LOOP('',(#4182,#4183,#4184,#4185));
#1652=EDGE_LOOP('',(#4186,#4187,#4188,#4189));
#1653=EDGE_LOOP('',(#4190,#4191,#4192,#4193));
#1654=EDGE_LOOP('',(#4194,#4195,#4196,#4197));
#1655=EDGE_LOOP('',(#4198,#4199,#4200,#4201));
#1656=EDGE_LOOP('',(#4202,#4203,#4204,#4205));
#1657=EDGE_LOOP('',(#4206,#4207,#4208,#4209));
#1658=EDGE_LOOP('',(#4210,#4211,#4212,#4213));
#1659=EDGE_LOOP('',(#4214,#4215,#4216,#4217));
#1660=EDGE_LOOP('',(#4218,#4219,#4220,#4221));
#1661=EDGE_LOOP('',(#4222,#4223,#4224,#4225));
#1662=EDGE_LOOP('',(#4226,#4227,#4228,#4229));
#1663=EDGE_LOOP('',(#4230,#4231,#4232,#4233));
#1664=EDGE_LOOP('',(#4234,#4235,#4236,#4237));
#1665=EDGE_LOOP('',(#4238,#4239,#4240,#4241));
#1666=EDGE_LOOP('',(#4242,#4243,#4244,#4245));
#1667=EDGE_LOOP('',(#4246,#4247,#4248,#4249,#4250,#4251,#4252,#4253,#4254,
#4255,#4256,#4257,#4258,#4259,#4260,#4261,#4262,#4263));
#1668=EDGE_LOOP('',(#4264));
#1669=EDGE_LOOP('',(#4265));
#1670=EDGE_LOOP('',(#4266));
#1671=EDGE_LOOP('',(#4267));
#1672=EDGE_LOOP('',(#4268));
#1673=EDGE_LOOP('',(#4269));
#1674=EDGE_LOOP('',(#4270));
#1675=EDGE_LOOP('',(#4271));
#1676=EDGE_LOOP('',(#4272));
#1677=EDGE_LOOP('',(#4273));
#1678=EDGE_LOOP('',(#4274));
#1679=EDGE_LOOP('',(#4275));
#1680=EDGE_LOOP('',(#4276));
#1681=EDGE_LOOP('',(#4277));
#1682=EDGE_LOOP('',(#4278));
#1683=EDGE_LOOP('',(#4279));
#1684=EDGE_LOOP('',(#4280));
#1685=EDGE_LOOP('',(#4281));
#1686=EDGE_LOOP('',(#4282));
#1687=EDGE_LOOP('',(#4283,#4284,#4285,#4286));
#1688=EDGE_LOOP('',(#4287,#4288,#4289,#4290));
#1689=EDGE_LOOP('',(#4291,#4292,#4293,#4294));
#1690=EDGE_LOOP('',(#4295,#4296,#4297,#4298));
#1691=EDGE_LOOP('',(#4299,#4300,#4301,#4302));
#1692=EDGE_LOOP('',(#4303,#4304,#4305,#4306));
#1693=EDGE_LOOP('',(#4307,#4308,#4309,#4310));
#1694=EDGE_LOOP('',(#4311,#4312,#4313,#4314));
#1695=EDGE_LOOP('',(#4315,#4316,#4317,#4318));
#1696=EDGE_LOOP('',(#4319,#4320,#4321,#4322));
#1697=EDGE_LOOP('',(#4323,#4324,#4325,#4326));
#1698=EDGE_LOOP('',(#4327,#4328,#4329,#4330));
#1699=EDGE_LOOP('',(#4331,#4332,#4333,#4334));
#1700=EDGE_LOOP('',(#4335,#4336,#4337,#4338));
#1701=EDGE_LOOP('',(#4339,#4340,#4341,#4342));
#1702=EDGE_LOOP('',(#4343,#4344,#4345,#4346));
#1703=EDGE_LOOP('',(#4347,#4348,#4349,#4350));
#1704=EDGE_LOOP('',(#4351,#4352,#4353,#4354));
#1705=EDGE_LOOP('',(#4355,#4356,#4357,#4358));
#1706=EDGE_LOOP('',(#4359,#4360,#4361,#4362));
#1707=EDGE_LOOP('',(#4363,#4364,#4365,#4366));
#1708=EDGE_LOOP('',(#4367,#4368,#4369,#4370));
#1709=EDGE_LOOP('',(#4371,#4372,#4373,#4374));
#1710=EDGE_LOOP('',(#4375,#4376,#4377,#4378));
#1711=EDGE_LOOP('',(#4379,#4380,#4381,#4382));
#1712=EDGE_LOOP('',(#4383,#4384,#4385,#4386));
#1713=EDGE_LOOP('',(#4387,#4388,#4389,#4390));
#1714=EDGE_LOOP('',(#4391,#4392,#4393,#4394));
#1715=EDGE_LOOP('',(#4395,#4396,#4397,#4398));
#1716=EDGE_LOOP('',(#4399,#4400,#4401,#4402));
#1717=EDGE_LOOP('',(#4403,#4404,#4405,#4406));
#1718=EDGE_LOOP('',(#4407,#4408,#4409,#4410));
#1719=EDGE_LOOP('',(#4411,#4412,#4413,#4414));
#1720=EDGE_LOOP('',(#4415,#4416,#4417,#4418));
#1721=EDGE_LOOP('',(#4419));
#1722=EDGE_LOOP('',(#4420));
#1723=EDGE_LOOP('',(#4421,#4422,#4423,#4424));
#1724=EDGE_LOOP('',(#4425,#4426,#4427,#4428));
#1725=EDGE_LOOP('',(#4429));
#1726=EDGE_LOOP('',(#4430));
#1727=EDGE_LOOP('',(#4431,#4432,#4433,#4434));
#1728=EDGE_LOOP('',(#4435,#4436,#4437,#4438));
#1729=EDGE_LOOP('',(#4439,#4440,#4441,#4442));
#1730=EDGE_LOOP('',(#4443,#4444,#4445,#4446));
#1731=CIRCLE('',#4926,3.25);
#1732=CIRCLE('',#4927,0.25);
#1733=CIRCLE('',#4928,3.);
#1734=CIRCLE('',#4929,0.25);
#1735=CIRCLE('',#4931,3.5);
#1736=CIRCLE('',#4932,0.25);
#1737=CIRCLE('',#4933,3.25);
#1738=CIRCLE('',#4934,0.25);
#1739=CIRCLE('',#4936,4.75);
#1740=CIRCLE('',#4937,0.25);
#1741=CIRCLE('',#4938,4.5);
#1742=CIRCLE('',#4939,0.25);
#1743=CIRCLE('',#4941,3.5);
#1744=CIRCLE('',#4942,3.5);
#1745=CIRCLE('',#4944,4.5);
#1746=CIRCLE('',#4945,4.5);
#1747=CIRCLE('',#4947,4.05);
#1748=CIRCLE('',#4948,0.2);
#1749=CIRCLE('',#4949,4.25);
#1750=CIRCLE('',#4950,0.2);
#1751=CIRCLE('',#4952,3.);
#1752=CIRCLE('',#4953,3.);
#1753=CIRCLE('',#4955,1.);
#1754=CIRCLE('',#4956,1.);
#1755=CIRCLE('',#4958,1.);
#1756=CIRCLE('',#4959,1.);
#1757=CIRCLE('',#4961,1.);
#1758=CIRCLE('',#4962,1.);
#1759=CIRCLE('',#4964,2.00000000023552);
#1760=CIRCLE('',#4965,2.);
#1761=CIRCLE('',#4967,1.);
#1762=CIRCLE('',#4968,1.);
#1763=CIRCLE('',#4970,1.);
#1764=CIRCLE('',#4971,1.);
#1765=CIRCLE('',#4973,1.);
#1766=CIRCLE('',#4974,1.);
#1767=CIRCLE('',#4976,1.99999999975557);
#1768=CIRCLE('',#4977,2.);
#1769=CIRCLE('',#4979,1.);
#1770=CIRCLE('',#4980,1.);
#1771=CIRCLE('',#4982,1.);
#1772=CIRCLE('',#4983,1.);
#1773=CIRCLE('',#4985,1.);
#1774=CIRCLE('',#4986,1.);
#1775=CIRCLE('',#4988,1.);
#1776=CIRCLE('',#4989,1.);
#1777=CIRCLE('',#4991,1.);
#1778=CIRCLE('',#4992,1.);
#1779=CIRCLE('',#4994,1.);
#1780=CIRCLE('',#4995,1.);
#1781=CIRCLE('',#4997,1.);
#1782=CIRCLE('',#4998,1.);
#1783=CIRCLE('',#5000,1.);
#1784=CIRCLE('',#5001,1.);
#1785=CIRCLE('',#5003,1.);
#1786=CIRCLE('',#5004,1.);
#1787=CIRCLE('',#5006,1.);
#1788=CIRCLE('',#5007,1.);
#1789=CIRCLE('',#5009,1.);
#1790=CIRCLE('',#5010,1.);
#1791=CIRCLE('',#5012,1.);
#1792=CIRCLE('',#5013,1.);
#1793=CIRCLE('',#5015,4.25);
#1794=CIRCLE('',#5016,4.25);
#1795=CIRCLE('',#5018,1.7);
#1796=CIRCLE('',#5019,1.7);
#1797=CIRCLE('',#5021,1.7);
#1798=CIRCLE('',#5022,1.7);
#1799=CIRCLE('',#5024,3.);
#1800=CIRCLE('',#5025,3.00000000019259);
#1801=CIRCLE('',#5027,3.);
#1802=CIRCLE('',#5028,3.00000000033434);
#1803=CIRCLE('',#5030,3.);
#1804=CIRCLE('',#5031,3.00000000036718);
#1805=CIRCLE('',#5033,3.);
#1806=CIRCLE('',#5034,2.99999999985399);
#1807=CIRCLE('',#5036,3.);
#1808=CIRCLE('',#5037,2.99999999985338);
#1809=CIRCLE('',#5039,3.);
#1810=CIRCLE('',#5040,2.99999999958358);
#1811=CIRCLE('',#5042,3.);
#1812=CIRCLE('',#5043,3.00000000019259);
#1813=CIRCLE('',#5045,3.);
#1814=CIRCLE('',#5046,3.00000000033434);
#1815=CIRCLE('',#5048,3.);
#1816=CIRCLE('',#5049,3.00000000036718);
#1817=CIRCLE('',#5051,3.);
#1818=CIRCLE('',#5052,2.99999999985399);
#1819=CIRCLE('',#5054,3.);
#1820=CIRCLE('',#5055,2.99999999985338);
#1821=CIRCLE('',#5057,3.);
#1822=CIRCLE('',#5058,2.99999999958358);
#1823=CIRCLE('',#5060,3.);
#1824=CIRCLE('',#5061,3.00000000019259);
#1825=CIRCLE('',#5063,3.);
#1826=CIRCLE('',#5064,3.00000000033434);
#1827=CIRCLE('',#5066,3.);
#1828=CIRCLE('',#5067,3.00000000036718);
#1829=CIRCLE('',#5069,3.);
#1830=CIRCLE('',#5070,2.99999999985399);
#1831=CIRCLE('',#5072,3.);
#1832=CIRCLE('',#5073,2.99999999985338);
#1833=CIRCLE('',#5075,3.);
#1834=CIRCLE('',#5076,2.99999999958358);
#1835=CIRCLE('',#5078,3.);
#1836=CIRCLE('',#5079,3.00000000019259);
#1837=CIRCLE('',#5081,3.);
#1838=CIRCLE('',#5082,3.00000000033434);
#1839=CIRCLE('',#5084,3.);
#1840=CIRCLE('',#5085,3.00000000036718);
#1841=CIRCLE('',#5087,3.);
#1842=CIRCLE('',#5088,2.99999999985399);
#1843=CIRCLE('',#5090,3.);
#1844=CIRCLE('',#5091,2.99999999985338);
#1845=CIRCLE('',#5093,1.99999999975557);
#1846=CIRCLE('',#5094,2.00000000023552);
#1847=CIRCLE('',#5095,2.00000000040902);
#1848=CIRCLE('',#5096,1.99999999975557);
#1849=CIRCLE('',#5097,2.00000000023552);
#1850=CIRCLE('',#5098,2.00000000040902);
#1851=CIRCLE('',#5099,4.75);
#1852=CIRCLE('',#5100,1.);
#1853=CIRCLE('',#5101,1.);
#1854=CIRCLE('',#5102,1.);
#1855=CIRCLE('',#5103,1.);
#1856=CIRCLE('',#5104,1.);
#1857=CIRCLE('',#5105,1.);
#1858=CIRCLE('',#5106,1.);
#1859=CIRCLE('',#5107,1.);
#1860=CIRCLE('',#5108,1.);
#1861=CIRCLE('',#5109,1.);
#1862=CIRCLE('',#5110,1.);
#1863=CIRCLE('',#5111,1.);
#1864=CIRCLE('',#5112,1.);
#1865=CIRCLE('',#5113,1.);
#1866=CIRCLE('',#5114,1.);
#1867=CIRCLE('',#5115,1.);
#1868=CIRCLE('',#5116,1.);
#1869=CIRCLE('',#5117,1.);
#1870=CIRCLE('',#5119,4.05);
#1871=CIRCLE('',#5120,3.);
#1872=CIRCLE('',#5121,3.);
#1873=CIRCLE('',#5122,3.);
#1874=CIRCLE('',#5123,3.);
#1875=CIRCLE('',#5124,3.);
#1876=CIRCLE('',#5125,3.);
#1877=CIRCLE('',#5126,3.);
#1878=CIRCLE('',#5127,3.);
#1879=CIRCLE('',#5128,3.);
#1880=CIRCLE('',#5129,3.);
#1881=CIRCLE('',#5130,3.);
#1882=CIRCLE('',#5131,3.);
#1883=CIRCLE('',#5132,3.);
#1884=CIRCLE('',#5133,3.);
#1885=CIRCLE('',#5134,3.);
#1886=CIRCLE('',#5135,3.);
#1887=CIRCLE('',#5136,3.);
#1888=CIRCLE('',#5137,3.);
#1889=CIRCLE('',#5138,3.);
#1890=CIRCLE('',#5139,3.);
#1891=CIRCLE('',#5140,3.);
#1892=CIRCLE('',#5141,3.);
#1893=CIRCLE('',#5142,3.);
#1894=CIRCLE('',#5143,3.);
#1895=CIRCLE('',#5145,4.25);
#1896=CIRCLE('',#5146,4.25);
#1897=CIRCLE('',#5148,2.99999999958358);
#1898=CIRCLE('',#5149,3.);
#1899=CIRCLE('',#5151,3.);
#1900=CIRCLE('',#5152,3.);
#1901=CIRCLE('',#5153,3.);
#1902=CIRCLE('',#5154,3.);
#1903=CIRCLE('',#5155,3.);
#1904=CIRCLE('',#5156,3.);
#1905=CIRCLE('',#5157,3.);
#1906=CIRCLE('',#5158,3.);
#1907=CIRCLE('',#5159,3.);
#1908=CIRCLE('',#5160,3.);
#1909=CIRCLE('',#5161,3.);
#1910=CIRCLE('',#5162,3.);
#1911=CIRCLE('',#5163,3.);
#1912=CIRCLE('',#5164,3.);
#1913=CIRCLE('',#5165,3.);
#1914=CIRCLE('',#5166,3.);
#1915=CIRCLE('',#5167,3.);
#1916=CIRCLE('',#5168,3.);
#1917=CIRCLE('',#5169,3.);
#1918=CIRCLE('',#5170,3.);
#1919=CIRCLE('',#5171,3.);
#1920=CIRCLE('',#5172,3.);
#1921=CIRCLE('',#5173,3.);
#1922=CIRCLE('',#5174,3.);
#1923=CIRCLE('',#5175,1.7);
#1924=CIRCLE('',#5225,2.);
#1925=CIRCLE('',#5226,2.00000000040902);
#1926=CIRCLE('',#5230,2.);
#1927=CIRCLE('',#5231,2.);
#1928=CIRCLE('',#5232,2.);
#1929=CIRCLE('',#5233,2.);
#1930=CIRCLE('',#5234,2.);
#1931=CIRCLE('',#5235,2.);
#1932=CIRCLE('',#5236,4.25);
#1933=CIRCLE('',#5237,1.);
#1934=CIRCLE('',#5238,1.);
#1935=CIRCLE('',#5239,1.);
#1936=CIRCLE('',#5240,1.);
#1937=CIRCLE('',#5241,1.);
#1938=CIRCLE('',#5242,1.);
#1939=CIRCLE('',#5243,1.);
#1940=CIRCLE('',#5244,1.);
#1941=CIRCLE('',#5245,1.);
#1942=CIRCLE('',#5246,1.);
#1943=CIRCLE('',#5247,1.);
#1944=CIRCLE('',#5248,1.);
#1945=CIRCLE('',#5249,1.);
#1946=CIRCLE('',#5250,1.);
#1947=CIRCLE('',#5251,1.);
#1948=CIRCLE('',#5252,1.);
#1949=CIRCLE('',#5253,1.);
#1950=CIRCLE('',#5254,1.);
#1951=CIRCLE('',#5256,1.);
#1952=CIRCLE('',#5257,1.);
#1953=CIRCLE('',#5259,1.);
#1954=CIRCLE('',#5260,1.);
#1955=CIRCLE('',#5262,1.);
#1956=CIRCLE('',#5263,1.);
#1957=CIRCLE('',#5265,2.);
#1958=CIRCLE('',#5266,1.99999999975557);
#1959=CIRCLE('',#5270,1.);
#1960=CIRCLE('',#5271,1.);
#1961=CIRCLE('',#5273,1.);
#1962=CIRCLE('',#5274,1.);
#1963=CIRCLE('',#5276,1.);
#1964=CIRCLE('',#5277,1.);
#1965=CIRCLE('',#5279,2.);
#1966=CIRCLE('',#5280,2.00000000023552);
#1967=CIRCLE('',#5284,1.);
#1968=CIRCLE('',#5285,1.);
#1969=CIRCLE('',#5287,1.);
#1970=CIRCLE('',#5288,1.);
#1971=CIRCLE('',#5290,1.);
#1972=CIRCLE('',#5291,1.);
#1973=CIRCLE('',#5293,2.);
#1974=CIRCLE('',#5294,2.00000000040902);
#1975=CIRCLE('',#5298,1.);
#1976=CIRCLE('',#5299,1.);
#1977=CIRCLE('',#5301,1.);
#1978=CIRCLE('',#5302,1.);
#1979=CIRCLE('',#5304,1.);
#1980=CIRCLE('',#5305,1.);
#1981=CIRCLE('',#5307,2.);
#1982=CIRCLE('',#5308,2.);
#1983=CIRCLE('',#5312,1.);
#1984=CIRCLE('',#5313,1.);
#1985=CIRCLE('',#5315,1.);
#1986=CIRCLE('',#5316,1.);
#1987=CIRCLE('',#5318,1.);
#1988=CIRCLE('',#5319,1.);
#1989=CIRCLE('',#5321,2.);
#1990=CIRCLE('',#5322,2.);
#1991=CIRCLE('',#5326,1.);
#1992=CIRCLE('',#5327,1.);
#1993=CIRCLE('',#5329,1.);
#1994=CIRCLE('',#5330,1.);
#1995=CIRCLE('',#5332,1.);
#1996=CIRCLE('',#5333,1.);
#1997=CIRCLE('',#5335,3.);
#1998=CIRCLE('',#5336,3.);
#1999=CIRCLE('',#5338,3.);
#2000=CIRCLE('',#5339,1.7);
#2001=CIRCLE('',#5341,0.2);
#2002=CIRCLE('',#5342,4.05);
#2003=CIRCLE('',#5343,0.2);
#2004=CIRCLE('',#5344,4.25);
#2005=CIRCLE('',#5346,4.5);
#2006=CIRCLE('',#5347,4.5);
#2007=CIRCLE('',#5349,4.5);
#2008=CIRCLE('',#5350,3.5);
#2009=CIRCLE('',#5352,3.5);
#2010=CIRCLE('',#5353,3.5);
#2011=CIRCLE('',#5355,0.25);
#2012=CIRCLE('',#5356,4.75);
#2013=CIRCLE('',#5357,0.25);
#2014=CIRCLE('',#5358,4.5);
#2015=CIRCLE('',#5360,0.25);
#2016=CIRCLE('',#5361,3.5);
#2017=CIRCLE('',#5362,0.25);
#2018=CIRCLE('',#5363,3.25);
#2019=CIRCLE('',#5365,0.25);
#2020=CIRCLE('',#5366,3.25);
#2021=CIRCLE('',#5367,0.25);
#2022=CIRCLE('',#5368,3.);
#2023=VERTEX_POINT('',#6783);
#2024=VERTEX_POINT('',#6784);
#2025=VERTEX_POINT('',#6786);
#2026=VERTEX_POINT('',#6788);
#2027=VERTEX_POINT('',#6792);
#2028=VERTEX_POINT('',#6793);
#2029=VERTEX_POINT('',#6795);
#2030=VERTEX_POINT('',#6797);
#2031=VERTEX_POINT('',#6801);
#2032=VERTEX_POINT('',#6802);
#2033=VERTEX_POINT('',#6804);
#2034=VERTEX_POINT('',#6806);
#2035=VERTEX_POINT('',#6810);
#2036=VERTEX_POINT('',#6811);
#2037=VERTEX_POINT('',#6813);
#2038=VERTEX_POINT('',#6815);
#2039=VERTEX_POINT('',#6819);
#2040=VERTEX_POINT('',#6820);
#2041=VERTEX_POINT('',#6822);
#2042=VERTEX_POINT('',#6824);
#2043=VERTEX_POINT('',#6828);
#2044=VERTEX_POINT('',#6829);
#2045=VERTEX_POINT('',#6831);
#2046=VERTEX_POINT('',#6833);
#2047=VERTEX_POINT('',#6837);
#2048=VERTEX_POINT('',#6838);
#2049=VERTEX_POINT('',#6840);
#2050=VERTEX_POINT('',#6842);
#2051=VERTEX_POINT('',#6846);
#2052=VERTEX_POINT('',#6847);
#2053=VERTEX_POINT('',#6849);
#2054=VERTEX_POINT('',#6851);
#2055=VERTEX_POINT('',#6855);
#2056=VERTEX_POINT('',#6856);
#2057=VERTEX_POINT('',#6858);
#2058=VERTEX_POINT('',#6860);
#2059=VERTEX_POINT('',#6864);
#2060=VERTEX_POINT('',#6865);
#2061=VERTEX_POINT('',#6867);
#2062=VERTEX_POINT('',#6869);
#2063=VERTEX_POINT('',#6873);
#2064=VERTEX_POINT('',#6874);
#2065=VERTEX_POINT('',#6876);
#2066=VERTEX_POINT('',#6878);
#2067=VERTEX_POINT('',#6882);
#2068=VERTEX_POINT('',#6883);
#2069=VERTEX_POINT('',#6885);
#2070=VERTEX_POINT('',#6887);
#2071=VERTEX_POINT('',#6891);
#2072=VERTEX_POINT('',#6892);
#2073=VERTEX_POINT('',#6894);
#2074=VERTEX_POINT('',#6896);
#2075=VERTEX_POINT('',#6900);
#2076=VERTEX_POINT('',#6901);
#2077=VERTEX_POINT('',#6903);
#2078=VERTEX_POINT('',#6905);
#2079=VERTEX_POINT('',#6909);
#2080=VERTEX_POINT('',#6910);
#2081=VERTEX_POINT('',#6912);
#2082=VERTEX_POINT('',#6914);
#2083=VERTEX_POINT('',#6918);
#2084=VERTEX_POINT('',#6919);
#2085=VERTEX_POINT('',#6921);
#2086=VERTEX_POINT('',#6923);
#2087=VERTEX_POINT('',#6927);
#2088=VERTEX_POINT('',#6928);
#2089=VERTEX_POINT('',#6930);
#2090=VERTEX_POINT('',#6932);
#2091=VERTEX_POINT('',#6936);
#2092=VERTEX_POINT('',#6937);
#2093=VERTEX_POINT('',#6939);
#2094=VERTEX_POINT('',#6941);
#2095=VERTEX_POINT('',#6945);
#2096=VERTEX_POINT('',#6946);
#2097=VERTEX_POINT('',#6948);
#2098=VERTEX_POINT('',#6950);
#2099=VERTEX_POINT('',#6954);
#2100=VERTEX_POINT('',#6955);
#2101=VERTEX_POINT('',#6957);
#2102=VERTEX_POINT('',#6959);
#2103=VERTEX_POINT('',#6963);
#2104=VERTEX_POINT('',#6964);
#2105=VERTEX_POINT('',#6966);
#2106=VERTEX_POINT('',#6968);
#2107=VERTEX_POINT('',#6972);
#2108=VERTEX_POINT('',#6973);
#2109=VERTEX_POINT('',#6975);
#2110=VERTEX_POINT('',#6977);
#2111=VERTEX_POINT('',#6981);
#2112=VERTEX_POINT('',#6982);
#2113=VERTEX_POINT('',#6984);
#2114=VERTEX_POINT('',#6986);
#2115=VERTEX_POINT('',#6990);
#2116=VERTEX_POINT('',#6991);
#2117=VERTEX_POINT('',#6993);
#2118=VERTEX_POINT('',#6995);
#2119=VERTEX_POINT('',#6999);
#2120=VERTEX_POINT('',#7000);
#2121=VERTEX_POINT('',#7002);
#2122=VERTEX_POINT('',#7004);
#2123=VERTEX_POINT('',#7008);
#2124=VERTEX_POINT('',#7009);
#2125=VERTEX_POINT('',#7011);
#2126=VERTEX_POINT('',#7013);
#2127=VERTEX_POINT('',#7017);
#2128=VERTEX_POINT('',#7018);
#2129=VERTEX_POINT('',#7020);
#2130=VERTEX_POINT('',#7022);
#2131=VERTEX_POINT('',#7026);
#2132=VERTEX_POINT('',#7027);
#2133=VERTEX_POINT('',#7029);
#2134=VERTEX_POINT('',#7031);
#2135=VERTEX_POINT('',#7035);
#2136=VERTEX_POINT('',#7036);
#2137=VERTEX_POINT('',#7038);
#2138=VERTEX_POINT('',#7040);
#2139=VERTEX_POINT('',#7044);
#2140=VERTEX_POINT('',#7045);
#2141=VERTEX_POINT('',#7047);
#2142=VERTEX_POINT('',#7049);
#2143=VERTEX_POINT('',#7053);
#2144=VERTEX_POINT('',#7054);
#2145=VERTEX_POINT('',#7056);
#2146=VERTEX_POINT('',#7058);
#2147=VERTEX_POINT('',#7062);
#2148=VERTEX_POINT('',#7063);
#2149=VERTEX_POINT('',#7065);
#2150=VERTEX_POINT('',#7067);
#2151=VERTEX_POINT('',#7071);
#2152=VERTEX_POINT('',#7072);
#2153=VERTEX_POINT('',#7074);
#2154=VERTEX_POINT('',#7076);
#2155=VERTEX_POINT('',#7080);
#2156=VERTEX_POINT('',#7081);
#2157=VERTEX_POINT('',#7083);
#2158=VERTEX_POINT('',#7085);
#2159=VERTEX_POINT('',#7089);
#2160=VERTEX_POINT('',#7090);
#2161=VERTEX_POINT('',#7092);
#2162=VERTEX_POINT('',#7094);
#2163=VERTEX_POINT('',#7098);
#2164=VERTEX_POINT('',#7099);
#2165=VERTEX_POINT('',#7101);
#2166=VERTEX_POINT('',#7103);
#2167=VERTEX_POINT('',#7107);
#2168=VERTEX_POINT('',#7108);
#2169=VERTEX_POINT('',#7110);
#2170=VERTEX_POINT('',#7112);
#2171=VERTEX_POINT('',#7116);
#2172=VERTEX_POINT('',#7117);
#2173=VERTEX_POINT('',#7119);
#2174=VERTEX_POINT('',#7121);
#2175=VERTEX_POINT('',#7125);
#2176=VERTEX_POINT('',#7126);
#2177=VERTEX_POINT('',#7128);
#2178=VERTEX_POINT('',#7130);
#2179=VERTEX_POINT('',#7134);
#2180=VERTEX_POINT('',#7135);
#2181=VERTEX_POINT('',#7137);
#2182=VERTEX_POINT('',#7139);
#2183=VERTEX_POINT('',#7143);
#2184=VERTEX_POINT('',#7144);
#2185=VERTEX_POINT('',#7146);
#2186=VERTEX_POINT('',#7148);
#2187=VERTEX_POINT('',#7152);
#2188=VERTEX_POINT('',#7153);
#2189=VERTEX_POINT('',#7155);
#2190=VERTEX_POINT('',#7157);
#2191=VERTEX_POINT('',#7161);
#2192=VERTEX_POINT('',#7162);
#2193=VERTEX_POINT('',#7164);
#2194=VERTEX_POINT('',#7166);
#2195=VERTEX_POINT('',#7170);
#2196=VERTEX_POINT('',#7171);
#2197=VERTEX_POINT('',#7173);
#2198=VERTEX_POINT('',#7175);
#2199=VERTEX_POINT('',#7179);
#2200=VERTEX_POINT('',#7180);
#2201=VERTEX_POINT('',#7182);
#2202=VERTEX_POINT('',#7184);
#2203=VERTEX_POINT('',#7188);
#2204=VERTEX_POINT('',#7189);
#2205=VERTEX_POINT('',#7191);
#2206=VERTEX_POINT('',#7193);
#2207=VERTEX_POINT('',#7197);
#2208=VERTEX_POINT('',#7198);
#2209=VERTEX_POINT('',#7200);
#2210=VERTEX_POINT('',#7202);
#2211=VERTEX_POINT('',#7206);
#2212=VERTEX_POINT('',#7207);
#2213=VERTEX_POINT('',#7209);
#2214=VERTEX_POINT('',#7211);
#2215=VERTEX_POINT('',#7215);
#2216=VERTEX_POINT('',#7216);
#2217=VERTEX_POINT('',#7218);
#2218=VERTEX_POINT('',#7220);
#2219=VERTEX_POINT('',#7224);
#2220=VERTEX_POINT('',#7225);
#2221=VERTEX_POINT('',#7227);
#2222=VERTEX_POINT('',#7229);
#2223=VERTEX_POINT('',#7233);
#2224=VERTEX_POINT('',#7234);
#2225=VERTEX_POINT('',#7236);
#2226=VERTEX_POINT('',#7238);
#2227=VERTEX_POINT('',#7242);
#2228=VERTEX_POINT('',#7243);
#2229=VERTEX_POINT('',#7245);
#2230=VERTEX_POINT('',#7247);
#2231=VERTEX_POINT('',#7251);
#2232=VERTEX_POINT('',#7252);
#2233=VERTEX_POINT('',#7254);
#2234=VERTEX_POINT('',#7256);
#2235=VERTEX_POINT('',#7260);
#2236=VERTEX_POINT('',#7261);
#2237=VERTEX_POINT('',#7263);
#2238=VERTEX_POINT('',#7265);
#2239=VERTEX_POINT('',#7267);
#2240=VERTEX_POINT('',#7269);
#2241=VERTEX_POINT('',#7271);
#2242=VERTEX_POINT('',#7273);
#2243=VERTEX_POINT('',#7275);
#2244=VERTEX_POINT('',#7277);
#2245=VERTEX_POINT('',#7279);
#2246=VERTEX_POINT('',#7281);
#2247=VERTEX_POINT('',#7283);
#2248=VERTEX_POINT('',#7285);
#2249=VERTEX_POINT('',#7287);
#2250=VERTEX_POINT('',#7289);
#2251=VERTEX_POINT('',#7291);
#2252=VERTEX_POINT('',#7293);
#2253=VERTEX_POINT('',#7296);
#2254=VERTEX_POINT('',#7298);
#2255=VERTEX_POINT('',#7300);
#2256=VERTEX_POINT('',#7302);
#2257=VERTEX_POINT('',#7304);
#2258=VERTEX_POINT('',#7306);
#2259=VERTEX_POINT('',#7308);
#2260=VERTEX_POINT('',#7310);
#2261=VERTEX_POINT('',#7312);
#2262=VERTEX_POINT('',#7314);
#2263=VERTEX_POINT('',#7316);
#2264=VERTEX_POINT('',#7318);
#2265=VERTEX_POINT('',#7320);
#2266=VERTEX_POINT('',#7322);
#2267=VERTEX_POINT('',#7324);
#2268=VERTEX_POINT('',#7326);
#2269=VERTEX_POINT('',#7328);
#2270=VERTEX_POINT('',#7330);
#2271=VERTEX_POINT('',#7332);
#2272=VERTEX_POINT('',#7335);
#2273=VERTEX_POINT('',#7337);
#2274=VERTEX_POINT('',#7338);
#2275=VERTEX_POINT('',#7340);
#2276=VERTEX_POINT('',#7342);
#2277=VERTEX_POINT('',#7344);
#2278=VERTEX_POINT('',#7346);
#2279=VERTEX_POINT('',#7348);
#2280=VERTEX_POINT('',#7350);
#2281=VERTEX_POINT('',#7352);
#2282=VERTEX_POINT('',#7354);
#2283=VERTEX_POINT('',#7356);
#2284=VERTEX_POINT('',#7358);
#2285=VERTEX_POINT('',#7360);
#2286=VERTEX_POINT('',#7362);
#2287=VERTEX_POINT('',#7364);
#2288=VERTEX_POINT('',#7366);
#2289=VERTEX_POINT('',#7368);
#2290=VERTEX_POINT('',#7370);
#2291=VERTEX_POINT('',#7372);
#2292=VERTEX_POINT('',#7374);
#2293=VERTEX_POINT('',#7376);
#2294=VERTEX_POINT('',#7378);
#2295=VERTEX_POINT('',#7380);
#2296=VERTEX_POINT('',#7382);
#2297=VERTEX_POINT('',#7384);
#2298=VERTEX_POINT('',#7386);
#2299=VERTEX_POINT('',#7388);
#2300=VERTEX_POINT('',#7390);
#2301=VERTEX_POINT('',#7392);
#2302=VERTEX_POINT('',#7394);
#2303=VERTEX_POINT('',#7396);
#2304=VERTEX_POINT('',#7398);
#2305=VERTEX_POINT('',#7400);
#2306=VERTEX_POINT('',#7402);
#2307=VERTEX_POINT('',#7404);
#2308=VERTEX_POINT('',#7406);
#2309=VERTEX_POINT('',#7408);
#2310=VERTEX_POINT('',#7410);
#2311=VERTEX_POINT('',#7412);
#2312=VERTEX_POINT('',#7414);
#2313=VERTEX_POINT('',#7416);
#2314=VERTEX_POINT('',#7418);
#2315=VERTEX_POINT('',#7420);
#2316=VERTEX_POINT('',#7422);
#2317=VERTEX_POINT('',#7424);
#2318=VERTEX_POINT('',#7426);
#2319=VERTEX_POINT('',#7428);
#2320=VERTEX_POINT('',#7430);
#2321=VERTEX_POINT('',#7432);
#2322=VERTEX_POINT('',#7434);
#2323=VERTEX_POINT('',#7436);
#2324=VERTEX_POINT('',#7438);
#2325=VERTEX_POINT('',#7440);
#2326=VERTEX_POINT('',#7442);
#2327=VERTEX_POINT('',#7444);
#2328=VERTEX_POINT('',#7446);
#2329=VERTEX_POINT('',#7448);
#2330=VERTEX_POINT('',#7450);
#2331=VERTEX_POINT('',#7452);
#2332=VERTEX_POINT('',#7454);
#2333=VERTEX_POINT('',#7456);
#2334=VERTEX_POINT('',#7458);
#2335=VERTEX_POINT('',#7460);
#2336=VERTEX_POINT('',#7462);
#2337=VERTEX_POINT('',#7464);
#2338=VERTEX_POINT('',#7466);
#2339=VERTEX_POINT('',#7468);
#2340=VERTEX_POINT('',#7470);
#2341=VERTEX_POINT('',#7472);
#2342=VERTEX_POINT('',#7474);
#2343=VERTEX_POINT('',#7476);
#2344=VERTEX_POINT('',#7478);
#2345=VERTEX_POINT('',#7482);
#2346=VERTEX_POINT('',#7483);
#2347=VERTEX_POINT('',#7485);
#2348=VERTEX_POINT('',#7487);
#2349=VERTEX_POINT('',#7491);
#2350=VERTEX_POINT('',#7492);
#2351=VERTEX_POINT('',#7494);
#2352=VERTEX_POINT('',#7496);
#2353=VERTEX_POINT('',#7500);
#2354=VERTEX_POINT('',#7501);
#2355=VERTEX_POINT('',#7503);
#2356=VERTEX_POINT('',#7505);
#2357=VERTEX_POINT('',#7507);
#2358=VERTEX_POINT('',#7509);
#2359=VERTEX_POINT('',#7511);
#2360=VERTEX_POINT('',#7513);
#2361=VERTEX_POINT('',#7515);
#2362=VERTEX_POINT('',#7517);
#2363=VERTEX_POINT('',#7519);
#2364=VERTEX_POINT('',#7521);
#2365=VERTEX_POINT('',#7523);
#2366=VERTEX_POINT('',#7525);
#2367=VERTEX_POINT('',#7527);
#2368=VERTEX_POINT('',#7529);
#2369=VERTEX_POINT('',#7531);
#2370=VERTEX_POINT('',#7533);
#2371=VERTEX_POINT('',#7535);
#2372=VERTEX_POINT('',#7537);
#2373=VERTEX_POINT('',#7539);
#2374=VERTEX_POINT('',#7541);
#2375=VERTEX_POINT('',#7543);
#2376=VERTEX_POINT('',#7545);
#2377=VERTEX_POINT('',#7547);
#2378=VERTEX_POINT('',#7549);
#2379=VERTEX_POINT('',#7551);
#2380=VERTEX_POINT('',#7553);
#2381=VERTEX_POINT('',#7555);
#2382=VERTEX_POINT('',#7557);
#2383=VERTEX_POINT('',#7559);
#2384=VERTEX_POINT('',#7561);
#2385=VERTEX_POINT('',#7563);
#2386=VERTEX_POINT('',#7565);
#2387=VERTEX_POINT('',#7567);
#2388=VERTEX_POINT('',#7569);
#2389=VERTEX_POINT('',#7571);
#2390=VERTEX_POINT('',#7573);
#2391=VERTEX_POINT('',#7575);
#2392=VERTEX_POINT('',#7577);
#2393=VERTEX_POINT('',#7579);
#2394=VERTEX_POINT('',#7581);
#2395=VERTEX_POINT('',#7583);
#2396=VERTEX_POINT('',#7585);
#2397=VERTEX_POINT('',#7587);
#2398=VERTEX_POINT('',#7589);
#2399=VERTEX_POINT('',#7591);
#2400=VERTEX_POINT('',#7593);
#2401=VERTEX_POINT('',#7595);
#2402=VERTEX_POINT('',#7597);
#2403=VERTEX_POINT('',#7599);
#2404=VERTEX_POINT('',#7601);
#2405=VERTEX_POINT('',#7603);
#2406=VERTEX_POINT('',#7605);
#2407=VERTEX_POINT('',#7607);
#2408=VERTEX_POINT('',#7609);
#2409=VERTEX_POINT('',#7611);
#2410=VERTEX_POINT('',#7613);
#2411=VERTEX_POINT('',#7615);
#2412=VERTEX_POINT('',#7617);
#2413=VERTEX_POINT('',#7619);
#2414=VERTEX_POINT('',#7621);
#2415=VERTEX_POINT('',#7623);
#2416=VERTEX_POINT('',#7625);
#2417=VERTEX_POINT('',#7627);
#2418=VERTEX_POINT('',#7629);
#2419=VERTEX_POINT('',#7631);
#2420=VERTEX_POINT('',#7633);
#2421=VERTEX_POINT('',#7635);
#2422=VERTEX_POINT('',#7637);
#2423=VERTEX_POINT('',#7639);
#2424=VERTEX_POINT('',#7641);
#2425=VERTEX_POINT('',#7644);
#2426=VERTEX_POINT('',#7647);
#2427=VERTEX_POINT('',#7648);
#2428=VERTEX_POINT('',#7650);
#2429=VERTEX_POINT('',#7652);
#2430=VERTEX_POINT('',#7656);
#2431=VERTEX_POINT('',#7657);
#2432=VERTEX_POINT('',#7659);
#2433=VERTEX_POINT('',#7661);
#2434=VERTEX_POINT('',#7665);
#2435=VERTEX_POINT('',#7666);
#2436=VERTEX_POINT('',#7668);
#2437=VERTEX_POINT('',#7670);
#2438=VERTEX_POINT('',#7674);
#2439=VERTEX_POINT('',#7675);
#2440=VERTEX_POINT('',#7677);
#2441=VERTEX_POINT('',#7679);
#2442=VERTEX_POINT('',#7683);
#2443=VERTEX_POINT('',#7684);
#2444=VERTEX_POINT('',#7686);
#2445=VERTEX_POINT('',#7688);
#2446=VERTEX_POINT('',#7692);
#2447=VERTEX_POINT('',#7693);
#2448=VERTEX_POINT('',#7695);
#2449=VERTEX_POINT('',#7697);
#2450=VERTEX_POINT('',#7701);
#2451=VERTEX_POINT('',#7702);
#2452=VERTEX_POINT('',#7704);
#2453=VERTEX_POINT('',#7706);
#2454=VERTEX_POINT('',#7710);
#2455=VERTEX_POINT('',#7711);
#2456=VERTEX_POINT('',#7713);
#2457=VERTEX_POINT('',#7715);
#2458=VERTEX_POINT('',#7719);
#2459=VERTEX_POINT('',#7720);
#2460=VERTEX_POINT('',#7722);
#2461=VERTEX_POINT('',#7724);
#2462=VERTEX_POINT('',#7728);
#2463=VERTEX_POINT('',#7729);
#2464=VERTEX_POINT('',#7731);
#2465=VERTEX_POINT('',#7733);
#2466=VERTEX_POINT('',#7737);
#2467=VERTEX_POINT('',#7738);
#2468=VERTEX_POINT('',#7740);
#2469=VERTEX_POINT('',#7742);
#2470=VERTEX_POINT('',#7746);
#2471=VERTEX_POINT('',#7747);
#2472=VERTEX_POINT('',#7749);
#2473=VERTEX_POINT('',#7751);
#2474=VERTEX_POINT('',#7755);
#2475=VERTEX_POINT('',#7756);
#2476=VERTEX_POINT('',#7758);
#2477=VERTEX_POINT('',#7760);
#2478=VERTEX_POINT('',#7764);
#2479=VERTEX_POINT('',#7765);
#2480=VERTEX_POINT('',#7767);
#2481=VERTEX_POINT('',#7769);
#2482=VERTEX_POINT('',#7773);
#2483=VERTEX_POINT('',#7774);
#2484=VERTEX_POINT('',#7776);
#2485=VERTEX_POINT('',#7778);
#2486=VERTEX_POINT('',#7782);
#2487=VERTEX_POINT('',#7783);
#2488=VERTEX_POINT('',#7785);
#2489=VERTEX_POINT('',#7787);
#2490=VERTEX_POINT('',#7791);
#2491=VERTEX_POINT('',#7792);
#2492=VERTEX_POINT('',#7794);
#2493=VERTEX_POINT('',#7796);
#2494=VERTEX_POINT('',#7800);
#2495=VERTEX_POINT('',#7801);
#2496=VERTEX_POINT('',#7803);
#2497=VERTEX_POINT('',#7805);
#2498=VERTEX_POINT('',#7809);
#2499=VERTEX_POINT('',#7810);
#2500=VERTEX_POINT('',#7812);
#2501=VERTEX_POINT('',#7814);
#2502=VERTEX_POINT('',#7818);
#2503=VERTEX_POINT('',#7819);
#2504=VERTEX_POINT('',#7821);
#2505=VERTEX_POINT('',#7823);
#2506=VERTEX_POINT('',#7827);
#2507=VERTEX_POINT('',#7828);
#2508=VERTEX_POINT('',#7830);
#2509=VERTEX_POINT('',#7832);
#2510=VERTEX_POINT('',#7836);
#2511=VERTEX_POINT('',#7837);
#2512=VERTEX_POINT('',#7839);
#2513=VERTEX_POINT('',#7841);
#2514=VERTEX_POINT('',#7845);
#2515=VERTEX_POINT('',#7846);
#2516=VERTEX_POINT('',#7848);
#2517=VERTEX_POINT('',#7850);
#2518=VERTEX_POINT('',#7854);
#2519=VERTEX_POINT('',#7855);
#2520=VERTEX_POINT('',#7857);
#2521=VERTEX_POINT('',#7859);
#2522=VERTEX_POINT('',#7863);
#2523=VERTEX_POINT('',#7864);
#2524=VERTEX_POINT('',#7866);
#2525=VERTEX_POINT('',#7868);
#2526=VERTEX_POINT('',#7872);
#2527=VERTEX_POINT('',#7873);
#2528=VERTEX_POINT('',#7875);
#2529=VERTEX_POINT('',#7877);
#2530=VERTEX_POINT('',#7881);
#2531=VERTEX_POINT('',#7882);
#2532=VERTEX_POINT('',#7884);
#2533=VERTEX_POINT('',#7886);
#2534=VERTEX_POINT('',#7890);
#2535=VERTEX_POINT('',#7891);
#2536=VERTEX_POINT('',#7893);
#2537=VERTEX_POINT('',#7895);
#2538=VERTEX_POINT('',#7899);
#2539=VERTEX_POINT('',#7900);
#2540=VERTEX_POINT('',#7902);
#2541=VERTEX_POINT('',#7904);
#2542=VERTEX_POINT('',#7908);
#2543=VERTEX_POINT('',#7909);
#2544=VERTEX_POINT('',#7911);
#2545=VERTEX_POINT('',#7913);
#2546=VERTEX_POINT('',#7917);
#2547=VERTEX_POINT('',#7918);
#2548=VERTEX_POINT('',#7920);
#2549=VERTEX_POINT('',#7922);
#2550=VERTEX_POINT('',#7926);
#2551=VERTEX_POINT('',#7927);
#2552=VERTEX_POINT('',#7929);
#2553=VERTEX_POINT('',#7931);
#2554=VERTEX_POINT('',#7935);
#2555=VERTEX_POINT('',#7936);
#2556=VERTEX_POINT('',#7938);
#2557=VERTEX_POINT('',#7940);
#2558=VERTEX_POINT('',#7944);
#2559=VERTEX_POINT('',#7945);
#2560=VERTEX_POINT('',#7947);
#2561=VERTEX_POINT('',#7949);
#2562=VERTEX_POINT('',#7953);
#2563=VERTEX_POINT('',#7954);
#2564=VERTEX_POINT('',#7956);
#2565=VERTEX_POINT('',#7958);
#2566=VERTEX_POINT('',#7962);
#2567=VERTEX_POINT('',#7963);
#2568=VERTEX_POINT('',#7965);
#2569=VERTEX_POINT('',#7967);
#2570=VERTEX_POINT('',#7971);
#2571=VERTEX_POINT('',#7972);
#2572=VERTEX_POINT('',#7974);
#2573=VERTEX_POINT('',#7976);
#2574=VERTEX_POINT('',#7980);
#2575=VERTEX_POINT('',#7981);
#2576=VERTEX_POINT('',#7983);
#2577=VERTEX_POINT('',#7985);
#2578=VERTEX_POINT('',#7989);
#2579=VERTEX_POINT('',#7990);
#2580=VERTEX_POINT('',#7992);
#2581=VERTEX_POINT('',#7994);
#2582=VERTEX_POINT('',#7998);
#2583=VERTEX_POINT('',#7999);
#2584=VERTEX_POINT('',#8001);
#2585=VERTEX_POINT('',#8003);
#2586=VERTEX_POINT('',#8007);
#2587=VERTEX_POINT('',#8008);
#2588=VERTEX_POINT('',#8010);
#2589=VERTEX_POINT('',#8012);
#2590=VERTEX_POINT('',#8016);
#2591=VERTEX_POINT('',#8017);
#2592=VERTEX_POINT('',#8019);
#2593=VERTEX_POINT('',#8021);
#2594=VERTEX_POINT('',#8025);
#2595=VERTEX_POINT('',#8026);
#2596=VERTEX_POINT('',#8028);
#2597=VERTEX_POINT('',#8030);
#2598=VERTEX_POINT('',#8034);
#2599=VERTEX_POINT('',#8035);
#2600=VERTEX_POINT('',#8037);
#2601=VERTEX_POINT('',#8039);
#2602=VERTEX_POINT('',#8043);
#2603=VERTEX_POINT('',#8044);
#2604=VERTEX_POINT('',#8046);
#2605=VERTEX_POINT('',#8048);
#2606=VERTEX_POINT('',#8052);
#2607=VERTEX_POINT('',#8053);
#2608=VERTEX_POINT('',#8055);
#2609=VERTEX_POINT('',#8057);
#2610=VERTEX_POINT('',#8061);
#2611=VERTEX_POINT('',#8062);
#2612=VERTEX_POINT('',#8064);
#2613=VERTEX_POINT('',#8066);
#2614=VERTEX_POINT('',#8070);
#2615=VERTEX_POINT('',#8071);
#2616=VERTEX_POINT('',#8073);
#2617=VERTEX_POINT('',#8075);
#2618=VERTEX_POINT('',#8079);
#2619=VERTEX_POINT('',#8080);
#2620=VERTEX_POINT('',#8082);
#2621=VERTEX_POINT('',#8084);
#2622=VERTEX_POINT('',#8088);
#2623=VERTEX_POINT('',#8089);
#2624=VERTEX_POINT('',#8091);
#2625=VERTEX_POINT('',#8093);
#2626=VERTEX_POINT('',#8097);
#2627=VERTEX_POINT('',#8098);
#2628=VERTEX_POINT('',#8100);
#2629=VERTEX_POINT('',#8102);
#2630=VERTEX_POINT('',#8106);
#2631=VERTEX_POINT('',#8107);
#2632=VERTEX_POINT('',#8109);
#2633=VERTEX_POINT('',#8111);
#2634=VERTEX_POINT('',#8113);
#2635=VERTEX_POINT('',#8115);
#2636=VERTEX_POINT('',#8117);
#2637=VERTEX_POINT('',#8119);
#2638=VERTEX_POINT('',#8121);
#2639=VERTEX_POINT('',#8123);
#2640=VERTEX_POINT('',#8125);
#2641=VERTEX_POINT('',#8127);
#2642=VERTEX_POINT('',#8129);
#2643=VERTEX_POINT('',#8131);
#2644=VERTEX_POINT('',#8133);
#2645=VERTEX_POINT('',#8135);
#2646=VERTEX_POINT('',#8137);
#2647=VERTEX_POINT('',#8139);
#2648=VERTEX_POINT('',#8142);
#2649=VERTEX_POINT('',#8144);
#2650=VERTEX_POINT('',#8146);
#2651=VERTEX_POINT('',#8148);
#2652=VERTEX_POINT('',#8150);
#2653=VERTEX_POINT('',#8152);
#2654=VERTEX_POINT('',#8154);
#2655=VERTEX_POINT('',#8156);
#2656=VERTEX_POINT('',#8158);
#2657=VERTEX_POINT('',#8160);
#2658=VERTEX_POINT('',#8162);
#2659=VERTEX_POINT('',#8164);
#2660=VERTEX_POINT('',#8166);
#2661=VERTEX_POINT('',#8168);
#2662=VERTEX_POINT('',#8170);
#2663=VERTEX_POINT('',#8172);
#2664=VERTEX_POINT('',#8174);
#2665=VERTEX_POINT('',#8176);
#2666=VERTEX_POINT('',#8178);
#2667=VERTEX_POINT('',#8181);
#2668=VERTEX_POINT('',#8182);
#2669=VERTEX_POINT('',#8184);
#2670=VERTEX_POINT('',#8186);
#2671=VERTEX_POINT('',#8190);
#2672=VERTEX_POINT('',#8191);
#2673=VERTEX_POINT('',#8193);
#2674=VERTEX_POINT('',#8195);
#2675=VERTEX_POINT('',#8199);
#2676=VERTEX_POINT('',#8200);
#2677=VERTEX_POINT('',#8202);
#2678=VERTEX_POINT('',#8204);
#2679=VERTEX_POINT('',#8208);
#2680=VERTEX_POINT('',#8209);
#2681=VERTEX_POINT('',#8211);
#2682=VERTEX_POINT('',#8213);
#2683=VERTEX_POINT('',#8217);
#2684=VERTEX_POINT('',#8218);
#2685=VERTEX_POINT('',#8220);
#2686=VERTEX_POINT('',#8222);
#2687=VERTEX_POINT('',#8226);
#2688=VERTEX_POINT('',#8227);
#2689=VERTEX_POINT('',#8229);
#2690=VERTEX_POINT('',#8231);
#2691=VERTEX_POINT('',#8235);
#2692=VERTEX_POINT('',#8236);
#2693=VERTEX_POINT('',#8238);
#2694=VERTEX_POINT('',#8240);
#2695=VERTEX_POINT('',#8244);
#2696=VERTEX_POINT('',#8245);
#2697=VERTEX_POINT('',#8247);
#2698=VERTEX_POINT('',#8249);
#2699=VERTEX_POINT('',#8253);
#2700=VERTEX_POINT('',#8254);
#2701=VERTEX_POINT('',#8256);
#2702=VERTEX_POINT('',#8258);
#2703=VERTEX_POINT('',#8262);
#2704=VERTEX_POINT('',#8263);
#2705=VERTEX_POINT('',#8265);
#2706=VERTEX_POINT('',#8267);
#2707=VERTEX_POINT('',#8271);
#2708=VERTEX_POINT('',#8272);
#2709=VERTEX_POINT('',#8274);
#2710=VERTEX_POINT('',#8276);
#2711=VERTEX_POINT('',#8280);
#2712=VERTEX_POINT('',#8281);
#2713=VERTEX_POINT('',#8283);
#2714=VERTEX_POINT('',#8285);
#2715=VERTEX_POINT('',#8289);
#2716=VERTEX_POINT('',#8290);
#2717=VERTEX_POINT('',#8292);
#2718=VERTEX_POINT('',#8294);
#2719=VERTEX_POINT('',#8298);
#2720=VERTEX_POINT('',#8299);
#2721=VERTEX_POINT('',#8301);
#2722=VERTEX_POINT('',#8303);
#2723=VERTEX_POINT('',#8307);
#2724=VERTEX_POINT('',#8308);
#2725=VERTEX_POINT('',#8310);
#2726=VERTEX_POINT('',#8312);
#2727=VERTEX_POINT('',#8316);
#2728=VERTEX_POINT('',#8317);
#2729=VERTEX_POINT('',#8319);
#2730=VERTEX_POINT('',#8321);
#2731=VERTEX_POINT('',#8325);
#2732=VERTEX_POINT('',#8326);
#2733=VERTEX_POINT('',#8328);
#2734=VERTEX_POINT('',#8330);
#2735=VERTEX_POINT('',#8334);
#2736=VERTEX_POINT('',#8335);
#2737=VERTEX_POINT('',#8337);
#2738=VERTEX_POINT('',#8339);
#2739=VERTEX_POINT('',#8343);
#2740=VERTEX_POINT('',#8344);
#2741=VERTEX_POINT('',#8346);
#2742=VERTEX_POINT('',#8348);
#2743=VERTEX_POINT('',#8352);
#2744=VERTEX_POINT('',#8353);
#2745=VERTEX_POINT('',#8355);
#2746=VERTEX_POINT('',#8357);
#2747=VERTEX_POINT('',#8361);
#2748=VERTEX_POINT('',#8362);
#2749=VERTEX_POINT('',#8364);
#2750=VERTEX_POINT('',#8366);
#2751=VERTEX_POINT('',#8370);
#2752=VERTEX_POINT('',#8371);
#2753=VERTEX_POINT('',#8373);
#2754=VERTEX_POINT('',#8375);
#2755=VERTEX_POINT('',#8379);
#2756=VERTEX_POINT('',#8380);
#2757=VERTEX_POINT('',#8382);
#2758=VERTEX_POINT('',#8384);
#2759=VERTEX_POINT('',#8388);
#2760=VERTEX_POINT('',#8389);
#2761=VERTEX_POINT('',#8391);
#2762=VERTEX_POINT('',#8393);
#2763=VERTEX_POINT('',#8397);
#2764=VERTEX_POINT('',#8398);
#2765=VERTEX_POINT('',#8400);
#2766=VERTEX_POINT('',#8402);
#2767=VERTEX_POINT('',#8406);
#2768=VERTEX_POINT('',#8407);
#2769=VERTEX_POINT('',#8409);
#2770=VERTEX_POINT('',#8411);
#2771=VERTEX_POINT('',#8415);
#2772=VERTEX_POINT('',#8416);
#2773=VERTEX_POINT('',#8418);
#2774=VERTEX_POINT('',#8420);
#2775=VERTEX_POINT('',#8424);
#2776=VERTEX_POINT('',#8425);
#2777=VERTEX_POINT('',#8427);
#2778=VERTEX_POINT('',#8429);
#2779=VERTEX_POINT('',#8433);
#2780=VERTEX_POINT('',#8434);
#2781=VERTEX_POINT('',#8436);
#2782=VERTEX_POINT('',#8438);
#2783=VERTEX_POINT('',#8442);
#2784=VERTEX_POINT('',#8443);
#2785=VERTEX_POINT('',#8445);
#2786=VERTEX_POINT('',#8447);
#2787=VERTEX_POINT('',#8451);
#2788=VERTEX_POINT('',#8452);
#2789=VERTEX_POINT('',#8454);
#2790=VERTEX_POINT('',#8456);
#2791=VERTEX_POINT('',#8460);
#2792=VERTEX_POINT('',#8461);
#2793=VERTEX_POINT('',#8463);
#2794=VERTEX_POINT('',#8465);
#2795=VERTEX_POINT('',#8469);
#2796=VERTEX_POINT('',#8470);
#2797=VERTEX_POINT('',#8472);
#2798=VERTEX_POINT('',#8474);
#2799=VERTEX_POINT('',#8478);
#2800=VERTEX_POINT('',#8479);
#2801=VERTEX_POINT('',#8481);
#2802=VERTEX_POINT('',#8483);
#2803=VERTEX_POINT('',#8487);
#2804=VERTEX_POINT('',#8489);
#2805=VERTEX_POINT('',#8492);
#2806=VERTEX_POINT('',#8493);
#2807=VERTEX_POINT('',#8495);
#2808=VERTEX_POINT('',#8497);
#2809=VERTEX_POINT('',#8501);
#2810=VERTEX_POINT('',#8502);
#2811=VERTEX_POINT('',#8504);
#2812=VERTEX_POINT('',#8506);
#2813=VERTEX_POINT('',#8510);
#2814=VERTEX_POINT('',#8512);
#2815=VERTEX_POINT('',#8515);
#2816=VERTEX_POINT('',#8516);
#2817=VERTEX_POINT('',#8518);
#2818=VERTEX_POINT('',#8520);
#2819=VERTEX_POINT('',#8524);
#2820=VERTEX_POINT('',#8525);
#2821=VERTEX_POINT('',#8527);
#2822=VERTEX_POINT('',#8529);
#2823=VERTEX_POINT('',#8533);
#2824=VERTEX_POINT('',#8534);
#2825=VERTEX_POINT('',#8536);
#2826=VERTEX_POINT('',#8538);
#2827=VERTEX_POINT('',#8542);
#2828=VERTEX_POINT('',#8543);
#2829=VERTEX_POINT('',#8545);
#2830=VERTEX_POINT('',#8547);
#2831=EDGE_CURVE('',#2023,#2024,#1731,.T.);
#2832=EDGE_CURVE('',#2024,#2025,#1732,.T.);
#2833=EDGE_CURVE('',#2025,#2026,#1733,.T.);
#2834=EDGE_CURVE('',#2026,#2023,#1734,.T.);
#2835=EDGE_CURVE('',#2027,#2028,#1735,.T.);
#2836=EDGE_CURVE('',#2028,#2029,#1736,.T.);
#2837=EDGE_CURVE('',#2029,#2030,#1737,.T.);
#2838=EDGE_CURVE('',#2030,#2027,#1738,.T.);
#2839=EDGE_CURVE('',#2031,#2032,#1739,.T.);
#2840=EDGE_CURVE('',#2032,#2033,#1740,.T.);
#2841=EDGE_CURVE('',#2033,#2034,#1741,.T.);
#2842=EDGE_CURVE('',#2034,#2031,#1742,.T.);
#2843=EDGE_CURVE('',#2035,#2036,#1743,.T.);
#2844=EDGE_CURVE('',#2036,#2037,#123,.T.);
#2845=EDGE_CURVE('',#2037,#2038,#1744,.T.);
#2846=EDGE_CURVE('',#2038,#2035,#124,.T.);
#2847=EDGE_CURVE('',#2039,#2040,#125,.T.);
#2848=EDGE_CURVE('',#2040,#2041,#1745,.T.);
#2849=EDGE_CURVE('',#2041,#2042,#126,.T.);
#2850=EDGE_CURVE('',#2042,#2039,#1746,.T.);
#2851=EDGE_CURVE('',#2043,#2044,#1747,.T.);
#2852=EDGE_CURVE('',#2044,#2045,#1748,.T.);
#2853=EDGE_CURVE('',#2045,#2046,#1749,.T.);
#2854=EDGE_CURVE('',#2046,#2043,#1750,.T.);
#2855=EDGE_CURVE('',#2047,#2048,#127,.T.);
#2856=EDGE_CURVE('',#2048,#2049,#1751,.T.);
#2857=EDGE_CURVE('',#2049,#2050,#128,.T.);
#2858=EDGE_CURVE('',#2050,#2047,#1752,.T.);
#2859=EDGE_CURVE('',#2051,#2052,#129,.T.);
#2860=EDGE_CURVE('',#2052,#2053,#1753,.T.);
#2861=EDGE_CURVE('',#2053,#2054,#130,.T.);
#2862=EDGE_CURVE('',#2054,#2051,#1754,.T.);
#2863=EDGE_CURVE('',#2055,#2056,#131,.T.);
#2864=EDGE_CURVE('',#2056,#2057,#1755,.T.);
#2865=EDGE_CURVE('',#2057,#2058,#132,.T.);
#2866=EDGE_CURVE('',#2058,#2055,#1756,.T.);
#2867=EDGE_CURVE('',#2059,#2060,#133,.T.);
#2868=EDGE_CURVE('',#2060,#2061,#1757,.T.);
#2869=EDGE_CURVE('',#2061,#2062,#134,.T.);
#2870=EDGE_CURVE('',#2062,#2059,#1758,.T.);
#2871=EDGE_CURVE('',#2063,#2064,#1759,.T.);
#2872=EDGE_CURVE('',#2064,#2065,#135,.T.);
#2873=EDGE_CURVE('',#2065,#2066,#1760,.T.);
#2874=EDGE_CURVE('',#2066,#2063,#136,.T.);
#2875=EDGE_CURVE('',#2067,#2068,#137,.T.);
#2876=EDGE_CURVE('',#2068,#2069,#1761,.T.);
#2877=EDGE_CURVE('',#2069,#2070,#138,.T.);
#2878=EDGE_CURVE('',#2070,#2067,#1762,.T.);
#2879=EDGE_CURVE('',#2071,#2072,#139,.T.);
#2880=EDGE_CURVE('',#2072,#2073,#1763,.T.);
#2881=EDGE_CURVE('',#2073,#2074,#140,.T.);
#2882=EDGE_CURVE('',#2074,#2071,#1764,.T.);
#2883=EDGE_CURVE('',#2075,#2076,#141,.T.);
#2884=EDGE_CURVE('',#2076,#2077,#1765,.T.);
#2885=EDGE_CURVE('',#2077,#2078,#142,.T.);
#2886=EDGE_CURVE('',#2078,#2075,#1766,.T.);
#2887=EDGE_CURVE('',#2079,#2080,#1767,.T.);
#2888=EDGE_CURVE('',#2080,#2081,#143,.T.);
#2889=EDGE_CURVE('',#2081,#2082,#1768,.T.);
#2890=EDGE_CURVE('',#2082,#2079,#144,.T.);
#2891=EDGE_CURVE('',#2083,#2084,#145,.T.);
#2892=EDGE_CURVE('',#2084,#2085,#1769,.T.);
#2893=EDGE_CURVE('',#2085,#2086,#146,.T.);
#2894=EDGE_CURVE('',#2086,#2083,#1770,.T.);
#2895=EDGE_CURVE('',#2087,#2088,#147,.T.);
#2896=EDGE_CURVE('',#2088,#2089,#1771,.T.);
#2897=EDGE_CURVE('',#2089,#2090,#148,.T.);
#2898=EDGE_CURVE('',#2090,#2087,#1772,.T.);
#2899=EDGE_CURVE('',#2091,#2092,#149,.T.);
#2900=EDGE_CURVE('',#2092,#2093,#1773,.T.);
#2901=EDGE_CURVE('',#2093,#2094,#150,.T.);
#2902=EDGE_CURVE('',#2094,#2091,#1774,.T.);
#2903=EDGE_CURVE('',#2095,#2096,#151,.T.);
#2904=EDGE_CURVE('',#2096,#2097,#1775,.T.);
#2905=EDGE_CURVE('',#2097,#2098,#152,.T.);
#2906=EDGE_CURVE('',#2098,#2095,#1776,.T.);
#2907=EDGE_CURVE('',#2099,#2100,#153,.T.);
#2908=EDGE_CURVE('',#2100,#2101,#1777,.T.);
#2909=EDGE_CURVE('',#2101,#2102,#154,.T.);
#2910=EDGE_CURVE('',#2102,#2099,#1778,.T.);
#2911=EDGE_CURVE('',#2103,#2104,#155,.T.);
#2912=EDGE_CURVE('',#2104,#2105,#1779,.T.);
#2913=EDGE_CURVE('',#2105,#2106,#156,.T.);
#2914=EDGE_CURVE('',#2106,#2103,#1780,.T.);
#2915=EDGE_CURVE('',#2107,#2108,#157,.T.);
#2916=EDGE_CURVE('',#2108,#2109,#1781,.T.);
#2917=EDGE_CURVE('',#2109,#2110,#158,.T.);
#2918=EDGE_CURVE('',#2110,#2107,#1782,.T.);
#2919=EDGE_CURVE('',#2111,#2112,#159,.T.);
#2920=EDGE_CURVE('',#2112,#2113,#1783,.T.);
#2921=EDGE_CURVE('',#2113,#2114,#160,.T.);
#2922=EDGE_CURVE('',#2114,#2111,#1784,.T.);
#2923=EDGE_CURVE('',#2115,#2116,#161,.T.);
#2924=EDGE_CURVE('',#2116,#2117,#1785,.T.);
#2925=EDGE_CURVE('',#2117,#2118,#162,.T.);
#2926=EDGE_CURVE('',#2118,#2115,#1786,.T.);
#2927=EDGE_CURVE('',#2119,#2120,#163,.T.);
#2928=EDGE_CURVE('',#2120,#2121,#1787,.T.);
#2929=EDGE_CURVE('',#2121,#2122,#164,.T.);
#2930=EDGE_CURVE('',#2122,#2119,#1788,.T.);
#2931=EDGE_CURVE('',#2123,#2124,#165,.T.);
#2932=EDGE_CURVE('',#2124,#2125,#1789,.T.);
#2933=EDGE_CURVE('',#2125,#2126,#166,.T.);
#2934=EDGE_CURVE('',#2126,#2123,#1790,.T.);
#2935=EDGE_CURVE('',#2127,#2128,#167,.T.);
#2936=EDGE_CURVE('',#2128,#2129,#1791,.T.);
#2937=EDGE_CURVE('',#2129,#2130,#168,.T.);
#2938=EDGE_CURVE('',#2130,#2127,#1792,.T.);
#2939=EDGE_CURVE('',#2131,#2132,#1793,.T.);
#2940=EDGE_CURVE('',#2132,#2133,#169,.T.);
#2941=EDGE_CURVE('',#2133,#2134,#1794,.T.);
#2942=EDGE_CURVE('',#2134,#2131,#170,.T.);
#2943=EDGE_CURVE('',#2135,#2136,#171,.T.);
#2944=EDGE_CURVE('',#2136,#2137,#1795,.T.);
#2945=EDGE_CURVE('',#2137,#2138,#172,.T.);
#2946=EDGE_CURVE('',#2138,#2135,#1796,.T.);
#2947=EDGE_CURVE('',#2139,#2140,#1797,.T.);
#2948=EDGE_CURVE('',#2140,#2141,#173,.T.);
#2949=EDGE_CURVE('',#2141,#2142,#1798,.T.);
#2950=EDGE_CURVE('',#2142,#2139,#174,.T.);
#2951=EDGE_CURVE('',#2143,#2144,#175,.T.);
#2952=EDGE_CURVE('',#2144,#2145,#1799,.T.);
#2953=EDGE_CURVE('',#2145,#2146,#176,.T.);
#2954=EDGE_CURVE('',#2146,#2143,#1800,.T.);
#2955=EDGE_CURVE('',#2147,#2148,#177,.T.);
#2956=EDGE_CURVE('',#2148,#2149,#1801,.T.);
#2957=EDGE_CURVE('',#2149,#2150,#178,.T.);
#2958=EDGE_CURVE('',#2150,#2147,#1802,.T.);
#2959=EDGE_CURVE('',#2151,#2152,#179,.T.);
#2960=EDGE_CURVE('',#2152,#2153,#1803,.T.);
#2961=EDGE_CURVE('',#2153,#2154,#180,.T.);
#2962=EDGE_CURVE('',#2154,#2151,#1804,.T.);
#2963=EDGE_CURVE('',#2155,#2156,#181,.T.);
#2964=EDGE_CURVE('',#2156,#2157,#1805,.T.);
#2965=EDGE_CURVE('',#2157,#2158,#182,.T.);
#2966=EDGE_CURVE('',#2158,#2155,#1806,.T.);
#2967=EDGE_CURVE('',#2159,#2160,#183,.T.);
#2968=EDGE_CURVE('',#2160,#2161,#1807,.T.);
#2969=EDGE_CURVE('',#2161,#2162,#184,.T.);
#2970=EDGE_CURVE('',#2162,#2159,#1808,.T.);
#2971=EDGE_CURVE('',#2163,#2164,#185,.T.);
#2972=EDGE_CURVE('',#2164,#2165,#1809,.T.);
#2973=EDGE_CURVE('',#2165,#2166,#186,.T.);
#2974=EDGE_CURVE('',#2166,#2163,#1810,.T.);
#2975=EDGE_CURVE('',#2167,#2168,#187,.T.);
#2976=EDGE_CURVE('',#2168,#2169,#1811,.T.);
#2977=EDGE_CURVE('',#2169,#2170,#188,.T.);
#2978=EDGE_CURVE('',#2170,#2167,#1812,.T.);
#2979=EDGE_CURVE('',#2171,#2172,#189,.T.);
#2980=EDGE_CURVE('',#2172,#2173,#1813,.T.);
#2981=EDGE_CURVE('',#2173,#2174,#190,.T.);
#2982=EDGE_CURVE('',#2174,#2171,#1814,.T.);
#2983=EDGE_CURVE('',#2175,#2176,#191,.T.);
#2984=EDGE_CURVE('',#2176,#2177,#1815,.T.);
#2985=EDGE_CURVE('',#2177,#2178,#192,.T.);
#2986=EDGE_CURVE('',#2178,#2175,#1816,.T.);
#2987=EDGE_CURVE('',#2179,#2180,#193,.T.);
#2988=EDGE_CURVE('',#2180,#2181,#1817,.T.);
#2989=EDGE_CURVE('',#2181,#2182,#194,.T.);
#2990=EDGE_CURVE('',#2182,#2179,#1818,.T.);
#2991=EDGE_CURVE('',#2183,#2184,#195,.T.);
#2992=EDGE_CURVE('',#2184,#2185,#1819,.T.);
#2993=EDGE_CURVE('',#2185,#2186,#196,.T.);
#2994=EDGE_CURVE('',#2186,#2183,#1820,.T.);
#2995=EDGE_CURVE('',#2187,#2188,#197,.T.);
#2996=EDGE_CURVE('',#2188,#2189,#1821,.T.);
#2997=EDGE_CURVE('',#2189,#2190,#198,.T.);
#2998=EDGE_CURVE('',#2190,#2187,#1822,.T.);
#2999=EDGE_CURVE('',#2191,#2192,#199,.T.);
#3000=EDGE_CURVE('',#2192,#2193,#1823,.T.);
#3001=EDGE_CURVE('',#2193,#2194,#200,.T.);
#3002=EDGE_CURVE('',#2194,#2191,#1824,.T.);
#3003=EDGE_CURVE('',#2195,#2196,#201,.T.);
#3004=EDGE_CURVE('',#2196,#2197,#1825,.T.);
#3005=EDGE_CURVE('',#2197,#2198,#202,.T.);
#3006=EDGE_CURVE('',#2198,#2195,#1826,.T.);
#3007=EDGE_CURVE('',#2199,#2200,#203,.T.);
#3008=EDGE_CURVE('',#2200,#2201,#1827,.T.);
#3009=EDGE_CURVE('',#2201,#2202,#204,.T.);
#3010=EDGE_CURVE('',#2202,#2199,#1828,.T.);
#3011=EDGE_CURVE('',#2203,#2204,#205,.T.);
#3012=EDGE_CURVE('',#2204,#2205,#1829,.T.);
#3013=EDGE_CURVE('',#2205,#2206,#206,.T.);
#3014=EDGE_CURVE('',#2206,#2203,#1830,.T.);
#3015=EDGE_CURVE('',#2207,#2208,#207,.T.);
#3016=EDGE_CURVE('',#2208,#2209,#1831,.T.);
#3017=EDGE_CURVE('',#2209,#2210,#208,.T.);
#3018=EDGE_CURVE('',#2210,#2207,#1832,.T.);
#3019=EDGE_CURVE('',#2211,#2212,#209,.T.);
#3020=EDGE_CURVE('',#2212,#2213,#1833,.T.);
#3021=EDGE_CURVE('',#2213,#2214,#210,.T.);
#3022=EDGE_CURVE('',#2214,#2211,#1834,.T.);
#3023=EDGE_CURVE('',#2215,#2216,#211,.T.);
#3024=EDGE_CURVE('',#2216,#2217,#1835,.T.);
#3025=EDGE_CURVE('',#2217,#2218,#212,.T.);
#3026=EDGE_CURVE('',#2218,#2215,#1836,.T.);
#3027=EDGE_CURVE('',#2219,#2220,#213,.T.);
#3028=EDGE_CURVE('',#2220,#2221,#1837,.T.);
#3029=EDGE_CURVE('',#2221,#2222,#214,.T.);
#3030=EDGE_CURVE('',#2222,#2219,#1838,.T.);
#3031=EDGE_CURVE('',#2223,#2224,#215,.T.);
#3032=EDGE_CURVE('',#2224,#2225,#1839,.T.);
#3033=EDGE_CURVE('',#2225,#2226,#216,.T.);
#3034=EDGE_CURVE('',#2226,#2223,#1840,.T.);
#3035=EDGE_CURVE('',#2227,#2228,#217,.T.);
#3036=EDGE_CURVE('',#2228,#2229,#1841,.T.);
#3037=EDGE_CURVE('',#2229,#2230,#218,.T.);
#3038=EDGE_CURVE('',#2230,#2227,#1842,.T.);
#3039=EDGE_CURVE('',#2231,#2232,#219,.T.);
#3040=EDGE_CURVE('',#2232,#2233,#1843,.T.);
#3041=EDGE_CURVE('',#2233,#2234,#220,.T.);
#3042=EDGE_CURVE('',#2234,#2231,#1844,.T.);
#3043=EDGE_CURVE('',#2235,#2236,#221,.T.);
#3044=EDGE_CURVE('',#2236,#2237,#222,.T.);
#3045=EDGE_CURVE('',#2237,#2238,#1845,.T.);
#3046=EDGE_CURVE('',#2238,#2239,#223,.T.);
#3047=EDGE_CURVE('',#2239,#2240,#224,.T.);
#3048=EDGE_CURVE('',#2240,#2241,#1846,.T.);
#3049=EDGE_CURVE('',#2241,#2242,#225,.T.);
#3050=EDGE_CURVE('',#2242,#2243,#226,.T.);
#3051=EDGE_CURVE('',#2243,#2244,#1847,.T.);
#3052=EDGE_CURVE('',#2244,#2245,#227,.T.);
#3053=EDGE_CURVE('',#2245,#2246,#228,.T.);
#3054=EDGE_CURVE('',#2246,#2247,#1848,.T.);
#3055=EDGE_CURVE('',#2247,#2248,#229,.T.);
#3056=EDGE_CURVE('',#2248,#2249,#230,.T.);
#3057=EDGE_CURVE('',#2249,#2250,#1849,.T.);
#3058=EDGE_CURVE('',#2250,#2251,#231,.T.);
#3059=EDGE_CURVE('',#2251,#2252,#232,.T.);
#3060=EDGE_CURVE('',#2252,#2235,#1850,.T.);
#3061=EDGE_CURVE('',#2253,#2253,#1851,.T.);
#3062=EDGE_CURVE('',#2254,#2254,#1852,.T.);
#3063=EDGE_CURVE('',#2255,#2255,#1853,.T.);
#3064=EDGE_CURVE('',#2256,#2256,#1854,.T.);
#3065=EDGE_CURVE('',#2257,#2257,#1855,.T.);
#3066=EDGE_CURVE('',#2258,#2258,#1856,.T.);
#3067=EDGE_CURVE('',#2259,#2259,#1857,.T.);
#3068=EDGE_CURVE('',#2260,#2260,#1858,.T.);
#3069=EDGE_CURVE('',#2261,#2261,#1859,.T.);
#3070=EDGE_CURVE('',#2262,#2262,#1860,.T.);
#3071=EDGE_CURVE('',#2263,#2263,#1861,.T.);
#3072=EDGE_CURVE('',#2264,#2264,#1862,.T.);
#3073=EDGE_CURVE('',#2265,#2265,#1863,.T.);
#3074=EDGE_CURVE('',#2266,#2266,#1864,.T.);
#3075=EDGE_CURVE('',#2267,#2267,#1865,.T.);
#3076=EDGE_CURVE('',#2268,#2268,#1866,.T.);
#3077=EDGE_CURVE('',#2269,#2269,#1867,.T.);
#3078=EDGE_CURVE('',#2270,#2270,#1868,.T.);
#3079=EDGE_CURVE('',#2271,#2271,#1869,.T.);
#3080=EDGE_CURVE('',#2272,#2272,#1870,.T.);
#3081=EDGE_CURVE('',#2273,#2274,#233,.T.);
#3082=EDGE_CURVE('',#2274,#2275,#1871,.T.);
#3083=EDGE_CURVE('',#2275,#2276,#234,.T.);
#3084=EDGE_CURVE('',#2276,#2277,#235,.T.);
#3085=EDGE_CURVE('',#2277,#2278,#1872,.T.);
#3086=EDGE_CURVE('',#2278,#2279,#236,.T.);
#3087=EDGE_CURVE('',#2279,#2280,#237,.T.);
#3088=EDGE_CURVE('',#2280,#2281,#1873,.T.);
#3089=EDGE_CURVE('',#2281,#2282,#238,.T.);
#3090=EDGE_CURVE('',#2282,#2283,#239,.T.);
#3091=EDGE_CURVE('',#2283,#2284,#1874,.T.);
#3092=EDGE_CURVE('',#2284,#2285,#240,.T.);
#3093=EDGE_CURVE('',#2285,#2286,#241,.T.);
#3094=EDGE_CURVE('',#2286,#2287,#1875,.T.);
#3095=EDGE_CURVE('',#2287,#2288,#242,.T.);
#3096=EDGE_CURVE('',#2288,#2289,#243,.T.);
#3097=EDGE_CURVE('',#2289,#2290,#1876,.T.);
#3098=EDGE_CURVE('',#2290,#2291,#244,.T.);
#3099=EDGE_CURVE('',#2291,#2292,#245,.T.);
#3100=EDGE_CURVE('',#2292,#2293,#1877,.T.);
#3101=EDGE_CURVE('',#2293,#2294,#246,.T.);
#3102=EDGE_CURVE('',#2294,#2295,#247,.T.);
#3103=EDGE_CURVE('',#2295,#2296,#1878,.T.);
#3104=EDGE_CURVE('',#2296,#2297,#248,.T.);
#3105=EDGE_CURVE('',#2297,#2298,#249,.T.);
#3106=EDGE_CURVE('',#2298,#2299,#1879,.T.);
#3107=EDGE_CURVE('',#2299,#2300,#250,.T.);
#3108=EDGE_CURVE('',#2300,#2301,#251,.T.);
#3109=EDGE_CURVE('',#2301,#2302,#1880,.T.);
#3110=EDGE_CURVE('',#2302,#2303,#252,.T.);
#3111=EDGE_CURVE('',#2303,#2304,#253,.T.);
#3112=EDGE_CURVE('',#2304,#2305,#1881,.T.);
#3113=EDGE_CURVE('',#2305,#2306,#254,.T.);
#3114=EDGE_CURVE('',#2306,#2307,#255,.T.);
#3115=EDGE_CURVE('',#2307,#2308,#1882,.T.);
#3116=EDGE_CURVE('',#2308,#2309,#256,.T.);
#3117=EDGE_CURVE('',#2309,#2310,#257,.T.);
#3118=EDGE_CURVE('',#2310,#2311,#1883,.T.);
#3119=EDGE_CURVE('',#2311,#2312,#258,.T.);
#3120=EDGE_CURVE('',#2312,#2313,#259,.T.);
#3121=EDGE_CURVE('',#2313,#2314,#1884,.T.);
#3122=EDGE_CURVE('',#2314,#2315,#260,.T.);
#3123=EDGE_CURVE('',#2315,#2316,#261,.T.);
#3124=EDGE_CURVE('',#2316,#2317,#1885,.T.);
#3125=EDGE_CURVE('',#2317,#2318,#262,.T.);
#3126=EDGE_CURVE('',#2318,#2319,#263,.T.);
#3127=EDGE_CURVE('',#2319,#2320,#1886,.T.);
#3128=EDGE_CURVE('',#2320,#2321,#264,.T.);
#3129=EDGE_CURVE('',#2321,#2322,#265,.T.);
#3130=EDGE_CURVE('',#2322,#2323,#1887,.T.);
#3131=EDGE_CURVE('',#2323,#2324,#266,.T.);
#3132=EDGE_CURVE('',#2324,#2325,#267,.T.);
#3133=EDGE_CURVE('',#2325,#2326,#1888,.T.);
#3134=EDGE_CURVE('',#2326,#2327,#268,.T.);
#3135=EDGE_CURVE('',#2327,#2328,#269,.T.);
#3136=EDGE_CURVE('',#2328,#2329,#1889,.T.);
#3137=EDGE_CURVE('',#2329,#2330,#270,.T.);
#3138=EDGE_CURVE('',#2330,#2331,#271,.T.);
#3139=EDGE_CURVE('',#2331,#2332,#1890,.T.);
#3140=EDGE_CURVE('',#2332,#2333,#272,.T.);
#3141=EDGE_CURVE('',#2333,#2334,#273,.T.);
#3142=EDGE_CURVE('',#2334,#2335,#1891,.T.);
#3143=EDGE_CURVE('',#2335,#2336,#274,.T.);
#3144=EDGE_CURVE('',#2336,#2337,#275,.T.);
#3145=EDGE_CURVE('',#2337,#2338,#1892,.T.);
#3146=EDGE_CURVE('',#2338,#2339,#276,.T.);
#3147=EDGE_CURVE('',#2339,#2340,#277,.T.);
#3148=EDGE_CURVE('',#2340,#2341,#1893,.T.);
#3149=EDGE_CURVE('',#2341,#2342,#278,.T.);
#3150=EDGE_CURVE('',#2342,#2343,#279,.T.);
#3151=EDGE_CURVE('',#2343,#2344,#1894,.T.);
#3152=EDGE_CURVE('',#2344,#2273,#280,.T.);
#3153=EDGE_CURVE('',#2345,#2346,#281,.T.);
#3154=EDGE_CURVE('',#2346,#2347,#1895,.T.);
#3155=EDGE_CURVE('',#2347,#2348,#282,.T.);
#3156=EDGE_CURVE('',#2348,#2345,#1896,.T.);
#3157=EDGE_CURVE('',#2349,#2350,#283,.T.);
#3158=EDGE_CURVE('',#2350,#2351,#1897,.T.);
#3159=EDGE_CURVE('',#2351,#2352,#284,.T.);
#3160=EDGE_CURVE('',#2352,#2349,#1898,.T.);
#3161=EDGE_CURVE('',#2353,#2354,#285,.T.);
#3162=EDGE_CURVE('',#2354,#2355,#286,.T.);
#3163=EDGE_CURVE('',#2355,#2356,#1899,.T.);
#3164=EDGE_CURVE('',#2356,#2357,#287,.T.);
#3165=EDGE_CURVE('',#2357,#2358,#288,.T.);
#3166=EDGE_CURVE('',#2358,#2359,#1900,.T.);
#3167=EDGE_CURVE('',#2359,#2360,#289,.T.);
#3168=EDGE_CURVE('',#2360,#2361,#290,.T.);
#3169=EDGE_CURVE('',#2361,#2362,#1901,.T.);
#3170=EDGE_CURVE('',#2362,#2363,#291,.T.);
#3171=EDGE_CURVE('',#2363,#2364,#292,.T.);
#3172=EDGE_CURVE('',#2364,#2365,#1902,.T.);
#3173=EDGE_CURVE('',#2365,#2366,#293,.T.);
#3174=EDGE_CURVE('',#2366,#2367,#294,.T.);
#3175=EDGE_CURVE('',#2367,#2368,#1903,.T.);
#3176=EDGE_CURVE('',#2368,#2369,#295,.T.);
#3177=EDGE_CURVE('',#2369,#2370,#296,.T.);
#3178=EDGE_CURVE('',#2370,#2371,#1904,.T.);
#3179=EDGE_CURVE('',#2371,#2372,#297,.T.);
#3180=EDGE_CURVE('',#2372,#2373,#298,.T.);
#3181=EDGE_CURVE('',#2373,#2374,#1905,.T.);
#3182=EDGE_CURVE('',#2374,#2375,#299,.T.);
#3183=EDGE_CURVE('',#2375,#2376,#300,.T.);
#3184=EDGE_CURVE('',#2376,#2377,#1906,.T.);
#3185=EDGE_CURVE('',#2377,#2378,#301,.T.);
#3186=EDGE_CURVE('',#2378,#2379,#302,.T.);
#3187=EDGE_CURVE('',#2379,#2380,#1907,.T.);
#3188=EDGE_CURVE('',#2380,#2381,#303,.T.);
#3189=EDGE_CURVE('',#2381,#2382,#304,.T.);
#3190=EDGE_CURVE('',#2382,#2383,#1908,.T.);
#3191=EDGE_CURVE('',#2383,#2384,#305,.T.);
#3192=EDGE_CURVE('',#2384,#2385,#306,.T.);
#3193=EDGE_CURVE('',#2385,#2386,#1909,.T.);
#3194=EDGE_CURVE('',#2386,#2387,#307,.T.);
#3195=EDGE_CURVE('',#2387,#2388,#308,.T.);
#3196=EDGE_CURVE('',#2388,#2389,#1910,.T.);
#3197=EDGE_CURVE('',#2389,#2390,#309,.T.);
#3198=EDGE_CURVE('',#2390,#2391,#310,.T.);
#3199=EDGE_CURVE('',#2391,#2392,#1911,.T.);
#3200=EDGE_CURVE('',#2392,#2393,#311,.T.);
#3201=EDGE_CURVE('',#2393,#2394,#312,.T.);
#3202=EDGE_CURVE('',#2394,#2395,#1912,.T.);
#3203=EDGE_CURVE('',#2395,#2396,#313,.T.);
#3204=EDGE_CURVE('',#2396,#2397,#314,.T.);
#3205=EDGE_CURVE('',#2397,#2398,#1913,.T.);
#3206=EDGE_CURVE('',#2398,#2399,#315,.T.);
#3207=EDGE_CURVE('',#2399,#2400,#316,.T.);
#3208=EDGE_CURVE('',#2400,#2401,#1914,.T.);
#3209=EDGE_CURVE('',#2401,#2402,#317,.T.);
#3210=EDGE_CURVE('',#2402,#2403,#318,.T.);
#3211=EDGE_CURVE('',#2403,#2404,#1915,.T.);
#3212=EDGE_CURVE('',#2404,#2405,#319,.T.);
#3213=EDGE_CURVE('',#2405,#2406,#320,.T.);
#3214=EDGE_CURVE('',#2406,#2407,#1916,.T.);
#3215=EDGE_CURVE('',#2407,#2408,#321,.T.);
#3216=EDGE_CURVE('',#2408,#2409,#322,.T.);
#3217=EDGE_CURVE('',#2409,#2410,#1917,.T.);
#3218=EDGE_CURVE('',#2410,#2411,#323,.T.);
#3219=EDGE_CURVE('',#2411,#2412,#324,.T.);
#3220=EDGE_CURVE('',#2412,#2413,#1918,.T.);
#3221=EDGE_CURVE('',#2413,#2414,#325,.T.);
#3222=EDGE_CURVE('',#2414,#2415,#326,.T.);
#3223=EDGE_CURVE('',#2415,#2416,#1919,.T.);
#3224=EDGE_CURVE('',#2416,#2417,#327,.T.);
#3225=EDGE_CURVE('',#2417,#2418,#328,.T.);
#3226=EDGE_CURVE('',#2418,#2419,#1920,.T.);
#3227=EDGE_CURVE('',#2419,#2420,#329,.T.);
#3228=EDGE_CURVE('',#2420,#2421,#330,.T.);
#3229=EDGE_CURVE('',#2421,#2422,#1921,.T.);
#3230=EDGE_CURVE('',#2422,#2423,#331,.T.);
#3231=EDGE_CURVE('',#2423,#2424,#332,.T.);
#3232=EDGE_CURVE('',#2424,#2353,#1922,.T.);
#3233=EDGE_CURVE('',#2425,#2425,#1923,.T.);
#3234=EDGE_CURVE('',#2426,#2427,#333,.T.);
#3235=EDGE_CURVE('',#2427,#2428,#334,.T.);
#3236=EDGE_CURVE('',#2428,#2429,#335,.T.);
#3237=EDGE_CURVE('',#2429,#2426,#336,.T.);
#3238=EDGE_CURVE('',#2430,#2431,#337,.T.);
#3239=EDGE_CURVE('',#2431,#2432,#338,.T.);
#3240=EDGE_CURVE('',#2432,#2433,#339,.T.);
#3241=EDGE_CURVE('',#2433,#2430,#340,.T.);
#3242=EDGE_CURVE('',#2434,#2435,#341,.T.);
#3243=EDGE_CURVE('',#2435,#2436,#342,.T.);
#3244=EDGE_CURVE('',#2436,#2437,#343,.T.);
#3245=EDGE_CURVE('',#2437,#2434,#344,.T.);
#3246=EDGE_CURVE('',#2438,#2439,#345,.T.);
#3247=EDGE_CURVE('',#2439,#2440,#346,.T.);
#3248=EDGE_CURVE('',#2440,#2441,#347,.T.);
#3249=EDGE_CURVE('',#2441,#2438,#348,.T.);
#3250=EDGE_CURVE('',#2442,#2443,#349,.T.);
#3251=EDGE_CURVE('',#2443,#2444,#350,.T.);
#3252=EDGE_CURVE('',#2444,#2445,#351,.T.);
#3253=EDGE_CURVE('',#2445,#2442,#352,.T.);
#3254=EDGE_CURVE('',#2446,#2447,#353,.T.);
#3255=EDGE_CURVE('',#2447,#2448,#354,.T.);
#3256=EDGE_CURVE('',#2448,#2449,#355,.T.);
#3257=EDGE_CURVE('',#2449,#2446,#356,.T.);
#3258=EDGE_CURVE('',#2450,#2451,#357,.T.);
#3259=EDGE_CURVE('',#2451,#2452,#358,.T.);
#3260=EDGE_CURVE('',#2452,#2453,#359,.T.);
#3261=EDGE_CURVE('',#2453,#2450,#360,.T.);
#3262=EDGE_CURVE('',#2454,#2455,#361,.T.);
#3263=EDGE_CURVE('',#2455,#2456,#362,.T.);
#3264=EDGE_CURVE('',#2456,#2457,#363,.T.);
#3265=EDGE_CURVE('',#2457,#2454,#364,.T.);
#3266=EDGE_CURVE('',#2458,#2459,#365,.T.);
#3267=EDGE_CURVE('',#2459,#2460,#366,.T.);
#3268=EDGE_CURVE('',#2460,#2461,#367,.T.);
#3269=EDGE_CURVE('',#2461,#2458,#368,.T.);
#3270=EDGE_CURVE('',#2462,#2463,#369,.T.);
#3271=EDGE_CURVE('',#2463,#2464,#370,.T.);
#3272=EDGE_CURVE('',#2464,#2465,#371,.T.);
#3273=EDGE_CURVE('',#2465,#2462,#372,.T.);
#3274=EDGE_CURVE('',#2466,#2467,#373,.T.);
#3275=EDGE_CURVE('',#2467,#2468,#374,.T.);
#3276=EDGE_CURVE('',#2468,#2469,#375,.T.);
#3277=EDGE_CURVE('',#2469,#2466,#376,.T.);
#3278=EDGE_CURVE('',#2470,#2471,#377,.T.);
#3279=EDGE_CURVE('',#2471,#2472,#378,.T.);
#3280=EDGE_CURVE('',#2472,#2473,#379,.T.);
#3281=EDGE_CURVE('',#2473,#2470,#380,.T.);
#3282=EDGE_CURVE('',#2474,#2475,#381,.T.);
#3283=EDGE_CURVE('',#2475,#2476,#382,.T.);
#3284=EDGE_CURVE('',#2476,#2477,#383,.T.);
#3285=EDGE_CURVE('',#2477,#2474,#384,.T.);
#3286=EDGE_CURVE('',#2478,#2479,#385,.T.);
#3287=EDGE_CURVE('',#2479,#2480,#386,.T.);
#3288=EDGE_CURVE('',#2480,#2481,#387,.T.);
#3289=EDGE_CURVE('',#2481,#2478,#388,.T.);
#3290=EDGE_CURVE('',#2482,#2483,#389,.T.);
#3291=EDGE_CURVE('',#2483,#2484,#390,.T.);
#3292=EDGE_CURVE('',#2484,#2485,#391,.T.);
#3293=EDGE_CURVE('',#2485,#2482,#392,.T.);
#3294=EDGE_CURVE('',#2486,#2487,#393,.T.);
#3295=EDGE_CURVE('',#2487,#2488,#394,.T.);
#3296=EDGE_CURVE('',#2488,#2489,#395,.T.);
#3297=EDGE_CURVE('',#2489,#2486,#396,.T.);
#3298=EDGE_CURVE('',#2490,#2491,#397,.T.);
#3299=EDGE_CURVE('',#2491,#2492,#398,.T.);
#3300=EDGE_CURVE('',#2492,#2493,#399,.T.);
#3301=EDGE_CURVE('',#2493,#2490,#400,.T.);
#3302=EDGE_CURVE('',#2494,#2495,#401,.T.);
#3303=EDGE_CURVE('',#2495,#2496,#402,.T.);
#3304=EDGE_CURVE('',#2496,#2497,#403,.T.);
#3305=EDGE_CURVE('',#2497,#2494,#404,.T.);
#3306=EDGE_CURVE('',#2498,#2499,#405,.T.);
#3307=EDGE_CURVE('',#2499,#2500,#406,.T.);
#3308=EDGE_CURVE('',#2500,#2501,#407,.T.);
#3309=EDGE_CURVE('',#2501,#2498,#408,.T.);
#3310=EDGE_CURVE('',#2502,#2503,#409,.T.);
#3311=EDGE_CURVE('',#2503,#2504,#410,.T.);
#3312=EDGE_CURVE('',#2504,#2505,#411,.T.);
#3313=EDGE_CURVE('',#2505,#2502,#412,.T.);
#3314=EDGE_CURVE('',#2506,#2507,#413,.T.);
#3315=EDGE_CURVE('',#2507,#2508,#414,.T.);
#3316=EDGE_CURVE('',#2508,#2509,#415,.T.);
#3317=EDGE_CURVE('',#2509,#2506,#416,.T.);
#3318=EDGE_CURVE('',#2510,#2511,#417,.T.);
#3319=EDGE_CURVE('',#2511,#2512,#418,.T.);
#3320=EDGE_CURVE('',#2512,#2513,#419,.T.);
#3321=EDGE_CURVE('',#2513,#2510,#420,.T.);
#3322=EDGE_CURVE('',#2514,#2515,#421,.T.);
#3323=EDGE_CURVE('',#2515,#2516,#422,.T.);
#3324=EDGE_CURVE('',#2516,#2517,#423,.T.);
#3325=EDGE_CURVE('',#2517,#2514,#424,.T.);
#3326=EDGE_CURVE('',#2518,#2519,#425,.T.);
#3327=EDGE_CURVE('',#2519,#2520,#426,.T.);
#3328=EDGE_CURVE('',#2520,#2521,#427,.T.);
#3329=EDGE_CURVE('',#2521,#2518,#428,.T.);
#3330=EDGE_CURVE('',#2522,#2523,#429,.T.);
#3331=EDGE_CURVE('',#2523,#2524,#430,.T.);
#3332=EDGE_CURVE('',#2524,#2525,#431,.T.);
#3333=EDGE_CURVE('',#2525,#2522,#432,.T.);
#3334=EDGE_CURVE('',#2526,#2527,#433,.T.);
#3335=EDGE_CURVE('',#2527,#2528,#434,.T.);
#3336=EDGE_CURVE('',#2528,#2529,#435,.T.);
#3337=EDGE_CURVE('',#2529,#2526,#436,.T.);
#3338=EDGE_CURVE('',#2530,#2531,#437,.T.);
#3339=EDGE_CURVE('',#2531,#2532,#438,.T.);
#3340=EDGE_CURVE('',#2532,#2533,#439,.T.);
#3341=EDGE_CURVE('',#2533,#2530,#440,.T.);
#3342=EDGE_CURVE('',#2534,#2535,#441,.T.);
#3343=EDGE_CURVE('',#2535,#2536,#442,.T.);
#3344=EDGE_CURVE('',#2536,#2537,#443,.T.);
#3345=EDGE_CURVE('',#2537,#2534,#444,.T.);
#3346=EDGE_CURVE('',#2538,#2539,#445,.T.);
#3347=EDGE_CURVE('',#2539,#2540,#446,.T.);
#3348=EDGE_CURVE('',#2540,#2541,#447,.T.);
#3349=EDGE_CURVE('',#2541,#2538,#448,.T.);
#3350=EDGE_CURVE('',#2542,#2543,#449,.T.);
#3351=EDGE_CURVE('',#2543,#2544,#450,.T.);
#3352=EDGE_CURVE('',#2544,#2545,#451,.T.);
#3353=EDGE_CURVE('',#2545,#2542,#452,.T.);
#3354=EDGE_CURVE('',#2546,#2547,#453,.T.);
#3355=EDGE_CURVE('',#2547,#2548,#454,.T.);
#3356=EDGE_CURVE('',#2548,#2549,#455,.T.);
#3357=EDGE_CURVE('',#2549,#2546,#456,.T.);
#3358=EDGE_CURVE('',#2550,#2551,#457,.T.);
#3359=EDGE_CURVE('',#2551,#2552,#458,.T.);
#3360=EDGE_CURVE('',#2552,#2553,#459,.T.);
#3361=EDGE_CURVE('',#2553,#2550,#460,.T.);
#3362=EDGE_CURVE('',#2554,#2555,#461,.T.);
#3363=EDGE_CURVE('',#2555,#2556,#462,.T.);
#3364=EDGE_CURVE('',#2556,#2557,#463,.T.);
#3365=EDGE_CURVE('',#2557,#2554,#464,.T.);
#3366=EDGE_CURVE('',#2558,#2559,#465,.T.);
#3367=EDGE_CURVE('',#2559,#2560,#466,.T.);
#3368=EDGE_CURVE('',#2560,#2561,#467,.T.);
#3369=EDGE_CURVE('',#2561,#2558,#468,.T.);
#3370=EDGE_CURVE('',#2562,#2563,#469,.T.);
#3371=EDGE_CURVE('',#2563,#2564,#470,.T.);
#3372=EDGE_CURVE('',#2564,#2565,#471,.T.);
#3373=EDGE_CURVE('',#2565,#2562,#472,.T.);
#3374=EDGE_CURVE('',#2566,#2567,#473,.T.);
#3375=EDGE_CURVE('',#2567,#2568,#474,.T.);
#3376=EDGE_CURVE('',#2568,#2569,#475,.T.);
#3377=EDGE_CURVE('',#2569,#2566,#476,.T.);
#3378=EDGE_CURVE('',#2570,#2571,#477,.T.);
#3379=EDGE_CURVE('',#2571,#2572,#478,.T.);
#3380=EDGE_CURVE('',#2572,#2573,#479,.T.);
#3381=EDGE_CURVE('',#2573,#2570,#480,.T.);
#3382=EDGE_CURVE('',#2574,#2575,#481,.T.);
#3383=EDGE_CURVE('',#2575,#2576,#482,.T.);
#3384=EDGE_CURVE('',#2576,#2577,#483,.T.);
#3385=EDGE_CURVE('',#2577,#2574,#484,.T.);
#3386=EDGE_CURVE('',#2578,#2579,#485,.T.);
#3387=EDGE_CURVE('',#2579,#2580,#486,.T.);
#3388=EDGE_CURVE('',#2580,#2581,#487,.T.);
#3389=EDGE_CURVE('',#2581,#2578,#488,.T.);
#3390=EDGE_CURVE('',#2582,#2583,#489,.T.);
#3391=EDGE_CURVE('',#2583,#2584,#490,.T.);
#3392=EDGE_CURVE('',#2584,#2585,#491,.T.);
#3393=EDGE_CURVE('',#2585,#2582,#492,.T.);
#3394=EDGE_CURVE('',#2586,#2587,#493,.T.);
#3395=EDGE_CURVE('',#2587,#2588,#494,.T.);
#3396=EDGE_CURVE('',#2588,#2589,#495,.T.);
#3397=EDGE_CURVE('',#2589,#2586,#496,.T.);
#3398=EDGE_CURVE('',#2590,#2591,#497,.T.);
#3399=EDGE_CURVE('',#2591,#2592,#498,.T.);
#3400=EDGE_CURVE('',#2592,#2593,#499,.T.);
#3401=EDGE_CURVE('',#2593,#2590,#500,.T.);
#3402=EDGE_CURVE('',#2594,#2595,#501,.T.);
#3403=EDGE_CURVE('',#2595,#2596,#502,.T.);
#3404=EDGE_CURVE('',#2596,#2597,#503,.T.);
#3405=EDGE_CURVE('',#2597,#2594,#504,.T.);
#3406=EDGE_CURVE('',#2598,#2599,#505,.T.);
#3407=EDGE_CURVE('',#2599,#2600,#506,.T.);
#3408=EDGE_CURVE('',#2600,#2601,#507,.T.);
#3409=EDGE_CURVE('',#2601,#2598,#508,.T.);
#3410=EDGE_CURVE('',#2602,#2603,#509,.T.);
#3411=EDGE_CURVE('',#2603,#2604,#510,.T.);
#3412=EDGE_CURVE('',#2604,#2605,#511,.T.);
#3413=EDGE_CURVE('',#2605,#2602,#512,.T.);
#3414=EDGE_CURVE('',#2606,#2607,#513,.T.);
#3415=EDGE_CURVE('',#2607,#2608,#514,.T.);
#3416=EDGE_CURVE('',#2608,#2609,#515,.T.);
#3417=EDGE_CURVE('',#2609,#2606,#516,.T.);
#3418=EDGE_CURVE('',#2610,#2611,#517,.T.);
#3419=EDGE_CURVE('',#2611,#2612,#518,.T.);
#3420=EDGE_CURVE('',#2612,#2613,#519,.T.);
#3421=EDGE_CURVE('',#2613,#2610,#520,.T.);
#3422=EDGE_CURVE('',#2614,#2615,#521,.T.);
#3423=EDGE_CURVE('',#2615,#2616,#522,.T.);
#3424=EDGE_CURVE('',#2616,#2617,#523,.T.);
#3425=EDGE_CURVE('',#2617,#2614,#524,.T.);
#3426=EDGE_CURVE('',#2618,#2619,#1924,.T.);
#3427=EDGE_CURVE('',#2619,#2620,#525,.T.);
#3428=EDGE_CURVE('',#2620,#2621,#1925,.T.);
#3429=EDGE_CURVE('',#2621,#2618,#526,.T.);
#3430=EDGE_CURVE('',#2622,#2623,#527,.T.);
#3431=EDGE_CURVE('',#2623,#2624,#528,.T.);
#3432=EDGE_CURVE('',#2624,#2625,#529,.T.);
#3433=EDGE_CURVE('',#2625,#2622,#530,.T.);
#3434=EDGE_CURVE('',#2626,#2627,#531,.T.);
#3435=EDGE_CURVE('',#2627,#2628,#532,.T.);
#3436=EDGE_CURVE('',#2628,#2629,#533,.T.);
#3437=EDGE_CURVE('',#2629,#2626,#534,.T.);
#3438=EDGE_CURVE('',#2630,#2631,#535,.T.);
#3439=EDGE_CURVE('',#2631,#2632,#536,.T.);
#3440=EDGE_CURVE('',#2632,#2633,#1926,.T.);
#3441=EDGE_CURVE('',#2633,#2634,#537,.T.);
#3442=EDGE_CURVE('',#2634,#2635,#538,.T.);
#3443=EDGE_CURVE('',#2635,#2636,#1927,.T.);
#3444=EDGE_CURVE('',#2636,#2637,#539,.T.);
#3445=EDGE_CURVE('',#2637,#2638,#540,.T.);
#3446=EDGE_CURVE('',#2638,#2639,#1928,.T.);
#3447=EDGE_CURVE('',#2639,#2640,#541,.T.);
#3448=EDGE_CURVE('',#2640,#2641,#542,.T.);
#3449=EDGE_CURVE('',#2641,#2642,#1929,.T.);
#3450=EDGE_CURVE('',#2642,#2643,#543,.T.);
#3451=EDGE_CURVE('',#2643,#2644,#544,.T.);
#3452=EDGE_CURVE('',#2644,#2645,#1930,.T.);
#3453=EDGE_CURVE('',#2645,#2646,#545,.T.);
#3454=EDGE_CURVE('',#2646,#2647,#546,.T.);
#3455=EDGE_CURVE('',#2647,#2630,#1931,.T.);
#3456=EDGE_CURVE('',#2648,#2648,#1932,.T.);
#3457=EDGE_CURVE('',#2649,#2649,#1933,.T.);
#3458=EDGE_CURVE('',#2650,#2650,#1934,.T.);
#3459=EDGE_CURVE('',#2651,#2651,#1935,.T.);
#3460=EDGE_CURVE('',#2652,#2652,#1936,.T.);
#3461=EDGE_CURVE('',#2653,#2653,#1937,.T.);
#3462=EDGE_CURVE('',#2654,#2654,#1938,.T.);
#3463=EDGE_CURVE('',#2655,#2655,#1939,.T.);
#3464=EDGE_CURVE('',#2656,#2656,#1940,.T.);
#3465=EDGE_CURVE('',#2657,#2657,#1941,.T.);
#3466=EDGE_CURVE('',#2658,#2658,#1942,.T.);
#3467=EDGE_CURVE('',#2659,#2659,#1943,.T.);
#3468=EDGE_CURVE('',#2660,#2660,#1944,.T.);
#3469=EDGE_CURVE('',#2661,#2661,#1945,.T.);
#3470=EDGE_CURVE('',#2662,#2662,#1946,.T.);
#3471=EDGE_CURVE('',#2663,#2663,#1947,.T.);
#3472=EDGE_CURVE('',#2664,#2664,#1948,.T.);
#3473=EDGE_CURVE('',#2665,#2665,#1949,.T.);
#3474=EDGE_CURVE('',#2666,#2666,#1950,.T.);
#3475=EDGE_CURVE('',#2667,#2668,#1951,.T.);
#3476=EDGE_CURVE('',#2668,#2669,#547,.T.);
#3477=EDGE_CURVE('',#2669,#2670,#1952,.T.);
#3478=EDGE_CURVE('',#2670,#2667,#548,.T.);
#3479=EDGE_CURVE('',#2671,#2672,#1953,.T.);
#3480=EDGE_CURVE('',#2672,#2673,#549,.T.);
#3481=EDGE_CURVE('',#2673,#2674,#1954,.T.);
#3482=EDGE_CURVE('',#2674,#2671,#550,.T.);
#3483=EDGE_CURVE('',#2675,#2676,#1955,.T.);
#3484=EDGE_CURVE('',#2676,#2677,#551,.T.);
#3485=EDGE_CURVE('',#2677,#2678,#1956,.T.);
#3486=EDGE_CURVE('',#2678,#2675,#552,.T.);
#3487=EDGE_CURVE('',#2679,#2680,#1957,.T.);
#3488=EDGE_CURVE('',#2680,#2681,#553,.T.);
#3489=EDGE_CURVE('',#2681,#2682,#1958,.T.);
#3490=EDGE_CURVE('',#2682,#2679,#554,.T.);
#3491=EDGE_CURVE('',#2683,#2684,#555,.T.);
#3492=EDGE_CURVE('',#2684,#2685,#556,.T.);
#3493=EDGE_CURVE('',#2685,#2686,#557,.T.);
#3494=EDGE_CURVE('',#2686,#2683,#558,.T.);
#3495=EDGE_CURVE('',#2687,#2688,#559,.T.);
#3496=EDGE_CURVE('',#2688,#2689,#560,.T.);
#3497=EDGE_CURVE('',#2689,#2690,#561,.T.);
#3498=EDGE_CURVE('',#2690,#2687,#562,.T.);
#3499=EDGE_CURVE('',#2691,#2692,#1959,.T.);
#3500=EDGE_CURVE('',#2692,#2693,#563,.T.);
#3501=EDGE_CURVE('',#2693,#2694,#1960,.T.);
#3502=EDGE_CURVE('',#2694,#2691,#564,.T.);
#3503=EDGE_CURVE('',#2695,#2696,#1961,.T.);
#3504=EDGE_CURVE('',#2696,#2697,#565,.T.);
#3505=EDGE_CURVE('',#2697,#2698,#1962,.T.);
#3506=EDGE_CURVE('',#2698,#2695,#566,.T.);
#3507=EDGE_CURVE('',#2699,#2700,#1963,.T.);
#3508=EDGE_CURVE('',#2700,#2701,#567,.T.);
#3509=EDGE_CURVE('',#2701,#2702,#1964,.T.);
#3510=EDGE_CURVE('',#2702,#2699,#568,.T.);
#3511=EDGE_CURVE('',#2703,#2704,#1965,.T.);
#3512=EDGE_CURVE('',#2704,#2705,#569,.T.);
#3513=EDGE_CURVE('',#2705,#2706,#1966,.T.);
#3514=EDGE_CURVE('',#2706,#2703,#570,.T.);
#3515=EDGE_CURVE('',#2707,#2708,#571,.T.);
#3516=EDGE_CURVE('',#2708,#2709,#572,.T.);
#3517=EDGE_CURVE('',#2709,#2710,#573,.T.);
#3518=EDGE_CURVE('',#2710,#2707,#574,.T.);
#3519=EDGE_CURVE('',#2711,#2712,#575,.T.);
#3520=EDGE_CURVE('',#2712,#2713,#576,.T.);
#3521=EDGE_CURVE('',#2713,#2714,#577,.T.);
#3522=EDGE_CURVE('',#2714,#2711,#578,.T.);
#3523=EDGE_CURVE('',#2715,#2716,#1967,.T.);
#3524=EDGE_CURVE('',#2716,#2717,#579,.T.);
#3525=EDGE_CURVE('',#2717,#2718,#1968,.T.);
#3526=EDGE_CURVE('',#2718,#2715,#580,.T.);
#3527=EDGE_CURVE('',#2719,#2720,#1969,.T.);
#3528=EDGE_CURVE('',#2720,#2721,#581,.T.);
#3529=EDGE_CURVE('',#2721,#2722,#1970,.T.);
#3530=EDGE_CURVE('',#2722,#2719,#582,.T.);
#3531=EDGE_CURVE('',#2723,#2724,#1971,.T.);
#3532=EDGE_CURVE('',#2724,#2725,#583,.T.);
#3533=EDGE_CURVE('',#2725,#2726,#1972,.T.);
#3534=EDGE_CURVE('',#2726,#2723,#584,.T.);
#3535=EDGE_CURVE('',#2727,#2728,#1973,.T.);
#3536=EDGE_CURVE('',#2728,#2729,#585,.T.);
#3537=EDGE_CURVE('',#2729,#2730,#1974,.T.);
#3538=EDGE_CURVE('',#2730,#2727,#586,.T.);
#3539=EDGE_CURVE('',#2731,#2732,#587,.T.);
#3540=EDGE_CURVE('',#2732,#2733,#588,.T.);
#3541=EDGE_CURVE('',#2733,#2734,#589,.T.);
#3542=EDGE_CURVE('',#2734,#2731,#590,.T.);
#3543=EDGE_CURVE('',#2735,#2736,#591,.T.);
#3544=EDGE_CURVE('',#2736,#2737,#592,.T.);
#3545=EDGE_CURVE('',#2737,#2738,#593,.T.);
#3546=EDGE_CURVE('',#2738,#2735,#594,.T.);
#3547=EDGE_CURVE('',#2739,#2740,#1975,.T.);
#3548=EDGE_CURVE('',#2740,#2741,#595,.T.);
#3549=EDGE_CURVE('',#2741,#2742,#1976,.T.);
#3550=EDGE_CURVE('',#2742,#2739,#596,.T.);
#3551=EDGE_CURVE('',#2743,#2744,#1977,.T.);
#3552=EDGE_CURVE('',#2744,#2745,#597,.T.);
#3553=EDGE_CURVE('',#2745,#2746,#1978,.T.);
#3554=EDGE_CURVE('',#2746,#2743,#598,.T.);
#3555=EDGE_CURVE('',#2747,#2748,#1979,.T.);
#3556=EDGE_CURVE('',#2748,#2749,#599,.T.);
#3557=EDGE_CURVE('',#2749,#2750,#1980,.T.);
#3558=EDGE_CURVE('',#2750,#2747,#600,.T.);
#3559=EDGE_CURVE('',#2751,#2752,#601,.T.);
#3560=EDGE_CURVE('',#2752,#2753,#1981,.T.);
#3561=EDGE_CURVE('',#2753,#2754,#602,.T.);
#3562=EDGE_CURVE('',#2754,#2751,#1982,.T.);
#3563=EDGE_CURVE('',#2755,#2756,#603,.T.);
#3564=EDGE_CURVE('',#2756,#2757,#604,.T.);
#3565=EDGE_CURVE('',#2757,#2758,#605,.T.);
#3566=EDGE_CURVE('',#2758,#2755,#606,.T.);
#3567=EDGE_CURVE('',#2759,#2760,#607,.T.);
#3568=EDGE_CURVE('',#2760,#2761,#608,.T.);
#3569=EDGE_CURVE('',#2761,#2762,#609,.T.);
#3570=EDGE_CURVE('',#2762,#2759,#610,.T.);
#3571=EDGE_CURVE('',#2763,#2764,#1983,.T.);
#3572=EDGE_CURVE('',#2764,#2765,#611,.T.);
#3573=EDGE_CURVE('',#2765,#2766,#1984,.T.);
#3574=EDGE_CURVE('',#2766,#2763,#612,.T.);
#3575=EDGE_CURVE('',#2767,#2768,#1985,.T.);
#3576=EDGE_CURVE('',#2768,#2769,#613,.T.);
#3577=EDGE_CURVE('',#2769,#2770,#1986,.T.);
#3578=EDGE_CURVE('',#2770,#2767,#614,.T.);
#3579=EDGE_CURVE('',#2771,#2772,#1987,.T.);
#3580=EDGE_CURVE('',#2772,#2773,#615,.T.);
#3581=EDGE_CURVE('',#2773,#2774,#1988,.T.);
#3582=EDGE_CURVE('',#2774,#2771,#616,.T.);
#3583=EDGE_CURVE('',#2775,#2776,#617,.T.);
#3584=EDGE_CURVE('',#2776,#2777,#1989,.T.);
#3585=EDGE_CURVE('',#2777,#2778,#618,.T.);
#3586=EDGE_CURVE('',#2778,#2775,#1990,.T.);
#3587=EDGE_CURVE('',#2779,#2780,#619,.T.);
#3588=EDGE_CURVE('',#2780,#2781,#620,.T.);
#3589=EDGE_CURVE('',#2781,#2782,#621,.T.);
#3590=EDGE_CURVE('',#2782,#2779,#622,.T.);
#3591=EDGE_CURVE('',#2783,#2784,#623,.T.);
#3592=EDGE_CURVE('',#2784,#2785,#624,.T.);
#3593=EDGE_CURVE('',#2785,#2786,#625,.T.);
#3594=EDGE_CURVE('',#2786,#2783,#626,.T.);
#3595=EDGE_CURVE('',#2787,#2788,#1991,.T.);
#3596=EDGE_CURVE('',#2788,#2789,#627,.T.);
#3597=EDGE_CURVE('',#2789,#2790,#1992,.T.);
#3598=EDGE_CURVE('',#2790,#2787,#628,.T.);
#3599=EDGE_CURVE('',#2791,#2792,#1993,.T.);
#3600=EDGE_CURVE('',#2792,#2793,#629,.T.);
#3601=EDGE_CURVE('',#2793,#2794,#1994,.T.);
#3602=EDGE_CURVE('',#2794,#2791,#630,.T.);
#3603=EDGE_CURVE('',#2795,#2796,#1995,.T.);
#3604=EDGE_CURVE('',#2796,#2797,#631,.T.);
#3605=EDGE_CURVE('',#2797,#2798,#1996,.T.);
#3606=EDGE_CURVE('',#2798,#2795,#632,.T.);
#3607=EDGE_CURVE('',#2799,#2800,#1997,.T.);
#3608=EDGE_CURVE('',#2800,#2801,#633,.T.);
#3609=EDGE_CURVE('',#2801,#2802,#1998,.T.);
#3610=EDGE_CURVE('',#2802,#2799,#634,.T.);
#3611=EDGE_CURVE('',#2803,#2803,#1999,.T.);
#3612=EDGE_CURVE('',#2804,#2804,#2000,.T.);
#3613=EDGE_CURVE('',#2805,#2806,#2001,.T.);
#3614=EDGE_CURVE('',#2806,#2807,#2002,.T.);
#3615=EDGE_CURVE('',#2807,#2808,#2003,.T.);
#3616=EDGE_CURVE('',#2808,#2805,#2004,.T.);
#3617=EDGE_CURVE('',#2809,#2810,#2005,.T.);
#3618=EDGE_CURVE('',#2810,#2811,#635,.T.);
#3619=EDGE_CURVE('',#2811,#2812,#2006,.T.);
#3620=EDGE_CURVE('',#2812,#2809,#636,.T.);
#3621=EDGE_CURVE('',#2813,#2813,#2007,.T.);
#3622=EDGE_CURVE('',#2814,#2814,#2008,.T.);
#3623=EDGE_CURVE('',#2815,#2816,#637,.T.);
#3624=EDGE_CURVE('',#2816,#2817,#2009,.T.);
#3625=EDGE_CURVE('',#2817,#2818,#638,.T.);
#3626=EDGE_CURVE('',#2818,#2815,#2010,.T.);
#3627=EDGE_CURVE('',#2819,#2820,#2011,.T.);
#3628=EDGE_CURVE('',#2820,#2821,#2012,.T.);
#3629=EDGE_CURVE('',#2821,#2822,#2013,.T.);
#3630=EDGE_CURVE('',#2822,#2819,#2014,.T.);
#3631=EDGE_CURVE('',#2823,#2824,#2015,.T.);
#3632=EDGE_CURVE('',#2824,#2825,#2016,.T.);
#3633=EDGE_CURVE('',#2825,#2826,#2017,.T.);
#3634=EDGE_CURVE('',#2826,#2823,#2018,.T.);
#3635=EDGE_CURVE('',#2827,#2828,#2019,.T.);
#3636=EDGE_CURVE('',#2828,#2829,#2020,.T.);
#3637=EDGE_CURVE('',#2829,#2830,#2021,.T.);
#3638=EDGE_CURVE('',#2830,#2827,#2022,.T.);
#3639=ORIENTED_EDGE('',*,*,#2831,.T.);
#3640=ORIENTED_EDGE('',*,*,#2832,.T.);
#3641=ORIENTED_EDGE('',*,*,#2833,.T.);
#3642=ORIENTED_EDGE('',*,*,#2834,.T.);
#3643=ORIENTED_EDGE('',*,*,#2835,.T.);
#3644=ORIENTED_EDGE('',*,*,#2836,.T.);
#3645=ORIENTED_EDGE('',*,*,#2837,.T.);
#3646=ORIENTED_EDGE('',*,*,#2838,.T.);
#3647=ORIENTED_EDGE('',*,*,#2839,.T.);
#3648=ORIENTED_EDGE('',*,*,#2840,.T.);
#3649=ORIENTED_EDGE('',*,*,#2841,.T.);
#3650=ORIENTED_EDGE('',*,*,#2842,.T.);
#3651=ORIENTED_EDGE('',*,*,#2843,.T.);
#3652=ORIENTED_EDGE('',*,*,#2844,.T.);
#3653=ORIENTED_EDGE('',*,*,#2845,.T.);
#3654=ORIENTED_EDGE('',*,*,#2846,.T.);
#3655=ORIENTED_EDGE('',*,*,#2847,.T.);
#3656=ORIENTED_EDGE('',*,*,#2848,.T.);
#3657=ORIENTED_EDGE('',*,*,#2849,.T.);
#3658=ORIENTED_EDGE('',*,*,#2850,.T.);
#3659=ORIENTED_EDGE('',*,*,#2851,.T.);
#3660=ORIENTED_EDGE('',*,*,#2852,.T.);
#3661=ORIENTED_EDGE('',*,*,#2853,.T.);
#3662=ORIENTED_EDGE('',*,*,#2854,.T.);
#3663=ORIENTED_EDGE('',*,*,#2855,.T.);
#3664=ORIENTED_EDGE('',*,*,#2856,.T.);
#3665=ORIENTED_EDGE('',*,*,#2857,.T.);
#3666=ORIENTED_EDGE('',*,*,#2858,.T.);
#3667=ORIENTED_EDGE('',*,*,#2859,.T.);
#3668=ORIENTED_EDGE('',*,*,#2860,.T.);
#3669=ORIENTED_EDGE('',*,*,#2861,.T.);
#3670=ORIENTED_EDGE('',*,*,#2862,.T.);
#3671=ORIENTED_EDGE('',*,*,#2863,.T.);
#3672=ORIENTED_EDGE('',*,*,#2864,.T.);
#3673=ORIENTED_EDGE('',*,*,#2865,.T.);
#3674=ORIENTED_EDGE('',*,*,#2866,.T.);
#3675=ORIENTED_EDGE('',*,*,#2867,.T.);
#3676=ORIENTED_EDGE('',*,*,#2868,.T.);
#3677=ORIENTED_EDGE('',*,*,#2869,.T.);
#3678=ORIENTED_EDGE('',*,*,#2870,.T.);
#3679=ORIENTED_EDGE('',*,*,#2871,.T.);
#3680=ORIENTED_EDGE('',*,*,#2872,.T.);
#3681=ORIENTED_EDGE('',*,*,#2873,.T.);
#3682=ORIENTED_EDGE('',*,*,#2874,.T.);
#3683=ORIENTED_EDGE('',*,*,#2875,.T.);
#3684=ORIENTED_EDGE('',*,*,#2876,.T.);
#3685=ORIENTED_EDGE('',*,*,#2877,.T.);
#3686=ORIENTED_EDGE('',*,*,#2878,.T.);
#3687=ORIENTED_EDGE('',*,*,#2879,.T.);
#3688=ORIENTED_EDGE('',*,*,#2880,.T.);
#3689=ORIENTED_EDGE('',*,*,#2881,.T.);
#3690=ORIENTED_EDGE('',*,*,#2882,.T.);
#3691=ORIENTED_EDGE('',*,*,#2883,.T.);
#3692=ORIENTED_EDGE('',*,*,#2884,.T.);
#3693=ORIENTED_EDGE('',*,*,#2885,.T.);
#3694=ORIENTED_EDGE('',*,*,#2886,.T.);
#3695=ORIENTED_EDGE('',*,*,#2887,.T.);
#3696=ORIENTED_EDGE('',*,*,#2888,.T.);
#3697=ORIENTED_EDGE('',*,*,#2889,.T.);
#3698=ORIENTED_EDGE('',*,*,#2890,.T.);
#3699=ORIENTED_EDGE('',*,*,#2891,.T.);
#3700=ORIENTED_EDGE('',*,*,#2892,.T.);
#3701=ORIENTED_EDGE('',*,*,#2893,.T.);
#3702=ORIENTED_EDGE('',*,*,#2894,.T.);
#3703=ORIENTED_EDGE('',*,*,#2895,.T.);
#3704=ORIENTED_EDGE('',*,*,#2896,.T.);
#3705=ORIENTED_EDGE('',*,*,#2897,.T.);
#3706=ORIENTED_EDGE('',*,*,#2898,.T.);
#3707=ORIENTED_EDGE('',*,*,#2899,.T.);
#3708=ORIENTED_EDGE('',*,*,#2900,.T.);
#3709=ORIENTED_EDGE('',*,*,#2901,.T.);
#3710=ORIENTED_EDGE('',*,*,#2902,.T.);
#3711=ORIENTED_EDGE('',*,*,#2903,.T.);
#3712=ORIENTED_EDGE('',*,*,#2904,.T.);
#3713=ORIENTED_EDGE('',*,*,#2905,.T.);
#3714=ORIENTED_EDGE('',*,*,#2906,.T.);
#3715=ORIENTED_EDGE('',*,*,#2907,.T.);
#3716=ORIENTED_EDGE('',*,*,#2908,.T.);
#3717=ORIENTED_EDGE('',*,*,#2909,.T.);
#3718=ORIENTED_EDGE('',*,*,#2910,.T.);
#3719=ORIENTED_EDGE('',*,*,#2911,.T.);
#3720=ORIENTED_EDGE('',*,*,#2912,.T.);
#3721=ORIENTED_EDGE('',*,*,#2913,.T.);
#3722=ORIENTED_EDGE('',*,*,#2914,.T.);
#3723=ORIENTED_EDGE('',*,*,#2915,.T.);
#3724=ORIENTED_EDGE('',*,*,#2916,.T.);
#3725=ORIENTED_EDGE('',*,*,#2917,.T.);
#3726=ORIENTED_EDGE('',*,*,#2918,.T.);
#3727=ORIENTED_EDGE('',*,*,#2919,.T.);
#3728=ORIENTED_EDGE('',*,*,#2920,.T.);
#3729=ORIENTED_EDGE('',*,*,#2921,.T.);
#3730=ORIENTED_EDGE('',*,*,#2922,.T.);
#3731=ORIENTED_EDGE('',*,*,#2923,.T.);
#3732=ORIENTED_EDGE('',*,*,#2924,.T.);
#3733=ORIENTED_EDGE('',*,*,#2925,.T.);
#3734=ORIENTED_EDGE('',*,*,#2926,.T.);
#3735=ORIENTED_EDGE('',*,*,#2927,.T.);
#3736=ORIENTED_EDGE('',*,*,#2928,.T.);
#3737=ORIENTED_EDGE('',*,*,#2929,.T.);
#3738=ORIENTED_EDGE('',*,*,#2930,.T.);
#3739=ORIENTED_EDGE('',*,*,#2931,.T.);
#3740=ORIENTED_EDGE('',*,*,#2932,.T.);
#3741=ORIENTED_EDGE('',*,*,#2933,.T.);
#3742=ORIENTED_EDGE('',*,*,#2934,.T.);
#3743=ORIENTED_EDGE('',*,*,#2935,.T.);
#3744=ORIENTED_EDGE('',*,*,#2936,.T.);
#3745=ORIENTED_EDGE('',*,*,#2937,.T.);
#3746=ORIENTED_EDGE('',*,*,#2938,.T.);
#3747=ORIENTED_EDGE('',*,*,#2939,.T.);
#3748=ORIENTED_EDGE('',*,*,#2940,.T.);
#3749=ORIENTED_EDGE('',*,*,#2941,.T.);
#3750=ORIENTED_EDGE('',*,*,#2942,.T.);
#3751=ORIENTED_EDGE('',*,*,#2943,.T.);
#3752=ORIENTED_EDGE('',*,*,#2944,.T.);
#3753=ORIENTED_EDGE('',*,*,#2945,.T.);
#3754=ORIENTED_EDGE('',*,*,#2946,.T.);
#3755=ORIENTED_EDGE('',*,*,#2947,.T.);
#3756=ORIENTED_EDGE('',*,*,#2948,.T.);
#3757=ORIENTED_EDGE('',*,*,#2949,.T.);
#3758=ORIENTED_EDGE('',*,*,#2950,.T.);
#3759=ORIENTED_EDGE('',*,*,#2951,.T.);
#3760=ORIENTED_EDGE('',*,*,#2952,.T.);
#3761=ORIENTED_EDGE('',*,*,#2953,.T.);
#3762=ORIENTED_EDGE('',*,*,#2954,.T.);
#3763=ORIENTED_EDGE('',*,*,#2955,.T.);
#3764=ORIENTED_EDGE('',*,*,#2956,.T.);
#3765=ORIENTED_EDGE('',*,*,#2957,.T.);
#3766=ORIENTED_EDGE('',*,*,#2958,.T.);
#3767=ORIENTED_EDGE('',*,*,#2959,.T.);
#3768=ORIENTED_EDGE('',*,*,#2960,.T.);
#3769=ORIENTED_EDGE('',*,*,#2961,.T.);
#3770=ORIENTED_EDGE('',*,*,#2962,.T.);
#3771=ORIENTED_EDGE('',*,*,#2963,.T.);
#3772=ORIENTED_EDGE('',*,*,#2964,.T.);
#3773=ORIENTED_EDGE('',*,*,#2965,.T.);
#3774=ORIENTED_EDGE('',*,*,#2966,.T.);
#3775=ORIENTED_EDGE('',*,*,#2967,.T.);
#3776=ORIENTED_EDGE('',*,*,#2968,.T.);
#3777=ORIENTED_EDGE('',*,*,#2969,.T.);
#3778=ORIENTED_EDGE('',*,*,#2970,.T.);
#3779=ORIENTED_EDGE('',*,*,#2971,.T.);
#3780=ORIENTED_EDGE('',*,*,#2972,.T.);
#3781=ORIENTED_EDGE('',*,*,#2973,.T.);
#3782=ORIENTED_EDGE('',*,*,#2974,.T.);
#3783=ORIENTED_EDGE('',*,*,#2975,.T.);
#3784=ORIENTED_EDGE('',*,*,#2976,.T.);
#3785=ORIENTED_EDGE('',*,*,#2977,.T.);
#3786=ORIENTED_EDGE('',*,*,#2978,.T.);
#3787=ORIENTED_EDGE('',*,*,#2979,.T.);
#3788=ORIENTED_EDGE('',*,*,#2980,.T.);
#3789=ORIENTED_EDGE('',*,*,#2981,.T.);
#3790=ORIENTED_EDGE('',*,*,#2982,.T.);
#3791=ORIENTED_EDGE('',*,*,#2983,.T.);
#3792=ORIENTED_EDGE('',*,*,#2984,.T.);
#3793=ORIENTED_EDGE('',*,*,#2985,.T.);
#3794=ORIENTED_EDGE('',*,*,#2986,.T.);
#3795=ORIENTED_EDGE('',*,*,#2987,.T.);
#3796=ORIENTED_EDGE('',*,*,#2988,.T.);
#3797=ORIENTED_EDGE('',*,*,#2989,.T.);
#3798=ORIENTED_EDGE('',*,*,#2990,.T.);
#3799=ORIENTED_EDGE('',*,*,#2991,.T.);
#3800=ORIENTED_EDGE('',*,*,#2992,.T.);
#3801=ORIENTED_EDGE('',*,*,#2993,.T.);
#3802=ORIENTED_EDGE('',*,*,#2994,.T.);
#3803=ORIENTED_EDGE('',*,*,#2995,.T.);
#3804=ORIENTED_EDGE('',*,*,#2996,.T.);
#3805=ORIENTED_EDGE('',*,*,#2997,.T.);
#3806=ORIENTED_EDGE('',*,*,#2998,.T.);
#3807=ORIENTED_EDGE('',*,*,#2999,.T.);
#3808=ORIENTED_EDGE('',*,*,#3000,.T.);
#3809=ORIENTED_EDGE('',*,*,#3001,.T.);
#3810=ORIENTED_EDGE('',*,*,#3002,.T.);
#3811=ORIENTED_EDGE('',*,*,#3003,.T.);
#3812=ORIENTED_EDGE('',*,*,#3004,.T.);
#3813=ORIENTED_EDGE('',*,*,#3005,.T.);
#3814=ORIENTED_EDGE('',*,*,#3006,.T.);
#3815=ORIENTED_EDGE('',*,*,#3007,.T.);
#3816=ORIENTED_EDGE('',*,*,#3008,.T.);
#3817=ORIENTED_EDGE('',*,*,#3009,.T.);
#3818=ORIENTED_EDGE('',*,*,#3010,.T.);
#3819=ORIENTED_EDGE('',*,*,#3011,.T.);
#3820=ORIENTED_EDGE('',*,*,#3012,.T.);
#3821=ORIENTED_EDGE('',*,*,#3013,.T.);
#3822=ORIENTED_EDGE('',*,*,#3014,.T.);
#3823=ORIENTED_EDGE('',*,*,#3015,.T.);
#3824=ORIENTED_EDGE('',*,*,#3016,.T.);
#3825=ORIENTED_EDGE('',*,*,#3017,.T.);
#3826=ORIENTED_EDGE('',*,*,#3018,.T.);
#3827=ORIENTED_EDGE('',*,*,#3019,.T.);
#3828=ORIENTED_EDGE('',*,*,#3020,.T.);
#3829=ORIENTED_EDGE('',*,*,#3021,.T.);
#3830=ORIENTED_EDGE('',*,*,#3022,.T.);
#3831=ORIENTED_EDGE('',*,*,#3023,.T.);
#3832=ORIENTED_EDGE('',*,*,#3024,.T.);
#3833=ORIENTED_EDGE('',*,*,#3025,.T.);
#3834=ORIENTED_EDGE('',*,*,#3026,.T.);
#3835=ORIENTED_EDGE('',*,*,#3027,.T.);
#3836=ORIENTED_EDGE('',*,*,#3028,.T.);
#3837=ORIENTED_EDGE('',*,*,#3029,.T.);
#3838=ORIENTED_EDGE('',*,*,#3030,.T.);
#3839=ORIENTED_EDGE('',*,*,#3031,.T.);
#3840=ORIENTED_EDGE('',*,*,#3032,.T.);
#3841=ORIENTED_EDGE('',*,*,#3033,.T.);
#3842=ORIENTED_EDGE('',*,*,#3034,.T.);
#3843=ORIENTED_EDGE('',*,*,#3035,.T.);
#3844=ORIENTED_EDGE('',*,*,#3036,.T.);
#3845=ORIENTED_EDGE('',*,*,#3037,.T.);
#3846=ORIENTED_EDGE('',*,*,#3038,.T.);
#3847=ORIENTED_EDGE('',*,*,#3039,.T.);
#3848=ORIENTED_EDGE('',*,*,#3040,.T.);
#3849=ORIENTED_EDGE('',*,*,#3041,.T.);
#3850=ORIENTED_EDGE('',*,*,#3042,.T.);
#3851=ORIENTED_EDGE('',*,*,#3043,.T.);
#3852=ORIENTED_EDGE('',*,*,#3044,.T.);
#3853=ORIENTED_EDGE('',*,*,#3045,.T.);
#3854=ORIENTED_EDGE('',*,*,#3046,.T.);
#3855=ORIENTED_EDGE('',*,*,#3047,.T.);
#3856=ORIENTED_EDGE('',*,*,#3048,.T.);
#3857=ORIENTED_EDGE('',*,*,#3049,.T.);
#3858=ORIENTED_EDGE('',*,*,#3050,.T.);
#3859=ORIENTED_EDGE('',*,*,#3051,.T.);
#3860=ORIENTED_EDGE('',*,*,#3052,.T.);
#3861=ORIENTED_EDGE('',*,*,#3053,.T.);
#3862=ORIENTED_EDGE('',*,*,#3054,.T.);
#3863=ORIENTED_EDGE('',*,*,#3055,.T.);
#3864=ORIENTED_EDGE('',*,*,#3056,.T.);
#3865=ORIENTED_EDGE('',*,*,#3057,.T.);
#3866=ORIENTED_EDGE('',*,*,#3058,.T.);
#3867=ORIENTED_EDGE('',*,*,#3059,.T.);
#3868=ORIENTED_EDGE('',*,*,#3060,.T.);
#3869=ORIENTED_EDGE('',*,*,#3061,.T.);
#3870=ORIENTED_EDGE('',*,*,#3062,.T.);
#3871=ORIENTED_EDGE('',*,*,#3063,.T.);
#3872=ORIENTED_EDGE('',*,*,#3064,.T.);
#3873=ORIENTED_EDGE('',*,*,#3065,.T.);
#3874=ORIENTED_EDGE('',*,*,#3066,.T.);
#3875=ORIENTED_EDGE('',*,*,#3067,.T.);
#3876=ORIENTED_EDGE('',*,*,#3068,.T.);
#3877=ORIENTED_EDGE('',*,*,#3069,.T.);
#3878=ORIENTED_EDGE('',*,*,#3070,.T.);
#3879=ORIENTED_EDGE('',*,*,#3071,.T.);
#3880=ORIENTED_EDGE('',*,*,#3072,.T.);
#3881=ORIENTED_EDGE('',*,*,#3073,.T.);
#3882=ORIENTED_EDGE('',*,*,#3074,.T.);
#3883=ORIENTED_EDGE('',*,*,#3075,.T.);
#3884=ORIENTED_EDGE('',*,*,#3076,.T.);
#3885=ORIENTED_EDGE('',*,*,#3077,.T.);
#3886=ORIENTED_EDGE('',*,*,#3078,.T.);
#3887=ORIENTED_EDGE('',*,*,#3079,.T.);
#3888=ORIENTED_EDGE('',*,*,#3080,.T.);
#3889=ORIENTED_EDGE('',*,*,#3081,.T.);
#3890=ORIENTED_EDGE('',*,*,#3082,.T.);
#3891=ORIENTED_EDGE('',*,*,#3083,.T.);
#3892=ORIENTED_EDGE('',*,*,#3084,.T.);
#3893=ORIENTED_EDGE('',*,*,#3085,.T.);
#3894=ORIENTED_EDGE('',*,*,#3086,.T.);
#3895=ORIENTED_EDGE('',*,*,#3087,.T.);
#3896=ORIENTED_EDGE('',*,*,#3088,.T.);
#3897=ORIENTED_EDGE('',*,*,#3089,.T.);
#3898=ORIENTED_EDGE('',*,*,#3090,.T.);
#3899=ORIENTED_EDGE('',*,*,#3091,.T.);
#3900=ORIENTED_EDGE('',*,*,#3092,.T.);
#3901=ORIENTED_EDGE('',*,*,#3093,.T.);
#3902=ORIENTED_EDGE('',*,*,#3094,.T.);
#3903=ORIENTED_EDGE('',*,*,#3095,.T.);
#3904=ORIENTED_EDGE('',*,*,#3096,.T.);
#3905=ORIENTED_EDGE('',*,*,#3097,.T.);
#3906=ORIENTED_EDGE('',*,*,#3098,.T.);
#3907=ORIENTED_EDGE('',*,*,#3099,.T.);
#3908=ORIENTED_EDGE('',*,*,#3100,.T.);
#3909=ORIENTED_EDGE('',*,*,#3101,.T.);
#3910=ORIENTED_EDGE('',*,*,#3102,.T.);
#3911=ORIENTED_EDGE('',*,*,#3103,.T.);
#3912=ORIENTED_EDGE('',*,*,#3104,.T.);
#3913=ORIENTED_EDGE('',*,*,#3105,.T.);
#3914=ORIENTED_EDGE('',*,*,#3106,.T.);
#3915=ORIENTED_EDGE('',*,*,#3107,.T.);
#3916=ORIENTED_EDGE('',*,*,#3108,.T.);
#3917=ORIENTED_EDGE('',*,*,#3109,.T.);
#3918=ORIENTED_EDGE('',*,*,#3110,.T.);
#3919=ORIENTED_EDGE('',*,*,#3111,.T.);
#3920=ORIENTED_EDGE('',*,*,#3112,.T.);
#3921=ORIENTED_EDGE('',*,*,#3113,.T.);
#3922=ORIENTED_EDGE('',*,*,#3114,.T.);
#3923=ORIENTED_EDGE('',*,*,#3115,.T.);
#3924=ORIENTED_EDGE('',*,*,#3116,.T.);
#3925=ORIENTED_EDGE('',*,*,#3117,.T.);
#3926=ORIENTED_EDGE('',*,*,#3118,.T.);
#3927=ORIENTED_EDGE('',*,*,#3119,.T.);
#3928=ORIENTED_EDGE('',*,*,#3120,.T.);
#3929=ORIENTED_EDGE('',*,*,#3121,.T.);
#3930=ORIENTED_EDGE('',*,*,#3122,.T.);
#3931=ORIENTED_EDGE('',*,*,#3123,.T.);
#3932=ORIENTED_EDGE('',*,*,#3124,.T.);
#3933=ORIENTED_EDGE('',*,*,#3125,.T.);
#3934=ORIENTED_EDGE('',*,*,#3126,.T.);
#3935=ORIENTED_EDGE('',*,*,#3127,.T.);
#3936=ORIENTED_EDGE('',*,*,#3128,.T.);
#3937=ORIENTED_EDGE('',*,*,#3129,.T.);
#3938=ORIENTED_EDGE('',*,*,#3130,.T.);
#3939=ORIENTED_EDGE('',*,*,#3131,.T.);
#3940=ORIENTED_EDGE('',*,*,#3132,.T.);
#3941=ORIENTED_EDGE('',*,*,#3133,.T.);
#3942=ORIENTED_EDGE('',*,*,#3134,.T.);
#3943=ORIENTED_EDGE('',*,*,#3135,.T.);
#3944=ORIENTED_EDGE('',*,*,#3136,.T.);
#3945=ORIENTED_EDGE('',*,*,#3137,.T.);
#3946=ORIENTED_EDGE('',*,*,#3138,.T.);
#3947=ORIENTED_EDGE('',*,*,#3139,.T.);
#3948=ORIENTED_EDGE('',*,*,#3140,.T.);
#3949=ORIENTED_EDGE('',*,*,#3141,.T.);
#3950=ORIENTED_EDGE('',*,*,#3142,.T.);
#3951=ORIENTED_EDGE('',*,*,#3143,.T.);
#3952=ORIENTED_EDGE('',*,*,#3144,.T.);
#3953=ORIENTED_EDGE('',*,*,#3145,.T.);
#3954=ORIENTED_EDGE('',*,*,#3146,.T.);
#3955=ORIENTED_EDGE('',*,*,#3147,.T.);
#3956=ORIENTED_EDGE('',*,*,#3148,.T.);
#3957=ORIENTED_EDGE('',*,*,#3149,.T.);
#3958=ORIENTED_EDGE('',*,*,#3150,.T.);
#3959=ORIENTED_EDGE('',*,*,#3151,.T.);
#3960=ORIENTED_EDGE('',*,*,#3152,.T.);
#3961=ORIENTED_EDGE('',*,*,#3153,.T.);
#3962=ORIENTED_EDGE('',*,*,#3154,.T.);
#3963=ORIENTED_EDGE('',*,*,#3155,.T.);
#3964=ORIENTED_EDGE('',*,*,#3156,.T.);
#3965=ORIENTED_EDGE('',*,*,#3157,.T.);
#3966=ORIENTED_EDGE('',*,*,#3158,.T.);
#3967=ORIENTED_EDGE('',*,*,#3159,.T.);
#3968=ORIENTED_EDGE('',*,*,#3160,.T.);
#3969=ORIENTED_EDGE('',*,*,#3161,.T.);
#3970=ORIENTED_EDGE('',*,*,#3162,.T.);
#3971=ORIENTED_EDGE('',*,*,#3163,.T.);
#3972=ORIENTED_EDGE('',*,*,#3164,.T.);
#3973=ORIENTED_EDGE('',*,*,#3165,.T.);
#3974=ORIENTED_EDGE('',*,*,#3166,.T.);
#3975=ORIENTED_EDGE('',*,*,#3167,.T.);
#3976=ORIENTED_EDGE('',*,*,#3168,.T.);
#3977=ORIENTED_EDGE('',*,*,#3169,.T.);
#3978=ORIENTED_EDGE('',*,*,#3170,.T.);
#3979=ORIENTED_EDGE('',*,*,#3171,.T.);
#3980=ORIENTED_EDGE('',*,*,#3172,.T.);
#3981=ORIENTED_EDGE('',*,*,#3173,.T.);
#3982=ORIENTED_EDGE('',*,*,#3174,.T.);
#3983=ORIENTED_EDGE('',*,*,#3175,.T.);
#3984=ORIENTED_EDGE('',*,*,#3176,.T.);
#3985=ORIENTED_EDGE('',*,*,#3177,.T.);
#3986=ORIENTED_EDGE('',*,*,#3178,.T.);
#3987=ORIENTED_EDGE('',*,*,#3179,.T.);
#3988=ORIENTED_EDGE('',*,*,#3180,.T.);
#3989=ORIENTED_EDGE('',*,*,#3181,.T.);
#3990=ORIENTED_EDGE('',*,*,#3182,.T.);
#3991=ORIENTED_EDGE('',*,*,#3183,.T.);
#3992=ORIENTED_EDGE('',*,*,#3184,.T.);
#3993=ORIENTED_EDGE('',*,*,#3185,.T.);
#3994=ORIENTED_EDGE('',*,*,#3186,.T.);
#3995=ORIENTED_EDGE('',*,*,#3187,.T.);
#3996=ORIENTED_EDGE('',*,*,#3188,.T.);
#3997=ORIENTED_EDGE('',*,*,#3189,.T.);
#3998=ORIENTED_EDGE('',*,*,#3190,.T.);
#3999=ORIENTED_EDGE('',*,*,#3191,.T.);
#4000=ORIENTED_EDGE('',*,*,#3192,.T.);
#4001=ORIENTED_EDGE('',*,*,#3193,.T.);
#4002=ORIENTED_EDGE('',*,*,#3194,.T.);
#4003=ORIENTED_EDGE('',*,*,#3195,.T.);
#4004=ORIENTED_EDGE('',*,*,#3196,.T.);
#4005=ORIENTED_EDGE('',*,*,#3197,.T.);
#4006=ORIENTED_EDGE('',*,*,#3198,.T.);
#4007=ORIENTED_EDGE('',*,*,#3199,.T.);
#4008=ORIENTED_EDGE('',*,*,#3200,.T.);
#4009=ORIENTED_EDGE('',*,*,#3201,.T.);
#4010=ORIENTED_EDGE('',*,*,#3202,.T.);
#4011=ORIENTED_EDGE('',*,*,#3203,.T.);
#4012=ORIENTED_EDGE('',*,*,#3204,.T.);
#4013=ORIENTED_EDGE('',*,*,#3205,.T.);
#4014=ORIENTED_EDGE('',*,*,#3206,.T.);
#4015=ORIENTED_EDGE('',*,*,#3207,.T.);
#4016=ORIENTED_EDGE('',*,*,#3208,.T.);
#4017=ORIENTED_EDGE('',*,*,#3209,.T.);
#4018=ORIENTED_EDGE('',*,*,#3210,.T.);
#4019=ORIENTED_EDGE('',*,*,#3211,.T.);
#4020=ORIENTED_EDGE('',*,*,#3212,.T.);
#4021=ORIENTED_EDGE('',*,*,#3213,.T.);
#4022=ORIENTED_EDGE('',*,*,#3214,.T.);
#4023=ORIENTED_EDGE('',*,*,#3215,.T.);
#4024=ORIENTED_EDGE('',*,*,#3216,.T.);
#4025=ORIENTED_EDGE('',*,*,#3217,.T.);
#4026=ORIENTED_EDGE('',*,*,#3218,.T.);
#4027=ORIENTED_EDGE('',*,*,#3219,.T.);
#4028=ORIENTED_EDGE('',*,*,#3220,.T.);
#4029=ORIENTED_EDGE('',*,*,#3221,.T.);
#4030=ORIENTED_EDGE('',*,*,#3222,.T.);
#4031=ORIENTED_EDGE('',*,*,#3223,.T.);
#4032=ORIENTED_EDGE('',*,*,#3224,.T.);
#4033=ORIENTED_EDGE('',*,*,#3225,.T.);
#4034=ORIENTED_EDGE('',*,*,#3226,.T.);
#4035=ORIENTED_EDGE('',*,*,#3227,.T.);
#4036=ORIENTED_EDGE('',*,*,#3228,.T.);
#4037=ORIENTED_EDGE('',*,*,#3229,.T.);
#4038=ORIENTED_EDGE('',*,*,#3230,.T.);
#4039=ORIENTED_EDGE('',*,*,#3231,.T.);
#4040=ORIENTED_EDGE('',*,*,#3232,.T.);
#4041=ORIENTED_EDGE('',*,*,#3233,.T.);
#4042=ORIENTED_EDGE('',*,*,#3234,.T.);
#4043=ORIENTED_EDGE('',*,*,#3235,.T.);
#4044=ORIENTED_EDGE('',*,*,#3236,.T.);
#4045=ORIENTED_EDGE('',*,*,#3237,.T.);
#4046=ORIENTED_EDGE('',*,*,#3238,.T.);
#4047=ORIENTED_EDGE('',*,*,#3239,.T.);
#4048=ORIENTED_EDGE('',*,*,#3240,.T.);
#4049=ORIENTED_EDGE('',*,*,#3241,.T.);
#4050=ORIENTED_EDGE('',*,*,#3242,.T.);
#4051=ORIENTED_EDGE('',*,*,#3243,.T.);
#4052=ORIENTED_EDGE('',*,*,#3244,.T.);
#4053=ORIENTED_EDGE('',*,*,#3245,.T.);
#4054=ORIENTED_EDGE('',*,*,#3246,.T.);
#4055=ORIENTED_EDGE('',*,*,#3247,.T.);
#4056=ORIENTED_EDGE('',*,*,#3248,.T.);
#4057=ORIENTED_EDGE('',*,*,#3249,.T.);
#4058=ORIENTED_EDGE('',*,*,#3250,.T.);
#4059=ORIENTED_EDGE('',*,*,#3251,.T.);
#4060=ORIENTED_EDGE('',*,*,#3252,.T.);
#4061=ORIENTED_EDGE('',*,*,#3253,.T.);
#4062=ORIENTED_EDGE('',*,*,#3254,.T.);
#4063=ORIENTED_EDGE('',*,*,#3255,.T.);
#4064=ORIENTED_EDGE('',*,*,#3256,.T.);
#4065=ORIENTED_EDGE('',*,*,#3257,.T.);
#4066=ORIENTED_EDGE('',*,*,#3258,.T.);
#4067=ORIENTED_EDGE('',*,*,#3259,.T.);
#4068=ORIENTED_EDGE('',*,*,#3260,.T.);
#4069=ORIENTED_EDGE('',*,*,#3261,.T.);
#4070=ORIENTED_EDGE('',*,*,#3262,.T.);
#4071=ORIENTED_EDGE('',*,*,#3263,.T.);
#4072=ORIENTED_EDGE('',*,*,#3264,.T.);
#4073=ORIENTED_EDGE('',*,*,#3265,.T.);
#4074=ORIENTED_EDGE('',*,*,#3266,.T.);
#4075=ORIENTED_EDGE('',*,*,#3267,.T.);
#4076=ORIENTED_EDGE('',*,*,#3268,.T.);
#4077=ORIENTED_EDGE('',*,*,#3269,.T.);
#4078=ORIENTED_EDGE('',*,*,#3270,.T.);
#4079=ORIENTED_EDGE('',*,*,#3271,.T.);
#4080=ORIENTED_EDGE('',*,*,#3272,.T.);
#4081=ORIENTED_EDGE('',*,*,#3273,.T.);
#4082=ORIENTED_EDGE('',*,*,#3274,.T.);
#4083=ORIENTED_EDGE('',*,*,#3275,.T.);
#4084=ORIENTED_EDGE('',*,*,#3276,.T.);
#4085=ORIENTED_EDGE('',*,*,#3277,.T.);
#4086=ORIENTED_EDGE('',*,*,#3278,.T.);
#4087=ORIENTED_EDGE('',*,*,#3279,.T.);
#4088=ORIENTED_EDGE('',*,*,#3280,.T.);
#4089=ORIENTED_EDGE('',*,*,#3281,.T.);
#4090=ORIENTED_EDGE('',*,*,#3282,.T.);
#4091=ORIENTED_EDGE('',*,*,#3283,.T.);
#4092=ORIENTED_EDGE('',*,*,#3284,.T.);
#4093=ORIENTED_EDGE('',*,*,#3285,.T.);
#4094=ORIENTED_EDGE('',*,*,#3286,.T.);
#4095=ORIENTED_EDGE('',*,*,#3287,.T.);
#4096=ORIENTED_EDGE('',*,*,#3288,.T.);
#4097=ORIENTED_EDGE('',*,*,#3289,.T.);
#4098=ORIENTED_EDGE('',*,*,#3290,.T.);
#4099=ORIENTED_EDGE('',*,*,#3291,.T.);
#4100=ORIENTED_EDGE('',*,*,#3292,.T.);
#4101=ORIENTED_EDGE('',*,*,#3293,.T.);
#4102=ORIENTED_EDGE('',*,*,#3294,.T.);
#4103=ORIENTED_EDGE('',*,*,#3295,.T.);
#4104=ORIENTED_EDGE('',*,*,#3296,.T.);
#4105=ORIENTED_EDGE('',*,*,#3297,.T.);
#4106=ORIENTED_EDGE('',*,*,#3298,.T.);
#4107=ORIENTED_EDGE('',*,*,#3299,.T.);
#4108=ORIENTED_EDGE('',*,*,#3300,.T.);
#4109=ORIENTED_EDGE('',*,*,#3301,.T.);
#4110=ORIENTED_EDGE('',*,*,#3302,.T.);
#4111=ORIENTED_EDGE('',*,*,#3303,.T.);
#4112=ORIENTED_EDGE('',*,*,#3304,.T.);
#4113=ORIENTED_EDGE('',*,*,#3305,.T.);
#4114=ORIENTED_EDGE('',*,*,#3306,.T.);
#4115=ORIENTED_EDGE('',*,*,#3307,.T.);
#4116=ORIENTED_EDGE('',*,*,#3308,.T.);
#4117=ORIENTED_EDGE('',*,*,#3309,.T.);
#4118=ORIENTED_EDGE('',*,*,#3310,.T.);
#4119=ORIENTED_EDGE('',*,*,#3311,.T.);
#4120=ORIENTED_EDGE('',*,*,#3312,.T.);
#4121=ORIENTED_EDGE('',*,*,#3313,.T.);
#4122=ORIENTED_EDGE('',*,*,#3314,.T.);
#4123=ORIENTED_EDGE('',*,*,#3315,.T.);
#4124=ORIENTED_EDGE('',*,*,#3316,.T.);
#4125=ORIENTED_EDGE('',*,*,#3317,.T.);
#4126=ORIENTED_EDGE('',*,*,#3318,.T.);
#4127=ORIENTED_EDGE('',*,*,#3319,.T.);
#4128=ORIENTED_EDGE('',*,*,#3320,.T.);
#4129=ORIENTED_EDGE('',*,*,#3321,.T.);
#4130=ORIENTED_EDGE('',*,*,#3322,.T.);
#4131=ORIENTED_EDGE('',*,*,#3323,.T.);
#4132=ORIENTED_EDGE('',*,*,#3324,.T.);
#4133=ORIENTED_EDGE('',*,*,#3325,.T.);
#4134=ORIENTED_EDGE('',*,*,#3326,.T.);
#4135=ORIENTED_EDGE('',*,*,#3327,.T.);
#4136=ORIENTED_EDGE('',*,*,#3328,.T.);
#4137=ORIENTED_EDGE('',*,*,#3329,.T.);
#4138=ORIENTED_EDGE('',*,*,#3330,.T.);
#4139=ORIENTED_EDGE('',*,*,#3331,.T.);
#4140=ORIENTED_EDGE('',*,*,#3332,.T.);
#4141=ORIENTED_EDGE('',*,*,#3333,.T.);
#4142=ORIENTED_EDGE('',*,*,#3334,.T.);
#4143=ORIENTED_EDGE('',*,*,#3335,.T.);
#4144=ORIENTED_EDGE('',*,*,#3336,.T.);
#4145=ORIENTED_EDGE('',*,*,#3337,.T.);
#4146=ORIENTED_EDGE('',*,*,#3338,.T.);
#4147=ORIENTED_EDGE('',*,*,#3339,.T.);
#4148=ORIENTED_EDGE('',*,*,#3340,.T.);
#4149=ORIENTED_EDGE('',*,*,#3341,.T.);
#4150=ORIENTED_EDGE('',*,*,#3342,.T.);
#4151=ORIENTED_EDGE('',*,*,#3343,.T.);
#4152=ORIENTED_EDGE('',*,*,#3344,.T.);
#4153=ORIENTED_EDGE('',*,*,#3345,.T.);
#4154=ORIENTED_EDGE('',*,*,#3346,.T.);
#4155=ORIENTED_EDGE('',*,*,#3347,.T.);
#4156=ORIENTED_EDGE('',*,*,#3348,.T.);
#4157=ORIENTED_EDGE('',*,*,#3349,.T.);
#4158=ORIENTED_EDGE('',*,*,#3350,.T.);
#4159=ORIENTED_EDGE('',*,*,#3351,.T.);
#4160=ORIENTED_EDGE('',*,*,#3352,.T.);
#4161=ORIENTED_EDGE('',*,*,#3353,.T.);
#4162=ORIENTED_EDGE('',*,*,#3354,.T.);
#4163=ORIENTED_EDGE('',*,*,#3355,.T.);
#4164=ORIENTED_EDGE('',*,*,#3356,.T.);
#4165=ORIENTED_EDGE('',*,*,#3357,.T.);
#4166=ORIENTED_EDGE('',*,*,#3358,.T.);
#4167=ORIENTED_EDGE('',*,*,#3359,.T.);
#4168=ORIENTED_EDGE('',*,*,#3360,.T.);
#4169=ORIENTED_EDGE('',*,*,#3361,.T.);
#4170=ORIENTED_EDGE('',*,*,#3362,.T.);
#4171=ORIENTED_EDGE('',*,*,#3363,.T.);
#4172=ORIENTED_EDGE('',*,*,#3364,.T.);
#4173=ORIENTED_EDGE('',*,*,#3365,.T.);
#4174=ORIENTED_EDGE('',*,*,#3366,.T.);
#4175=ORIENTED_EDGE('',*,*,#3367,.T.);
#4176=ORIENTED_EDGE('',*,*,#3368,.T.);
#4177=ORIENTED_EDGE('',*,*,#3369,.T.);
#4178=ORIENTED_EDGE('',*,*,#3370,.T.);
#4179=ORIENTED_EDGE('',*,*,#3371,.T.);
#4180=ORIENTED_EDGE('',*,*,#3372,.T.);
#4181=ORIENTED_EDGE('',*,*,#3373,.T.);
#4182=ORIENTED_EDGE('',*,*,#3374,.T.);
#4183=ORIENTED_EDGE('',*,*,#3375,.T.);
#4184=ORIENTED_EDGE('',*,*,#3376,.T.);
#4185=ORIENTED_EDGE('',*,*,#3377,.T.);
#4186=ORIENTED_EDGE('',*,*,#3378,.T.);
#4187=ORIENTED_EDGE('',*,*,#3379,.T.);
#4188=ORIENTED_EDGE('',*,*,#3380,.T.);
#4189=ORIENTED_EDGE('',*,*,#3381,.T.);
#4190=ORIENTED_EDGE('',*,*,#3382,.T.);
#4191=ORIENTED_EDGE('',*,*,#3383,.T.);
#4192=ORIENTED_EDGE('',*,*,#3384,.T.);
#4193=ORIENTED_EDGE('',*,*,#3385,.T.);
#4194=ORIENTED_EDGE('',*,*,#3386,.T.);
#4195=ORIENTED_EDGE('',*,*,#3387,.T.);
#4196=ORIENTED_EDGE('',*,*,#3388,.T.);
#4197=ORIENTED_EDGE('',*,*,#3389,.T.);
#4198=ORIENTED_EDGE('',*,*,#3390,.T.);
#4199=ORIENTED_EDGE('',*,*,#3391,.T.);
#4200=ORIENTED_EDGE('',*,*,#3392,.T.);
#4201=ORIENTED_EDGE('',*,*,#3393,.T.);
#4202=ORIENTED_EDGE('',*,*,#3394,.T.);
#4203=ORIENTED_EDGE('',*,*,#3395,.T.);
#4204=ORIENTED_EDGE('',*,*,#3396,.T.);
#4205=ORIENTED_EDGE('',*,*,#3397,.T.);
#4206=ORIENTED_EDGE('',*,*,#3398,.T.);
#4207=ORIENTED_EDGE('',*,*,#3399,.T.);
#4208=ORIENTED_EDGE('',*,*,#3400,.T.);
#4209=ORIENTED_EDGE('',*,*,#3401,.T.);
#4210=ORIENTED_EDGE('',*,*,#3402,.T.);
#4211=ORIENTED_EDGE('',*,*,#3403,.T.);
#4212=ORIENTED_EDGE('',*,*,#3404,.T.);
#4213=ORIENTED_EDGE('',*,*,#3405,.T.);
#4214=ORIENTED_EDGE('',*,*,#3406,.T.);
#4215=ORIENTED_EDGE('',*,*,#3407,.T.);
#4216=ORIENTED_EDGE('',*,*,#3408,.T.);
#4217=ORIENTED_EDGE('',*,*,#3409,.T.);
#4218=ORIENTED_EDGE('',*,*,#3410,.T.);
#4219=ORIENTED_EDGE('',*,*,#3411,.T.);
#4220=ORIENTED_EDGE('',*,*,#3412,.T.);
#4221=ORIENTED_EDGE('',*,*,#3413,.T.);
#4222=ORIENTED_EDGE('',*,*,#3414,.T.);
#4223=ORIENTED_EDGE('',*,*,#3415,.T.);
#4224=ORIENTED_EDGE('',*,*,#3416,.T.);
#4225=ORIENTED_EDGE('',*,*,#3417,.T.);
#4226=ORIENTED_EDGE('',*,*,#3418,.T.);
#4227=ORIENTED_EDGE('',*,*,#3419,.T.);
#4228=ORIENTED_EDGE('',*,*,#3420,.T.);
#4229=ORIENTED_EDGE('',*,*,#3421,.T.);
#4230=ORIENTED_EDGE('',*,*,#3422,.T.);
#4231=ORIENTED_EDGE('',*,*,#3423,.T.);
#4232=ORIENTED_EDGE('',*,*,#3424,.T.);
#4233=ORIENTED_EDGE('',*,*,#3425,.T.);
#4234=ORIENTED_EDGE('',*,*,#3426,.T.);
#4235=ORIENTED_EDGE('',*,*,#3427,.T.);
#4236=ORIENTED_EDGE('',*,*,#3428,.T.);
#4237=ORIENTED_EDGE('',*,*,#3429,.T.);
#4238=ORIENTED_EDGE('',*,*,#3430,.T.);
#4239=ORIENTED_EDGE('',*,*,#3431,.T.);
#4240=ORIENTED_EDGE('',*,*,#3432,.T.);
#4241=ORIENTED_EDGE('',*,*,#3433,.T.);
#4242=ORIENTED_EDGE('',*,*,#3434,.T.);
#4243=ORIENTED_EDGE('',*,*,#3435,.T.);
#4244=ORIENTED_EDGE('',*,*,#3436,.T.);
#4245=ORIENTED_EDGE('',*,*,#3437,.T.);
#4246=ORIENTED_EDGE('',*,*,#3438,.T.);
#4247=ORIENTED_EDGE('',*,*,#3439,.T.);
#4248=ORIENTED_EDGE('',*,*,#3440,.T.);
#4249=ORIENTED_EDGE('',*,*,#3441,.T.);
#4250=ORIENTED_EDGE('',*,*,#3442,.T.);
#4251=ORIENTED_EDGE('',*,*,#3443,.T.);
#4252=ORIENTED_EDGE('',*,*,#3444,.T.);
#4253=ORIENTED_EDGE('',*,*,#3445,.T.);
#4254=ORIENTED_EDGE('',*,*,#3446,.T.);
#4255=ORIENTED_EDGE('',*,*,#3447,.T.);
#4256=ORIENTED_EDGE('',*,*,#3448,.T.);
#4257=ORIENTED_EDGE('',*,*,#3449,.T.);
#4258=ORIENTED_EDGE('',*,*,#3450,.T.);
#4259=ORIENTED_EDGE('',*,*,#3451,.T.);
#4260=ORIENTED_EDGE('',*,*,#3452,.T.);
#4261=ORIENTED_EDGE('',*,*,#3453,.T.);
#4262=ORIENTED_EDGE('',*,*,#3454,.T.);
#4263=ORIENTED_EDGE('',*,*,#3455,.T.);
#4264=ORIENTED_EDGE('',*,*,#3456,.T.);
#4265=ORIENTED_EDGE('',*,*,#3457,.T.);
#4266=ORIENTED_EDGE('',*,*,#3458,.T.);
#4267=ORIENTED_EDGE('',*,*,#3459,.T.);
#4268=ORIENTED_EDGE('',*,*,#3460,.T.);
#4269=ORIENTED_EDGE('',*,*,#3461,.T.);
#4270=ORIENTED_EDGE('',*,*,#3462,.T.);
#4271=ORIENTED_EDGE('',*,*,#3463,.T.);
#4272=ORIENTED_EDGE('',*,*,#3464,.T.);
#4273=ORIENTED_EDGE('',*,*,#3465,.T.);
#4274=ORIENTED_EDGE('',*,*,#3466,.T.);
#4275=ORIENTED_EDGE('',*,*,#3467,.T.);
#4276=ORIENTED_EDGE('',*,*,#3468,.T.);
#4277=ORIENTED_EDGE('',*,*,#3469,.T.);
#4278=ORIENTED_EDGE('',*,*,#3470,.T.);
#4279=ORIENTED_EDGE('',*,*,#3471,.T.);
#4280=ORIENTED_EDGE('',*,*,#3472,.T.);
#4281=ORIENTED_EDGE('',*,*,#3473,.T.);
#4282=ORIENTED_EDGE('',*,*,#3474,.T.);
#4283=ORIENTED_EDGE('',*,*,#3475,.T.);
#4284=ORIENTED_EDGE('',*,*,#3476,.T.);
#4285=ORIENTED_EDGE('',*,*,#3477,.T.);
#4286=ORIENTED_EDGE('',*,*,#3478,.T.);
#4287=ORIENTED_EDGE('',*,*,#3479,.T.);
#4288=ORIENTED_EDGE('',*,*,#3480,.T.);
#4289=ORIENTED_EDGE('',*,*,#3481,.T.);
#4290=ORIENTED_EDGE('',*,*,#3482,.T.);
#4291=ORIENTED_EDGE('',*,*,#3483,.T.);
#4292=ORIENTED_EDGE('',*,*,#3484,.T.);
#4293=ORIENTED_EDGE('',*,*,#3485,.T.);
#4294=ORIENTED_EDGE('',*,*,#3486,.T.);
#4295=ORIENTED_EDGE('',*,*,#3487,.T.);
#4296=ORIENTED_EDGE('',*,*,#3488,.T.);
#4297=ORIENTED_EDGE('',*,*,#3489,.T.);
#4298=ORIENTED_EDGE('',*,*,#3490,.T.);
#4299=ORIENTED_EDGE('',*,*,#3491,.T.);
#4300=ORIENTED_EDGE('',*,*,#3492,.T.);
#4301=ORIENTED_EDGE('',*,*,#3493,.T.);
#4302=ORIENTED_EDGE('',*,*,#3494,.T.);
#4303=ORIENTED_EDGE('',*,*,#3495,.T.);
#4304=ORIENTED_EDGE('',*,*,#3496,.T.);
#4305=ORIENTED_EDGE('',*,*,#3497,.T.);
#4306=ORIENTED_EDGE('',*,*,#3498,.T.);
#4307=ORIENTED_EDGE('',*,*,#3499,.T.);
#4308=ORIENTED_EDGE('',*,*,#3500,.T.);
#4309=ORIENTED_EDGE('',*,*,#3501,.T.);
#4310=ORIENTED_EDGE('',*,*,#3502,.T.);
#4311=ORIENTED_EDGE('',*,*,#3503,.T.);
#4312=ORIENTED_EDGE('',*,*,#3504,.T.);
#4313=ORIENTED_EDGE('',*,*,#3505,.T.);
#4314=ORIENTED_EDGE('',*,*,#3506,.T.);
#4315=ORIENTED_EDGE('',*,*,#3507,.T.);
#4316=ORIENTED_EDGE('',*,*,#3508,.T.);
#4317=ORIENTED_EDGE('',*,*,#3509,.T.);
#4318=ORIENTED_EDGE('',*,*,#3510,.T.);
#4319=ORIENTED_EDGE('',*,*,#3511,.T.);
#4320=ORIENTED_EDGE('',*,*,#3512,.T.);
#4321=ORIENTED_EDGE('',*,*,#3513,.T.);
#4322=ORIENTED_EDGE('',*,*,#3514,.T.);
#4323=ORIENTED_EDGE('',*,*,#3515,.T.);
#4324=ORIENTED_EDGE('',*,*,#3516,.T.);
#4325=ORIENTED_EDGE('',*,*,#3517,.T.);
#4326=ORIENTED_EDGE('',*,*,#3518,.T.);
#4327=ORIENTED_EDGE('',*,*,#3519,.T.);
#4328=ORIENTED_EDGE('',*,*,#3520,.T.);
#4329=ORIENTED_EDGE('',*,*,#3521,.T.);
#4330=ORIENTED_EDGE('',*,*,#3522,.T.);
#4331=ORIENTED_EDGE('',*,*,#3523,.T.);
#4332=ORIENTED_EDGE('',*,*,#3524,.T.);
#4333=ORIENTED_EDGE('',*,*,#3525,.T.);
#4334=ORIENTED_EDGE('',*,*,#3526,.T.);
#4335=ORIENTED_EDGE('',*,*,#3527,.T.);
#4336=ORIENTED_EDGE('',*,*,#3528,.T.);
#4337=ORIENTED_EDGE('',*,*,#3529,.T.);
#4338=ORIENTED_EDGE('',*,*,#3530,.T.);
#4339=ORIENTED_EDGE('',*,*,#3531,.T.);
#4340=ORIENTED_EDGE('',*,*,#3532,.T.);
#4341=ORIENTED_EDGE('',*,*,#3533,.T.);
#4342=ORIENTED_EDGE('',*,*,#3534,.T.);
#4343=ORIENTED_EDGE('',*,*,#3535,.T.);
#4344=ORIENTED_EDGE('',*,*,#3536,.T.);
#4345=ORIENTED_EDGE('',*,*,#3537,.T.);
#4346=ORIENTED_EDGE('',*,*,#3538,.T.);
#4347=ORIENTED_EDGE('',*,*,#3539,.T.);
#4348=ORIENTED_EDGE('',*,*,#3540,.T.);
#4349=ORIENTED_EDGE('',*,*,#3541,.T.);
#4350=ORIENTED_EDGE('',*,*,#3542,.T.);
#4351=ORIENTED_EDGE('',*,*,#3543,.T.);
#4352=ORIENTED_EDGE('',*,*,#3544,.T.);
#4353=ORIENTED_EDGE('',*,*,#3545,.T.);
#4354=ORIENTED_EDGE('',*,*,#3546,.T.);
#4355=ORIENTED_EDGE('',*,*,#3547,.T.);
#4356=ORIENTED_EDGE('',*,*,#3548,.T.);
#4357=ORIENTED_EDGE('',*,*,#3549,.T.);
#4358=ORIENTED_EDGE('',*,*,#3550,.T.);
#4359=ORIENTED_EDGE('',*,*,#3551,.T.);
#4360=ORIENTED_EDGE('',*,*,#3552,.T.);
#4361=ORIENTED_EDGE('',*,*,#3553,.T.);
#4362=ORIENTED_EDGE('',*,*,#3554,.T.);
#4363=ORIENTED_EDGE('',*,*,#3555,.T.);
#4364=ORIENTED_EDGE('',*,*,#3556,.T.);
#4365=ORIENTED_EDGE('',*,*,#3557,.T.);
#4366=ORIENTED_EDGE('',*,*,#3558,.T.);
#4367=ORIENTED_EDGE('',*,*,#3559,.T.);
#4368=ORIENTED_EDGE('',*,*,#3560,.T.);
#4369=ORIENTED_EDGE('',*,*,#3561,.T.);
#4370=ORIENTED_EDGE('',*,*,#3562,.T.);
#4371=ORIENTED_EDGE('',*,*,#3563,.T.);
#4372=ORIENTED_EDGE('',*,*,#3564,.T.);
#4373=ORIENTED_EDGE('',*,*,#3565,.T.);
#4374=ORIENTED_EDGE('',*,*,#3566,.T.);
#4375=ORIENTED_EDGE('',*,*,#3567,.T.);
#4376=ORIENTED_EDGE('',*,*,#3568,.T.);
#4377=ORIENTED_EDGE('',*,*,#3569,.T.);
#4378=ORIENTED_EDGE('',*,*,#3570,.T.);
#4379=ORIENTED_EDGE('',*,*,#3571,.T.);
#4380=ORIENTED_EDGE('',*,*,#3572,.T.);
#4381=ORIENTED_EDGE('',*,*,#3573,.T.);
#4382=ORIENTED_EDGE('',*,*,#3574,.T.);
#4383=ORIENTED_EDGE('',*,*,#3575,.T.);
#4384=ORIENTED_EDGE('',*,*,#3576,.T.);
#4385=ORIENTED_EDGE('',*,*,#3577,.T.);
#4386=ORIENTED_EDGE('',*,*,#3578,.T.);
#4387=ORIENTED_EDGE('',*,*,#3579,.T.);
#4388=ORIENTED_EDGE('',*,*,#3580,.T.);
#4389=ORIENTED_EDGE('',*,*,#3581,.T.);
#4390=ORIENTED_EDGE('',*,*,#3582,.T.);
#4391=ORIENTED_EDGE('',*,*,#3583,.T.);
#4392=ORIENTED_EDGE('',*,*,#3584,.T.);
#4393=ORIENTED_EDGE('',*,*,#3585,.T.);
#4394=ORIENTED_EDGE('',*,*,#3586,.T.);
#4395=ORIENTED_EDGE('',*,*,#3587,.T.);
#4396=ORIENTED_EDGE('',*,*,#3588,.T.);
#4397=ORIENTED_EDGE('',*,*,#3589,.T.);
#4398=ORIENTED_EDGE('',*,*,#3590,.T.);
#4399=ORIENTED_EDGE('',*,*,#3591,.T.);
#4400=ORIENTED_EDGE('',*,*,#3592,.T.);
#4401=ORIENTED_EDGE('',*,*,#3593,.T.);
#4402=ORIENTED_EDGE('',*,*,#3594,.T.);
#4403=ORIENTED_EDGE('',*,*,#3595,.T.);
#4404=ORIENTED_EDGE('',*,*,#3596,.T.);
#4405=ORIENTED_EDGE('',*,*,#3597,.T.);
#4406=ORIENTED_EDGE('',*,*,#3598,.T.);
#4407=ORIENTED_EDGE('',*,*,#3599,.T.);
#4408=ORIENTED_EDGE('',*,*,#3600,.T.);
#4409=ORIENTED_EDGE('',*,*,#3601,.T.);
#4410=ORIENTED_EDGE('',*,*,#3602,.T.);
#4411=ORIENTED_EDGE('',*,*,#3603,.T.);
#4412=ORIENTED_EDGE('',*,*,#3604,.T.);
#4413=ORIENTED_EDGE('',*,*,#3605,.T.);
#4414=ORIENTED_EDGE('',*,*,#3606,.T.);
#4415=ORIENTED_EDGE('',*,*,#3607,.T.);
#4416=ORIENTED_EDGE('',*,*,#3608,.T.);
#4417=ORIENTED_EDGE('',*,*,#3609,.T.);
#4418=ORIENTED_EDGE('',*,*,#3610,.T.);
#4419=ORIENTED_EDGE('',*,*,#3611,.T.);
#4420=ORIENTED_EDGE('',*,*,#3612,.T.);
#4421=ORIENTED_EDGE('',*,*,#3613,.T.);
#4422=ORIENTED_EDGE('',*,*,#3614,.T.);
#4423=ORIENTED_EDGE('',*,*,#3615,.T.);
#4424=ORIENTED_EDGE('',*,*,#3616,.T.);
#4425=ORIENTED_EDGE('',*,*,#3617,.T.);
#4426=ORIENTED_EDGE('',*,*,#3618,.T.);
#4427=ORIENTED_EDGE('',*,*,#3619,.T.);
#4428=ORIENTED_EDGE('',*,*,#3620,.T.);
#4429=ORIENTED_EDGE('',*,*,#3621,.T.);
#4430=ORIENTED_EDGE('',*,*,#3622,.T.);
#4431=ORIENTED_EDGE('',*,*,#3623,.T.);
#4432=ORIENTED_EDGE('',*,*,#3624,.T.);
#4433=ORIENTED_EDGE('',*,*,#3625,.T.);
#4434=ORIENTED_EDGE('',*,*,#3626,.T.);
#4435=ORIENTED_EDGE('',*,*,#3627,.T.);
#4436=ORIENTED_EDGE('',*,*,#3628,.T.);
#4437=ORIENTED_EDGE('',*,*,#3629,.T.);
#4438=ORIENTED_EDGE('',*,*,#3630,.T.);
#4439=ORIENTED_EDGE('',*,*,#3631,.T.);
#4440=ORIENTED_EDGE('',*,*,#3632,.T.);
#4441=ORIENTED_EDGE('',*,*,#3633,.T.);
#4442=ORIENTED_EDGE('',*,*,#3634,.T.);
#4443=ORIENTED_EDGE('',*,*,#3635,.T.);
#4444=ORIENTED_EDGE('',*,*,#3636,.T.);
#4445=ORIENTED_EDGE('',*,*,#3637,.T.);
#4446=ORIENTED_EDGE('',*,*,#3638,.T.);
#4447=TOROIDAL_SURFACE('',#4925,3.24999999940546,0.249999999315488);
#4448=TOROIDAL_SURFACE('',#4930,3.25000000109319,0.249999999561253);
#4449=TOROIDAL_SURFACE('',#4935,4.74999999940546,0.249999999315488);
#4450=TOROIDAL_SURFACE('',#4946,4.05000000074229,0.199999999430732);
#4451=TOROIDAL_SURFACE('',#5340,4.05000000074229,0.199999999430732);
#4452=TOROIDAL_SURFACE('',#5354,4.74999999940546,0.249999999315488);
#4453=TOROIDAL_SURFACE('',#5359,3.25000000109319,0.249999999561253);
#4454=TOROIDAL_SURFACE('',#5364,3.24999999940546,0.249999999315488);
#4455=ADVANCED_FACE('',(#1385),#4447,.T.);
#4456=ADVANCED_FACE('',(#1386),#4448,.T.);
#4457=ADVANCED_FACE('',(#1387),#4449,.T.);
#4458=ADVANCED_FACE('',(#1388),#1155,.T.);
#4459=ADVANCED_FACE('',(#1389),#1156,.T.);
#4460=ADVANCED_FACE('',(#1390),#4450,.T.);
#4461=ADVANCED_FACE('',(#1391),#1157,.T.);
#4462=ADVANCED_FACE('',(#1392),#1158,.T.);
#4463=ADVANCED_FACE('',(#1393),#1159,.T.);
#4464=ADVANCED_FACE('',(#1394),#1160,.T.);
#4465=ADVANCED_FACE('',(#1395),#1161,.T.);
#4466=ADVANCED_FACE('',(#1396),#1162,.T.);
#4467=ADVANCED_FACE('',(#1397),#1163,.T.);
#4468=ADVANCED_FACE('',(#1398),#1164,.T.);
#4469=ADVANCED_FACE('',(#1399),#1165,.T.);
#4470=ADVANCED_FACE('',(#1400),#1166,.T.);
#4471=ADVANCED_FACE('',(#1401),#1167,.T.);
#4472=ADVANCED_FACE('',(#1402),#1168,.T.);
#4473=ADVANCED_FACE('',(#1403),#1169,.T.);
#4474=ADVANCED_FACE('',(#1404),#1170,.T.);
#4475=ADVANCED_FACE('',(#1405),#1171,.T.);
#4476=ADVANCED_FACE('',(#1406),#1172,.T.);
#4477=ADVANCED_FACE('',(#1407),#1173,.T.);
#4478=ADVANCED_FACE('',(#1408),#1174,.T.);
#4479=ADVANCED_FACE('',(#1409),#1175,.T.);
#4480=ADVANCED_FACE('',(#1410),#1176,.T.);
#4481=ADVANCED_FACE('',(#1411),#1177,.T.);
#4482=ADVANCED_FACE('',(#1412),#1178,.T.);
#4483=ADVANCED_FACE('',(#1413),#1179,.T.);
#4484=ADVANCED_FACE('',(#1414),#1180,.T.);
#4485=ADVANCED_FACE('',(#1415),#1181,.T.);
#4486=ADVANCED_FACE('',(#1416),#1182,.T.);
#4487=ADVANCED_FACE('',(#1417),#1183,.T.);
#4488=ADVANCED_FACE('',(#1418),#1184,.T.);
#4489=ADVANCED_FACE('',(#1419),#1185,.T.);
#4490=ADVANCED_FACE('',(#1420),#1186,.T.);
#4491=ADVANCED_FACE('',(#1421),#1187,.T.);
#4492=ADVANCED_FACE('',(#1422),#1188,.T.);
#4493=ADVANCED_FACE('',(#1423),#1189,.T.);
#4494=ADVANCED_FACE('',(#1424),#1190,.T.);
#4495=ADVANCED_FACE('',(#1425),#1191,.T.);
#4496=ADVANCED_FACE('',(#1426),#1192,.T.);
#4497=ADVANCED_FACE('',(#1427),#1193,.T.);
#4498=ADVANCED_FACE('',(#1428),#1194,.T.);
#4499=ADVANCED_FACE('',(#1429),#1195,.T.);
#4500=ADVANCED_FACE('',(#1430),#1196,.T.);
#4501=ADVANCED_FACE('',(#1431),#1197,.T.);
#4502=ADVANCED_FACE('',(#1432),#1198,.T.);
#4503=ADVANCED_FACE('',(#1433),#1199,.T.);
#4504=ADVANCED_FACE('',(#1434),#1200,.T.);
#4505=ADVANCED_FACE('',(#1435),#1201,.T.);
#4506=ADVANCED_FACE('',(#1436),#1202,.T.);
#4507=ADVANCED_FACE('',(#1437),#1203,.T.);
#4508=ADVANCED_FACE('',(#1438,#15,#16,#17,#18,#19,#20,#21,#22,#23,#24,#25,
#26,#27,#28,#29,#30,#31,#32,#33),#57,.T.);
#4509=ADVANCED_FACE('',(#1439,#34),#58,.T.);
#4510=ADVANCED_FACE('',(#1440),#1204,.T.);
#4511=ADVANCED_FACE('',(#1441),#1205,.T.);
#4512=ADVANCED_FACE('',(#1442,#35),#59,.T.);
#4513=ADVANCED_FACE('',(#1443),#60,.T.);
#4514=ADVANCED_FACE('',(#1444),#61,.T.);
#4515=ADVANCED_FACE('',(#1445),#62,.T.);
#4516=ADVANCED_FACE('',(#1446),#63,.T.);
#4517=ADVANCED_FACE('',(#1447),#64,.T.);
#4518=ADVANCED_FACE('',(#1448),#65,.T.);
#4519=ADVANCED_FACE('',(#1449),#66,.T.);
#4520=ADVANCED_FACE('',(#1450),#67,.T.);
#4521=ADVANCED_FACE('',(#1451),#68,.T.);
#4522=ADVANCED_FACE('',(#1452),#69,.T.);
#4523=ADVANCED_FACE('',(#1453),#70,.T.);
#4524=ADVANCED_FACE('',(#1454),#71,.T.);
#4525=ADVANCED_FACE('',(#1455),#72,.T.);
#4526=ADVANCED_FACE('',(#1456),#73,.T.);
#4527=ADVANCED_FACE('',(#1457),#74,.T.);
#4528=ADVANCED_FACE('',(#1458),#75,.T.);
#4529=ADVANCED_FACE('',(#1459),#76,.T.);
#4530=ADVANCED_FACE('',(#1460),#77,.T.);
#4531=ADVANCED_FACE('',(#1461),#78,.T.);
#4532=ADVANCED_FACE('',(#1462),#79,.T.);
#4533=ADVANCED_FACE('',(#1463),#80,.T.);
#4534=ADVANCED_FACE('',(#1464),#81,.T.);
#4535=ADVANCED_FACE('',(#1465),#82,.T.);
#4536=ADVANCED_FACE('',(#1466),#83,.T.);
#4537=ADVANCED_FACE('',(#1467),#84,.T.);
#4538=ADVANCED_FACE('',(#1468),#85,.T.);
#4539=ADVANCED_FACE('',(#1469),#86,.T.);
#4540=ADVANCED_FACE('',(#1470),#87,.T.);
#4541=ADVANCED_FACE('',(#1471),#88,.T.);
#4542=ADVANCED_FACE('',(#1472),#89,.T.);
#4543=ADVANCED_FACE('',(#1473),#90,.T.);
#4544=ADVANCED_FACE('',(#1474),#91,.T.);
#4545=ADVANCED_FACE('',(#1475),#92,.T.);
#4546=ADVANCED_FACE('',(#1476),#93,.T.);
#4547=ADVANCED_FACE('',(#1477),#94,.T.);
#4548=ADVANCED_FACE('',(#1478),#95,.T.);
#4549=ADVANCED_FACE('',(#1479),#96,.T.);
#4550=ADVANCED_FACE('',(#1480),#97,.T.);
#4551=ADVANCED_FACE('',(#1481),#98,.T.);
#4552=ADVANCED_FACE('',(#1482),#99,.T.);
#4553=ADVANCED_FACE('',(#1483),#100,.T.);
#4554=ADVANCED_FACE('',(#1484),#101,.T.);
#4555=ADVANCED_FACE('',(#1485),#102,.T.);
#4556=ADVANCED_FACE('',(#1486),#103,.T.);
#4557=ADVANCED_FACE('',(#1487),#104,.T.);
#4558=ADVANCED_FACE('',(#1488),#105,.T.);
#4559=ADVANCED_FACE('',(#1489),#106,.T.);
#4560=ADVANCED_FACE('',(#1490),#107,.T.);
#4561=ADVANCED_FACE('',(#1491),#1206,.T.);
#4562=ADVANCED_FACE('',(#1492),#108,.T.);
#4563=ADVANCED_FACE('',(#1493),#109,.T.);
#4564=ADVANCED_FACE('',(#1494,#36,#37,#38,#39,#40,#41,#42,#43,#44,#45,#46,
#47,#48,#49,#50,#51,#52,#53,#54),#110,.T.);
#4565=ADVANCED_FACE('',(#1495),#1207,.T.);
#4566=ADVANCED_FACE('',(#1496),#1208,.T.);
#4567=ADVANCED_FACE('',(#1497),#1209,.T.);
#4568=ADVANCED_FACE('',(#1498),#1210,.T.);
#4569=ADVANCED_FACE('',(#1499),#111,.T.);
#4570=ADVANCED_FACE('',(#1500),#112,.T.);
#4571=ADVANCED_FACE('',(#1501),#1211,.T.);
#4572=ADVANCED_FACE('',(#1502),#1212,.T.);
#4573=ADVANCED_FACE('',(#1503),#1213,.T.);
#4574=ADVANCED_FACE('',(#1504),#1214,.T.);
#4575=ADVANCED_FACE('',(#1505),#113,.T.);
#4576=ADVANCED_FACE('',(#1506),#114,.T.);
#4577=ADVANCED_FACE('',(#1507),#1215,.T.);
#4578=ADVANCED_FACE('',(#1508),#1216,.T.);
#4579=ADVANCED_FACE('',(#1509),#1217,.T.);
#4580=ADVANCED_FACE('',(#1510),#1218,.T.);
#4581=ADVANCED_FACE('',(#1511),#115,.T.);
#4582=ADVANCED_FACE('',(#1512),#116,.T.);
#4583=ADVANCED_FACE('',(#1513),#1219,.T.);
#4584=ADVANCED_FACE('',(#1514),#1220,.T.);
#4585=ADVANCED_FACE('',(#1515),#1221,.T.);
#4586=ADVANCED_FACE('',(#1516),#1222,.T.);
#4587=ADVANCED_FACE('',(#1517),#117,.T.);
#4588=ADVANCED_FACE('',(#1518),#118,.T.);
#4589=ADVANCED_FACE('',(#1519),#1223,.T.);
#4590=ADVANCED_FACE('',(#1520),#1224,.T.);
#4591=ADVANCED_FACE('',(#1521),#1225,.T.);
#4592=ADVANCED_FACE('',(#1522),#1226,.T.);
#4593=ADVANCED_FACE('',(#1523),#119,.T.);
#4594=ADVANCED_FACE('',(#1524),#120,.T.);
#4595=ADVANCED_FACE('',(#1525),#1227,.T.);
#4596=ADVANCED_FACE('',(#1526),#1228,.T.);
#4597=ADVANCED_FACE('',(#1527),#1229,.T.);
#4598=ADVANCED_FACE('',(#1528),#1230,.T.);
#4599=ADVANCED_FACE('',(#1529,#55),#121,.T.);
#4600=ADVANCED_FACE('',(#1530),#4451,.T.);
#4601=ADVANCED_FACE('',(#1531),#1231,.T.);
#4602=ADVANCED_FACE('',(#1532,#56),#122,.T.);
#4603=ADVANCED_FACE('',(#1533),#1232,.T.);
#4604=ADVANCED_FACE('',(#1534),#4452,.T.);
#4605=ADVANCED_FACE('',(#1535),#4453,.T.);
#4606=ADVANCED_FACE('',(#1536),#4454,.T.);
#4607=OPEN_SHELL('',(#4455));
#4608=OPEN_SHELL('',(#4456));
#4609=OPEN_SHELL('',(#4457));
#4610=OPEN_SHELL('',(#4458));
#4611=OPEN_SHELL('',(#4459));
#4612=OPEN_SHELL('',(#4460));
#4613=OPEN_SHELL('',(#4461));
#4614=OPEN_SHELL('',(#4462));
#4615=OPEN_SHELL('',(#4463));
#4616=OPEN_SHELL('',(#4464));
#4617=OPEN_SHELL('',(#4465));
#4618=OPEN_SHELL('',(#4466));
#4619=OPEN_SHELL('',(#4467));
#4620=OPEN_SHELL('',(#4468));
#4621=OPEN_SHELL('',(#4469));
#4622=OPEN_SHELL('',(#4470));
#4623=OPEN_SHELL('',(#4471));
#4624=OPEN_SHELL('',(#4472));
#4625=OPEN_SHELL('',(#4473));
#4626=OPEN_SHELL('',(#4474));
#4627=OPEN_SHELL('',(#4475));
#4628=OPEN_SHELL('',(#4476));
#4629=OPEN_SHELL('',(#4477));
#4630=OPEN_SHELL('',(#4478));
#4631=OPEN_SHELL('',(#4479));
#4632=OPEN_SHELL('',(#4480));
#4633=OPEN_SHELL('',(#4481));
#4634=OPEN_SHELL('',(#4482));
#4635=OPEN_SHELL('',(#4483));
#4636=OPEN_SHELL('',(#4484));
#4637=OPEN_SHELL('',(#4485));
#4638=OPEN_SHELL('',(#4486));
#4639=OPEN_SHELL('',(#4487));
#4640=OPEN_SHELL('',(#4488));
#4641=OPEN_SHELL('',(#4489));
#4642=OPEN_SHELL('',(#4490));
#4643=OPEN_SHELL('',(#4491));
#4644=OPEN_SHELL('',(#4492));
#4645=OPEN_SHELL('',(#4493));
#4646=OPEN_SHELL('',(#4494));
#4647=OPEN_SHELL('',(#4495));
#4648=OPEN_SHELL('',(#4496));
#4649=OPEN_SHELL('',(#4497));
#4650=OPEN_SHELL('',(#4498));
#4651=OPEN_SHELL('',(#4499));
#4652=OPEN_SHELL('',(#4500));
#4653=OPEN_SHELL('',(#4501));
#4654=OPEN_SHELL('',(#4502));
#4655=OPEN_SHELL('',(#4503));
#4656=OPEN_SHELL('',(#4504));
#4657=OPEN_SHELL('',(#4505));
#4658=OPEN_SHELL('',(#4506));
#4659=OPEN_SHELL('',(#4507));
#4660=OPEN_SHELL('',(#4508));
#4661=OPEN_SHELL('',(#4509));
#4662=OPEN_SHELL('',(#4510));
#4663=OPEN_SHELL('',(#4511));
#4664=OPEN_SHELL('',(#4512));
#4665=OPEN_SHELL('',(#4513));
#4666=OPEN_SHELL('',(#4514));
#4667=OPEN_SHELL('',(#4515));
#4668=OPEN_SHELL('',(#4516));
#4669=OPEN_SHELL('',(#4517));
#4670=OPEN_SHELL('',(#4518));
#4671=OPEN_SHELL('',(#4519));
#4672=OPEN_SHELL('',(#4520));
#4673=OPEN_SHELL('',(#4521));
#4674=OPEN_SHELL('',(#4522));
#4675=OPEN_SHELL('',(#4523));
#4676=OPEN_SHELL('',(#4524));
#4677=OPEN_SHELL('',(#4525));
#4678=OPEN_SHELL('',(#4526));
#4679=OPEN_SHELL('',(#4527));
#4680=OPEN_SHELL('',(#4528));
#4681=OPEN_SHELL('',(#4529));
#4682=OPEN_SHELL('',(#4530));
#4683=OPEN_SHELL('',(#4531));
#4684=OPEN_SHELL('',(#4532));
#4685=OPEN_SHELL('',(#4533));
#4686=OPEN_SHELL('',(#4534));
#4687=OPEN_SHELL('',(#4535));
#4688=OPEN_SHELL('',(#4536));
#4689=OPEN_SHELL('',(#4537));
#4690=OPEN_SHELL('',(#4538));
#4691=OPEN_SHELL('',(#4539));
#4692=OPEN_SHELL('',(#4540));
#4693=OPEN_SHELL('',(#4541));
#4694=OPEN_SHELL('',(#4542));
#4695=OPEN_SHELL('',(#4543));
#4696=OPEN_SHELL('',(#4544));
#4697=OPEN_SHELL('',(#4545));
#4698=OPEN_SHELL('',(#4546));
#4699=OPEN_SHELL('',(#4547));
#4700=OPEN_SHELL('',(#4548));
#4701=OPEN_SHELL('',(#4549));
#4702=OPEN_SHELL('',(#4550));
#4703=OPEN_SHELL('',(#4551));
#4704=OPEN_SHELL('',(#4552));
#4705=OPEN_SHELL('',(#4553));
#4706=OPEN_SHELL('',(#4554));
#4707=OPEN_SHELL('',(#4555));
#4708=OPEN_SHELL('',(#4556));
#4709=OPEN_SHELL('',(#4557));
#4710=OPEN_SHELL('',(#4558));
#4711=OPEN_SHELL('',(#4559));
#4712=OPEN_SHELL('',(#4560));
#4713=OPEN_SHELL('',(#4561));
#4714=OPEN_SHELL('',(#4562));
#4715=OPEN_SHELL('',(#4563));
#4716=OPEN_SHELL('',(#4564));
#4717=OPEN_SHELL('',(#4565));
#4718=OPEN_SHELL('',(#4566));
#4719=OPEN_SHELL('',(#4567));
#4720=OPEN_SHELL('',(#4568));
#4721=OPEN_SHELL('',(#4569));
#4722=OPEN_SHELL('',(#4570));
#4723=OPEN_SHELL('',(#4571));
#4724=OPEN_SHELL('',(#4572));
#4725=OPEN_SHELL('',(#4573));
#4726=OPEN_SHELL('',(#4574));
#4727=OPEN_SHELL('',(#4575));
#4728=OPEN_SHELL('',(#4576));
#4729=OPEN_SHELL('',(#4577));
#4730=OPEN_SHELL('',(#4578));
#4731=OPEN_SHELL('',(#4579));
#4732=OPEN_SHELL('',(#4580));
#4733=OPEN_SHELL('',(#4581));
#4734=OPEN_SHELL('',(#4582));
#4735=OPEN_SHELL('',(#4583));
#4736=OPEN_SHELL('',(#4584));
#4737=OPEN_SHELL('',(#4585));
#4738=OPEN_SHELL('',(#4586));
#4739=OPEN_SHELL('',(#4587));
#4740=OPEN_SHELL('',(#4588));
#4741=OPEN_SHELL('',(#4589));
#4742=OPEN_SHELL('',(#4590));
#4743=OPEN_SHELL('',(#4591));
#4744=OPEN_SHELL('',(#4592));
#4745=OPEN_SHELL('',(#4593));
#4746=OPEN_SHELL('',(#4594));
#4747=OPEN_SHELL('',(#4595));
#4748=OPEN_SHELL('',(#4596));
#4749=OPEN_SHELL('',(#4597));
#4750=OPEN_SHELL('',(#4598));
#4751=OPEN_SHELL('',(#4599));
#4752=OPEN_SHELL('',(#4600));
#4753=OPEN_SHELL('',(#4601));
#4754=OPEN_SHELL('',(#4602));
#4755=OPEN_SHELL('',(#4603));
#4756=OPEN_SHELL('',(#4604));
#4757=OPEN_SHELL('',(#4605));
#4758=OPEN_SHELL('',(#4606));
#4759=SHELL_BASED_SURFACE_MODEL('Body1',(#4607));
#4760=SHELL_BASED_SURFACE_MODEL('Body2',(#4608));
#4761=SHELL_BASED_SURFACE_MODEL('Body3',(#4609));
#4762=SHELL_BASED_SURFACE_MODEL('Body4',(#4610));
#4763=SHELL_BASED_SURFACE_MODEL('Body5',(#4611));
#4764=SHELL_BASED_SURFACE_MODEL('Body6',(#4612));
#4765=SHELL_BASED_SURFACE_MODEL('Body7',(#4613));
#4766=SHELL_BASED_SURFACE_MODEL('Body8',(#4614));
#4767=SHELL_BASED_SURFACE_MODEL('Body9',(#4615));
#4768=SHELL_BASED_SURFACE_MODEL('Body10',(#4616));
#4769=SHELL_BASED_SURFACE_MODEL('Body11',(#4617));
#4770=SHELL_BASED_SURFACE_MODEL('Body12',(#4618));
#4771=SHELL_BASED_SURFACE_MODEL('Body13',(#4619));
#4772=SHELL_BASED_SURFACE_MODEL('Body14',(#4620));
#4773=SHELL_BASED_SURFACE_MODEL('Body15',(#4621));
#4774=SHELL_BASED_SURFACE_MODEL('Body16',(#4622));
#4775=SHELL_BASED_SURFACE_MODEL('Body17',(#4623));
#4776=SHELL_BASED_SURFACE_MODEL('Body18',(#4624));
#4777=SHELL_BASED_SURFACE_MODEL('Body19',(#4625));
#4778=SHELL_BASED_SURFACE_MODEL('Body20',(#4626));
#4779=SHELL_BASED_SURFACE_MODEL('Body21',(#4627));
#4780=SHELL_BASED_SURFACE_MODEL('Body22',(#4628));
#4781=SHELL_BASED_SURFACE_MODEL('Body23',(#4629));
#4782=SHELL_BASED_SURFACE_MODEL('Body24',(#4630));
#4783=SHELL_BASED_SURFACE_MODEL('Body25',(#4631));
#4784=SHELL_BASED_SURFACE_MODEL('Body26',(#4632));
#4785=SHELL_BASED_SURFACE_MODEL('Body27',(#4633));
#4786=SHELL_BASED_SURFACE_MODEL('Body28',(#4634));
#4787=SHELL_BASED_SURFACE_MODEL('Body29',(#4635));
#4788=SHELL_BASED_SURFACE_MODEL('Body30',(#4636));
#4789=SHELL_BASED_SURFACE_MODEL('Body31',(#4637));
#4790=SHELL_BASED_SURFACE_MODEL('Body32',(#4638));
#4791=SHELL_BASED_SURFACE_MODEL('Body33',(#4639));
#4792=SHELL_BASED_SURFACE_MODEL('Body34',(#4640));
#4793=SHELL_BASED_SURFACE_MODEL('Body35',(#4641));
#4794=SHELL_BASED_SURFACE_MODEL('Body36',(#4642));
#4795=SHELL_BASED_SURFACE_MODEL('Body37',(#4643));
#4796=SHELL_BASED_SURFACE_MODEL('Body38',(#4644));
#4797=SHELL_BASED_SURFACE_MODEL('Body39',(#4645));
#4798=SHELL_BASED_SURFACE_MODEL('Body40',(#4646));
#4799=SHELL_BASED_SURFACE_MODEL('Body41',(#4647));
#4800=SHELL_BASED_SURFACE_MODEL('Body42',(#4648));
#4801=SHELL_BASED_SURFACE_MODEL('Body43',(#4649));
#4802=SHELL_BASED_SURFACE_MODEL('Body44',(#4650));
#4803=SHELL_BASED_SURFACE_MODEL('Body45',(#4651));
#4804=SHELL_BASED_SURFACE_MODEL('Body46',(#4652));
#4805=SHELL_BASED_SURFACE_MODEL('Body47',(#4653));
#4806=SHELL_BASED_SURFACE_MODEL('Body48',(#4654));
#4807=SHELL_BASED_SURFACE_MODEL('Body49',(#4655));
#4808=SHELL_BASED_SURFACE_MODEL('Body50',(#4656));
#4809=SHELL_BASED_SURFACE_MODEL('Body51',(#4657));
#4810=SHELL_BASED_SURFACE_MODEL('Body52',(#4658));
#4811=SHELL_BASED_SURFACE_MODEL('Body53',(#4659));
#4812=SHELL_BASED_SURFACE_MODEL('Body54',(#4660));
#4813=SHELL_BASED_SURFACE_MODEL('Body55',(#4661));
#4814=SHELL_BASED_SURFACE_MODEL('Body56',(#4662));
#4815=SHELL_BASED_SURFACE_MODEL('Body57',(#4663));
#4816=SHELL_BASED_SURFACE_MODEL('Body58',(#4664));
#4817=SHELL_BASED_SURFACE_MODEL('Body59',(#4665));
#4818=SHELL_BASED_SURFACE_MODEL('Body60',(#4666));
#4819=SHELL_BASED_SURFACE_MODEL('Body61',(#4667));
#4820=SHELL_BASED_SURFACE_MODEL('Body62',(#4668));
#4821=SHELL_BASED_SURFACE_MODEL('Body63',(#4669));
#4822=SHELL_BASED_SURFACE_MODEL('Body64',(#4670));
#4823=SHELL_BASED_SURFACE_MODEL('Body65',(#4671));
#4824=SHELL_BASED_SURFACE_MODEL('Body66',(#4672));
#4825=SHELL_BASED_SURFACE_MODEL('Body67',(#4673));
#4826=SHELL_BASED_SURFACE_MODEL('Body68',(#4674));
#4827=SHELL_BASED_SURFACE_MODEL('Body69',(#4675));
#4828=SHELL_BASED_SURFACE_MODEL('Body70',(#4676));
#4829=SHELL_BASED_SURFACE_MODEL('Body71',(#4677));
#4830=SHELL_BASED_SURFACE_MODEL('Body72',(#4678));
#4831=SHELL_BASED_SURFACE_MODEL('Body73',(#4679));
#4832=SHELL_BASED_SURFACE_MODEL('Body74',(#4680));
#4833=SHELL_BASED_SURFACE_MODEL('Body75',(#4681));
#4834=SHELL_BASED_SURFACE_MODEL('Body76',(#4682));
#4835=SHELL_BASED_SURFACE_MODEL('Body77',(#4683));
#4836=SHELL_BASED_SURFACE_MODEL('Body78',(#4684));
#4837=SHELL_BASED_SURFACE_MODEL('Body79',(#4685));
#4838=SHELL_BASED_SURFACE_MODEL('Body80',(#4686));
#4839=SHELL_BASED_SURFACE_MODEL('Body81',(#4687));
#4840=SHELL_BASED_SURFACE_MODEL('Body82',(#4688));
#4841=SHELL_BASED_SURFACE_MODEL('Body83',(#4689));
#4842=SHELL_BASED_SURFACE_MODEL('Body84',(#4690));
#4843=SHELL_BASED_SURFACE_MODEL('Body85',(#4691));
#4844=SHELL_BASED_SURFACE_MODEL('Body86',(#4692));
#4845=SHELL_BASED_SURFACE_MODEL('Body87',(#4693));
#4846=SHELL_BASED_SURFACE_MODEL('Body88',(#4694));
#4847=SHELL_BASED_SURFACE_MODEL('Body89',(#4695));
#4848=SHELL_BASED_SURFACE_MODEL('Body90',(#4696));
#4849=SHELL_BASED_SURFACE_MODEL('Body91',(#4697));
#4850=SHELL_BASED_SURFACE_MODEL('Body92',(#4698));
#4851=SHELL_BASED_SURFACE_MODEL('Body93',(#4699));
#4852=SHELL_BASED_SURFACE_MODEL('Body94',(#4700));
#4853=SHELL_BASED_SURFACE_MODEL('Body95',(#4701));
#4854=SHELL_BASED_SURFACE_MODEL('Body96',(#4702));
#4855=SHELL_BASED_SURFACE_MODEL('Body97',(#4703));
#4856=SHELL_BASED_SURFACE_MODEL('Body98',(#4704));
#4857=SHELL_BASED_SURFACE_MODEL('Body99',(#4705));
#4858=SHELL_BASED_SURFACE_MODEL('Body100',(#4706));
#4859=SHELL_BASED_SURFACE_MODEL('Body101',(#4707));
#4860=SHELL_BASED_SURFACE_MODEL('Body102',(#4708));
#4861=SHELL_BASED_SURFACE_MODEL('Body103',(#4709));
#4862=SHELL_BASED_SURFACE_MODEL('Body104',(#4710));
#4863=SHELL_BASED_SURFACE_MODEL('Body105',(#4711));
#4864=SHELL_BASED_SURFACE_MODEL('Body106',(#4712));
#4865=SHELL_BASED_SURFACE_MODEL('Body107',(#4713));
#4866=SHELL_BASED_SURFACE_MODEL('Body108',(#4714));
#4867=SHELL_BASED_SURFACE_MODEL('Body109',(#4715));
#4868=SHELL_BASED_SURFACE_MODEL('Body110',(#4716));
#4869=SHELL_BASED_SURFACE_MODEL('Body111',(#4717));
#4870=SHELL_BASED_SURFACE_MODEL('Body112',(#4718));
#4871=SHELL_BASED_SURFACE_MODEL('Body113',(#4719));
#4872=SHELL_BASED_SURFACE_MODEL('Body114',(#4720));
#4873=SHELL_BASED_SURFACE_MODEL('Body115',(#4721));
#4874=SHELL_BASED_SURFACE_MODEL('Body116',(#4722));
#4875=SHELL_BASED_SURFACE_MODEL('Body117',(#4723));
#4876=SHELL_BASED_SURFACE_MODEL('Body118',(#4724));
#4877=SHELL_BASED_SURFACE_MODEL('Body119',(#4725));
#4878=SHELL_BASED_SURFACE_MODEL('Body120',(#4726));
#4879=SHELL_BASED_SURFACE_MODEL('Body121',(#4727));
#4880=SHELL_BASED_SURFACE_MODEL('Body122',(#4728));
#4881=SHELL_BASED_SURFACE_MODEL('Body123',(#4729));
#4882=SHELL_BASED_SURFACE_MODEL('Body124',(#4730));
#4883=SHELL_BASED_SURFACE_MODEL('Body125',(#4731));
#4884=SHELL_BASED_SURFACE_MODEL('Body126',(#4732));
#4885=SHELL_BASED_SURFACE_MODEL('Body127',(#4733));
#4886=SHELL_BASED_SURFACE_MODEL('Body128',(#4734));
#4887=SHELL_BASED_SURFACE_MODEL('Body129',(#4735));
#4888=SHELL_BASED_SURFACE_MODEL('Body130',(#4736));
#4889=SHELL_BASED_SURFACE_MODEL('Body131',(#4737));
#4890=SHELL_BASED_SURFACE_MODEL('Body132',(#4738));
#4891=SHELL_BASED_SURFACE_MODEL('Body133',(#4739));
#4892=SHELL_BASED_SURFACE_MODEL('Body134',(#4740));
#4893=SHELL_BASED_SURFACE_MODEL('Body135',(#4741));
#4894=SHELL_BASED_SURFACE_MODEL('Body136',(#4742));
#4895=SHELL_BASED_SURFACE_MODEL('Body137',(#4743));
#4896=SHELL_BASED_SURFACE_MODEL('Body138',(#4744));
#4897=SHELL_BASED_SURFACE_MODEL('Body139',(#4745));
#4898=SHELL_BASED_SURFACE_MODEL('Body140',(#4746));
#4899=SHELL_BASED_SURFACE_MODEL('Body141',(#4747));
#4900=SHELL_BASED_SURFACE_MODEL('Body142',(#4748));
#4901=SHELL_BASED_SURFACE_MODEL('Body143',(#4749));
#4902=SHELL_BASED_SURFACE_MODEL('Body144',(#4750));
#4903=SHELL_BASED_SURFACE_MODEL('Body145',(#4751));
#4904=SHELL_BASED_SURFACE_MODEL('Body146',(#4752));
#4905=SHELL_BASED_SURFACE_MODEL('Body147',(#4753));
#4906=SHELL_BASED_SURFACE_MODEL('Body148',(#4754));
#4907=SHELL_BASED_SURFACE_MODEL('Body149',(#4755));
#4908=SHELL_BASED_SURFACE_MODEL('Body150',(#4756));
#4909=SHELL_BASED_SURFACE_MODEL('Body151',(#4757));
#4910=SHELL_BASED_SURFACE_MODEL('Body152',(#4758));
#4911=DERIVED_UNIT_ELEMENT(#4913,1.);
#4912=DERIVED_UNIT_ELEMENT(#8558,-3.);
#4913=(
MASS_UNIT()
NAMED_UNIT(*)
SI_UNIT(.KILO.,.GRAM.)
);
#4914=DERIVED_UNIT((#4911,#4912));
#4915=MEASURE_REPRESENTATION_ITEM('density measure',
POSITIVE_RATIO_MEASURE(7850.),#4914);
#4916=PROPERTY_DEFINITION_REPRESENTATION(#4921,#4918);
#4917=PROPERTY_DEFINITION_REPRESENTATION(#4922,#4919);
#4918=REPRESENTATION('material name',(#4920),#8555);
#4919=REPRESENTATION('density',(#4915),#8555);
#4920=DESCRIPTIVE_REPRESENTATION_ITEM('Steel','Steel');
#4921=PROPERTY_DEFINITION('material property','material name',#8570);
#4922=PROPERTY_DEFINITION('material property','density of part',#8570);
#4923=AXIS2_PLACEMENT_3D('',#6780,#5370,#5371);
#4924=AXIS2_PLACEMENT_3D('',#6781,#5372,#5373);
#4925=AXIS2_PLACEMENT_3D('',#6782,#5374,#5375);
#4926=AXIS2_PLACEMENT_3D('',#6785,#5376,#5377);
#4927=AXIS2_PLACEMENT_3D('',#6787,#5378,#5379);
#4928=AXIS2_PLACEMENT_3D('',#6789,#5380,#5381);
#4929=AXIS2_PLACEMENT_3D('',#6790,#5382,#5383);
#4930=AXIS2_PLACEMENT_3D('',#6791,#5384,#5385);
#4931=AXIS2_PLACEMENT_3D('',#6794,#5386,#5387);
#4932=AXIS2_PLACEMENT_3D('',#6796,#5388,#5389);
#4933=AXIS2_PLACEMENT_3D('',#6798,#5390,#5391);
#4934=AXIS2_PLACEMENT_3D('',#6799,#5392,#5393);
#4935=AXIS2_PLACEMENT_3D('',#6800,#5394,#5395);
#4936=AXIS2_PLACEMENT_3D('',#6803,#5396,#5397);
#4937=AXIS2_PLACEMENT_3D('',#6805,#5398,#5399);
#4938=AXIS2_PLACEMENT_3D('',#6807,#5400,#5401);
#4939=AXIS2_PLACEMENT_3D('',#6808,#5402,#5403);
#4940=AXIS2_PLACEMENT_3D('',#6809,#5404,#5405);
#4941=AXIS2_PLACEMENT_3D('',#6812,#5406,#5407);
#4942=AXIS2_PLACEMENT_3D('',#6816,#5409,#5410);
#4943=AXIS2_PLACEMENT_3D('',#6818,#5412,#5413);
#4944=AXIS2_PLACEMENT_3D('',#6823,#5415,#5416);
#4945=AXIS2_PLACEMENT_3D('',#6826,#5418,#5419);
#4946=AXIS2_PLACEMENT_3D('',#6827,#5420,#5421);
#4947=AXIS2_PLACEMENT_3D('',#6830,#5422,#5423);
#4948=AXIS2_PLACEMENT_3D('',#6832,#5424,#5425);
#4949=AXIS2_PLACEMENT_3D('',#6834,#5426,#5427);
#4950=AXIS2_PLACEMENT_3D('',#6835,#5428,#5429);
#4951=AXIS2_PLACEMENT_3D('',#6836,#5430,#5431);
#4952=AXIS2_PLACEMENT_3D('',#6841,#5433,#5434);
#4953=AXIS2_PLACEMENT_3D('',#6844,#5436,#5437);
#4954=AXIS2_PLACEMENT_3D('',#6845,#5438,#5439);
#4955=AXIS2_PLACEMENT_3D('',#6850,#5441,#5442);
#4956=AXIS2_PLACEMENT_3D('',#6853,#5444,#5445);
#4957=AXIS2_PLACEMENT_3D('',#6854,#5446,#5447);
#4958=AXIS2_PLACEMENT_3D('',#6859,#5449,#5450);
#4959=AXIS2_PLACEMENT_3D('',#6862,#5452,#5453);
#4960=AXIS2_PLACEMENT_3D('',#6863,#5454,#5455);
#4961=AXIS2_PLACEMENT_3D('',#6868,#5457,#5458);
#4962=AXIS2_PLACEMENT_3D('',#6871,#5460,#5461);
#4963=AXIS2_PLACEMENT_3D('',#6872,#5462,#5463);
#4964=AXIS2_PLACEMENT_3D('',#6875,#5464,#5465);
#4965=AXIS2_PLACEMENT_3D('',#6879,#5467,#5468);
#4966=AXIS2_PLACEMENT_3D('',#6881,#5470,#5471);
#4967=AXIS2_PLACEMENT_3D('',#6886,#5473,#5474);
#4968=AXIS2_PLACEMENT_3D('',#6889,#5476,#5477);
#4969=AXIS2_PLACEMENT_3D('',#6890,#5478,#5479);
#4970=AXIS2_PLACEMENT_3D('',#6895,#5481,#5482);
#4971=AXIS2_PLACEMENT_3D('',#6898,#5484,#5485);
#4972=AXIS2_PLACEMENT_3D('',#6899,#5486,#5487);
#4973=AXIS2_PLACEMENT_3D('',#6904,#5489,#5490);
#4974=AXIS2_PLACEMENT_3D('',#6907,#5492,#5493);
#4975=AXIS2_PLACEMENT_3D('',#6908,#5494,#5495);
#4976=AXIS2_PLACEMENT_3D('',#6911,#5496,#5497);
#4977=AXIS2_PLACEMENT_3D('',#6915,#5499,#5500);
#4978=AXIS2_PLACEMENT_3D('',#6917,#5502,#5503);
#4979=AXIS2_PLACEMENT_3D('',#6922,#5505,#5506);
#4980=AXIS2_PLACEMENT_3D('',#6925,#5508,#5509);
#4981=AXIS2_PLACEMENT_3D('',#6926,#5510,#5511);
#4982=AXIS2_PLACEMENT_3D('',#6931,#5513,#5514);
#4983=AXIS2_PLACEMENT_3D('',#6934,#5516,#5517);
#4984=AXIS2_PLACEMENT_3D('',#6935,#5518,#5519);
#4985=AXIS2_PLACEMENT_3D('',#6940,#5521,#5522);
#4986=AXIS2_PLACEMENT_3D('',#6943,#5524,#5525);
#4987=AXIS2_PLACEMENT_3D('',#6944,#5526,#5527);
#4988=AXIS2_PLACEMENT_3D('',#6949,#5529,#5530);
#4989=AXIS2_PLACEMENT_3D('',#6952,#5532,#5533);
#4990=AXIS2_PLACEMENT_3D('',#6953,#5534,#5535);
#4991=AXIS2_PLACEMENT_3D('',#6958,#5537,#5538);
#4992=AXIS2_PLACEMENT_3D('',#6961,#5540,#5541);
#4993=AXIS2_PLACEMENT_3D('',#6962,#5542,#5543);
#4994=AXIS2_PLACEMENT_3D('',#6967,#5545,#5546);
#4995=AXIS2_PLACEMENT_3D('',#6970,#5548,#5549);
#4996=AXIS2_PLACEMENT_3D('',#6971,#5550,#5551);
#4997=AXIS2_PLACEMENT_3D('',#6976,#5553,#5554);
#4998=AXIS2_PLACEMENT_3D('',#6979,#5556,#5557);
#4999=AXIS2_PLACEMENT_3D('',#6980,#5558,#5559);
#5000=AXIS2_PLACEMENT_3D('',#6985,#5561,#5562);
#5001=AXIS2_PLACEMENT_3D('',#6988,#5564,#5565);
#5002=AXIS2_PLACEMENT_3D('',#6989,#5566,#5567);
#5003=AXIS2_PLACEMENT_3D('',#6994,#5569,#5570);
#5004=AXIS2_PLACEMENT_3D('',#6997,#5572,#5573);
#5005=AXIS2_PLACEMENT_3D('',#6998,#5574,#5575);
#5006=AXIS2_PLACEMENT_3D('',#7003,#5577,#5578);
#5007=AXIS2_PLACEMENT_3D('',#7006,#5580,#5581);
#5008=AXIS2_PLACEMENT_3D('',#7007,#5582,#5583);
#5009=AXIS2_PLACEMENT_3D('',#7012,#5585,#5586);
#5010=AXIS2_PLACEMENT_3D('',#7015,#5588,#5589);
#5011=AXIS2_PLACEMENT_3D('',#7016,#5590,#5591);
#5012=AXIS2_PLACEMENT_3D('',#7021,#5593,#5594);
#5013=AXIS2_PLACEMENT_3D('',#7024,#5596,#5597);
#5014=AXIS2_PLACEMENT_3D('',#7025,#5598,#5599);
#5015=AXIS2_PLACEMENT_3D('',#7028,#5600,#5601);
#5016=AXIS2_PLACEMENT_3D('',#7032,#5603,#5604);
#5017=AXIS2_PLACEMENT_3D('',#7034,#5606,#5607);
#5018=AXIS2_PLACEMENT_3D('',#7039,#5609,#5610);
#5019=AXIS2_PLACEMENT_3D('',#7042,#5612,#5613);
#5020=AXIS2_PLACEMENT_3D('',#7043,#5614,#5615);
#5021=AXIS2_PLACEMENT_3D('',#7046,#5616,#5617);
#5022=AXIS2_PLACEMENT_3D('',#7050,#5619,#5620);
#5023=AXIS2_PLACEMENT_3D('',#7052,#5622,#5623);
#5024=AXIS2_PLACEMENT_3D('',#7057,#5625,#5626);
#5025=AXIS2_PLACEMENT_3D('',#7060,#5628,#5629);
#5026=AXIS2_PLACEMENT_3D('',#7061,#5630,#5631);
#5027=AXIS2_PLACEMENT_3D('',#7066,#5633,#5634);
#5028=AXIS2_PLACEMENT_3D('',#7069,#5636,#5637);
#5029=AXIS2_PLACEMENT_3D('',#7070,#5638,#5639);
#5030=AXIS2_PLACEMENT_3D('',#7075,#5641,#5642);
#5031=AXIS2_PLACEMENT_3D('',#7078,#5644,#5645);
#5032=AXIS2_PLACEMENT_3D('',#7079,#5646,#5647);
#5033=AXIS2_PLACEMENT_3D('',#7084,#5649,#5650);
#5034=AXIS2_PLACEMENT_3D('',#7087,#5652,#5653);
#5035=AXIS2_PLACEMENT_3D('',#7088,#5654,#5655);
#5036=AXIS2_PLACEMENT_3D('',#7093,#5657,#5658);
#5037=AXIS2_PLACEMENT_3D('',#7096,#5660,#5661);
#5038=AXIS2_PLACEMENT_3D('',#7097,#5662,#5663);
#5039=AXIS2_PLACEMENT_3D('',#7102,#5665,#5666);
#5040=AXIS2_PLACEMENT_3D('',#7105,#5668,#5669);
#5041=AXIS2_PLACEMENT_3D('',#7106,#5670,#5671);
#5042=AXIS2_PLACEMENT_3D('',#7111,#5673,#5674);
#5043=AXIS2_PLACEMENT_3D('',#7114,#5676,#5677);
#5044=AXIS2_PLACEMENT_3D('',#7115,#5678,#5679);
#5045=AXIS2_PLACEMENT_3D('',#7120,#5681,#5682);
#5046=AXIS2_PLACEMENT_3D('',#7123,#5684,#5685);
#5047=AXIS2_PLACEMENT_3D('',#7124,#5686,#5687);
#5048=AXIS2_PLACEMENT_3D('',#7129,#5689,#5690);
#5049=AXIS2_PLACEMENT_3D('',#7132,#5692,#5693);
#5050=AXIS2_PLACEMENT_3D('',#7133,#5694,#5695);
#5051=AXIS2_PLACEMENT_3D('',#7138,#5697,#5698);
#5052=AXIS2_PLACEMENT_3D('',#7141,#5700,#5701);
#5053=AXIS2_PLACEMENT_3D('',#7142,#5702,#5703);
#5054=AXIS2_PLACEMENT_3D('',#7147,#5705,#5706);
#5055=AXIS2_PLACEMENT_3D('',#7150,#5708,#5709);
#5056=AXIS2_PLACEMENT_3D('',#7151,#5710,#5711);
#5057=AXIS2_PLACEMENT_3D('',#7156,#5713,#5714);
#5058=AXIS2_PLACEMENT_3D('',#7159,#5716,#5717);
#5059=AXIS2_PLACEMENT_3D('',#7160,#5718,#5719);
#5060=AXIS2_PLACEMENT_3D('',#7165,#5721,#5722);
#5061=AXIS2_PLACEMENT_3D('',#7168,#5724,#5725);
#5062=AXIS2_PLACEMENT_3D('',#7169,#5726,#5727);
#5063=AXIS2_PLACEMENT_3D('',#7174,#5729,#5730);
#5064=AXIS2_PLACEMENT_3D('',#7177,#5732,#5733);
#5065=AXIS2_PLACEMENT_3D('',#7178,#5734,#5735);
#5066=AXIS2_PLACEMENT_3D('',#7183,#5737,#5738);
#5067=AXIS2_PLACEMENT_3D('',#7186,#5740,#5741);
#5068=AXIS2_PLACEMENT_3D('',#7187,#5742,#5743);
#5069=AXIS2_PLACEMENT_3D('',#7192,#5745,#5746);
#5070=AXIS2_PLACEMENT_3D('',#7195,#5748,#5749);
#5071=AXIS2_PLACEMENT_3D('',#7196,#5750,#5751);
#5072=AXIS2_PLACEMENT_3D('',#7201,#5753,#5754);
#5073=AXIS2_PLACEMENT_3D('',#7204,#5756,#5757);
#5074=AXIS2_PLACEMENT_3D('',#7205,#5758,#5759);
#5075=AXIS2_PLACEMENT_3D('',#7210,#5761,#5762);
#5076=AXIS2_PLACEMENT_3D('',#7213,#5764,#5765);
#5077=AXIS2_PLACEMENT_3D('',#7214,#5766,#5767);
#5078=AXIS2_PLACEMENT_3D('',#7219,#5769,#5770);
#5079=AXIS2_PLACEMENT_3D('',#7222,#5772,#5773);
#5080=AXIS2_PLACEMENT_3D('',#7223,#5774,#5775);
#5081=AXIS2_PLACEMENT_3D('',#7228,#5777,#5778);
#5082=AXIS2_PLACEMENT_3D('',#7231,#5780,#5781);
#5083=AXIS2_PLACEMENT_3D('',#7232,#5782,#5783);
#5084=AXIS2_PLACEMENT_3D('',#7237,#5785,#5786);
#5085=AXIS2_PLACEMENT_3D('',#7240,#5788,#5789);
#5086=AXIS2_PLACEMENT_3D('',#7241,#5790,#5791);
#5087=AXIS2_PLACEMENT_3D('',#7246,#5793,#5794);
#5088=AXIS2_PLACEMENT_3D('',#7249,#5796,#5797);
#5089=AXIS2_PLACEMENT_3D('',#7250,#5798,#5799);
#5090=AXIS2_PLACEMENT_3D('',#7255,#5801,#5802);
#5091=AXIS2_PLACEMENT_3D('',#7258,#5804,#5805);
#5092=AXIS2_PLACEMENT_3D('',#7259,#5806,#5807);
#5093=AXIS2_PLACEMENT_3D('',#7266,#5810,#5811);
#5094=AXIS2_PLACEMENT_3D('',#7272,#5814,#5815);
#5095=AXIS2_PLACEMENT_3D('',#7278,#5818,#5819);
#5096=AXIS2_PLACEMENT_3D('',#7284,#5822,#5823);
#5097=AXIS2_PLACEMENT_3D('',#7290,#5826,#5827);
#5098=AXIS2_PLACEMENT_3D('',#7295,#5830,#5831);
#5099=AXIS2_PLACEMENT_3D('',#7297,#5832,#5833);
#5100=AXIS2_PLACEMENT_3D('',#7299,#5834,#5835);
#5101=AXIS2_PLACEMENT_3D('',#7301,#5836,#5837);
#5102=AXIS2_PLACEMENT_3D('',#7303,#5838,#5839);
#5103=AXIS2_PLACEMENT_3D('',#7305,#5840,#5841);
#5104=AXIS2_PLACEMENT_3D('',#7307,#5842,#5843);
#5105=AXIS2_PLACEMENT_3D('',#7309,#5844,#5845);
#5106=AXIS2_PLACEMENT_3D('',#7311,#5846,#5847);
#5107=AXIS2_PLACEMENT_3D('',#7313,#5848,#5849);
#5108=AXIS2_PLACEMENT_3D('',#7315,#5850,#5851);
#5109=AXIS2_PLACEMENT_3D('',#7317,#5852,#5853);
#5110=AXIS2_PLACEMENT_3D('',#7319,#5854,#5855);
#5111=AXIS2_PLACEMENT_3D('',#7321,#5856,#5857);
#5112=AXIS2_PLACEMENT_3D('',#7323,#5858,#5859);
#5113=AXIS2_PLACEMENT_3D('',#7325,#5860,#5861);
#5114=AXIS2_PLACEMENT_3D('',#7327,#5862,#5863);
#5115=AXIS2_PLACEMENT_3D('',#7329,#5864,#5865);
#5116=AXIS2_PLACEMENT_3D('',#7331,#5866,#5867);
#5117=AXIS2_PLACEMENT_3D('',#7333,#5868,#5869);
#5118=AXIS2_PLACEMENT_3D('',#7334,#5870,#5871);
#5119=AXIS2_PLACEMENT_3D('',#7336,#5872,#5873);
#5120=AXIS2_PLACEMENT_3D('',#7341,#5875,#5876);
#5121=AXIS2_PLACEMENT_3D('',#7347,#5879,#5880);
#5122=AXIS2_PLACEMENT_3D('',#7353,#5883,#5884);
#5123=AXIS2_PLACEMENT_3D('',#7359,#5887,#5888);
#5124=AXIS2_PLACEMENT_3D('',#7365,#5891,#5892);
#5125=AXIS2_PLACEMENT_3D('',#7371,#5895,#5896);
#5126=AXIS2_PLACEMENT_3D('',#7377,#5899,#5900);
#5127=AXIS2_PLACEMENT_3D('',#7383,#5903,#5904);
#5128=AXIS2_PLACEMENT_3D('',#7389,#5907,#5908);
#5129=AXIS2_PLACEMENT_3D('',#7395,#5911,#5912);
#5130=AXIS2_PLACEMENT_3D('',#7401,#5915,#5916);
#5131=AXIS2_PLACEMENT_3D('',#7407,#5919,#5920);
#5132=AXIS2_PLACEMENT_3D('',#7413,#5923,#5924);
#5133=AXIS2_PLACEMENT_3D('',#7419,#5927,#5928);
#5134=AXIS2_PLACEMENT_3D('',#7425,#5931,#5932);
#5135=AXIS2_PLACEMENT_3D('',#7431,#5935,#5936);
#5136=AXIS2_PLACEMENT_3D('',#7437,#5939,#5940);
#5137=AXIS2_PLACEMENT_3D('',#7443,#5943,#5944);
#5138=AXIS2_PLACEMENT_3D('',#7449,#5947,#5948);
#5139=AXIS2_PLACEMENT_3D('',#7455,#5951,#5952);
#5140=AXIS2_PLACEMENT_3D('',#7461,#5955,#5956);
#5141=AXIS2_PLACEMENT_3D('',#7467,#5959,#5960);
#5142=AXIS2_PLACEMENT_3D('',#7473,#5963,#5964);
#5143=AXIS2_PLACEMENT_3D('',#7479,#5967,#5968);
#5144=AXIS2_PLACEMENT_3D('',#7481,#5970,#5971);
#5145=AXIS2_PLACEMENT_3D('',#7486,#5973,#5974);
#5146=AXIS2_PLACEMENT_3D('',#7489,#5976,#5977);
#5147=AXIS2_PLACEMENT_3D('',#7490,#5978,#5979);
#5148=AXIS2_PLACEMENT_3D('',#7495,#5981,#5982);
#5149=AXIS2_PLACEMENT_3D('',#7498,#5984,#5985);
#5150=AXIS2_PLACEMENT_3D('',#7499,#5986,#5987);
#5151=AXIS2_PLACEMENT_3D('',#7506,#5990,#5991);
#5152=AXIS2_PLACEMENT_3D('',#7512,#5994,#5995);
#5153=AXIS2_PLACEMENT_3D('',#7518,#5998,#5999);
#5154=AXIS2_PLACEMENT_3D('',#7524,#6002,#6003);
#5155=AXIS2_PLACEMENT_3D('',#7530,#6006,#6007);
#5156=AXIS2_PLACEMENT_3D('',#7536,#6010,#6011);
#5157=AXIS2_PLACEMENT_3D('',#7542,#6014,#6015);
#5158=AXIS2_PLACEMENT_3D('',#7548,#6018,#6019);
#5159=AXIS2_PLACEMENT_3D('',#7554,#6022,#6023);
#5160=AXIS2_PLACEMENT_3D('',#7560,#6026,#6027);
#5161=AXIS2_PLACEMENT_3D('',#7566,#6030,#6031);
#5162=AXIS2_PLACEMENT_3D('',#7572,#6034,#6035);
#5163=AXIS2_PLACEMENT_3D('',#7578,#6038,#6039);
#5164=AXIS2_PLACEMENT_3D('',#7584,#6042,#6043);
#5165=AXIS2_PLACEMENT_3D('',#7590,#6046,#6047);
#5166=AXIS2_PLACEMENT_3D('',#7596,#6050,#6051);
#5167=AXIS2_PLACEMENT_3D('',#7602,#6054,#6055);
#5168=AXIS2_PLACEMENT_3D('',#7608,#6058,#6059);
#5169=AXIS2_PLACEMENT_3D('',#7614,#6062,#6063);
#5170=AXIS2_PLACEMENT_3D('',#7620,#6066,#6067);
#5171=AXIS2_PLACEMENT_3D('',#7626,#6070,#6071);
#5172=AXIS2_PLACEMENT_3D('',#7632,#6074,#6075);
#5173=AXIS2_PLACEMENT_3D('',#7638,#6078,#6079);
#5174=AXIS2_PLACEMENT_3D('',#7643,#6082,#6083);
#5175=AXIS2_PLACEMENT_3D('',#7645,#6084,#6085);
#5176=AXIS2_PLACEMENT_3D('',#7646,#6086,#6087);
#5177=AXIS2_PLACEMENT_3D('',#7655,#6092,#6093);
#5178=AXIS2_PLACEMENT_3D('',#7664,#6098,#6099);
#5179=AXIS2_PLACEMENT_3D('',#7673,#6104,#6105);
#5180=AXIS2_PLACEMENT_3D('',#7682,#6110,#6111);
#5181=AXIS2_PLACEMENT_3D('',#7691,#6116,#6117);
#5182=AXIS2_PLACEMENT_3D('',#7700,#6122,#6123);
#5183=AXIS2_PLACEMENT_3D('',#7709,#6128,#6129);
#5184=AXIS2_PLACEMENT_3D('',#7718,#6134,#6135);
#5185=AXIS2_PLACEMENT_3D('',#7727,#6140,#6141);
#5186=AXIS2_PLACEMENT_3D('',#7736,#6146,#6147);
#5187=AXIS2_PLACEMENT_3D('',#7745,#6152,#6153);
#5188=AXIS2_PLACEMENT_3D('',#7754,#6158,#6159);
#5189=AXIS2_PLACEMENT_3D('',#7763,#6164,#6165);
#5190=AXIS2_PLACEMENT_3D('',#7772,#6170,#6171);
#5191=AXIS2_PLACEMENT_3D('',#7781,#6176,#6177);
#5192=AXIS2_PLACEMENT_3D('',#7790,#6182,#6183);
#5193=AXIS2_PLACEMENT_3D('',#7799,#6188,#6189);
#5194=AXIS2_PLACEMENT_3D('',#7808,#6194,#6195);
#5195=AXIS2_PLACEMENT_3D('',#7817,#6200,#6201);
#5196=AXIS2_PLACEMENT_3D('',#7826,#6206,#6207);
#5197=AXIS2_PLACEMENT_3D('',#7835,#6212,#6213);
#5198=AXIS2_PLACEMENT_3D('',#7844,#6218,#6219);
#5199=AXIS2_PLACEMENT_3D('',#7853,#6224,#6225);
#5200=AXIS2_PLACEMENT_3D('',#7862,#6230,#6231);
#5201=AXIS2_PLACEMENT_3D('',#7871,#6236,#6237);
#5202=AXIS2_PLACEMENT_3D('',#7880,#6242,#6243);
#5203=AXIS2_PLACEMENT_3D('',#7889,#6248,#6249);
#5204=AXIS2_PLACEMENT_3D('',#7898,#6254,#6255);
#5205=AXIS2_PLACEMENT_3D('',#7907,#6260,#6261);
#5206=AXIS2_PLACEMENT_3D('',#7916,#6266,#6267);
#5207=AXIS2_PLACEMENT_3D('',#7925,#6272,#6273);
#5208=AXIS2_PLACEMENT_3D('',#7934,#6278,#6279);
#5209=AXIS2_PLACEMENT_3D('',#7943,#6284,#6285);
#5210=AXIS2_PLACEMENT_3D('',#7952,#6290,#6291);
#5211=AXIS2_PLACEMENT_3D('',#7961,#6296,#6297);
#5212=AXIS2_PLACEMENT_3D('',#7970,#6302,#6303);
#5213=AXIS2_PLACEMENT_3D('',#7979,#6308,#6309);
#5214=AXIS2_PLACEMENT_3D('',#7988,#6314,#6315);
#5215=AXIS2_PLACEMENT_3D('',#7997,#6320,#6321);
#5216=AXIS2_PLACEMENT_3D('',#8006,#6326,#6327);
#5217=AXIS2_PLACEMENT_3D('',#8015,#6332,#6333);
#5218=AXIS2_PLACEMENT_3D('',#8024,#6338,#6339);
#5219=AXIS2_PLACEMENT_3D('',#8033,#6344,#6345);
#5220=AXIS2_PLACEMENT_3D('',#8042,#6350,#6351);
#5221=AXIS2_PLACEMENT_3D('',#8051,#6356,#6357);
#5222=AXIS2_PLACEMENT_3D('',#8060,#6362,#6363);
#5223=AXIS2_PLACEMENT_3D('',#8069,#6368,#6369);
#5224=AXIS2_PLACEMENT_3D('',#8078,#6374,#6375);
#5225=AXIS2_PLACEMENT_3D('',#8081,#6376,#6377);
#5226=AXIS2_PLACEMENT_3D('',#8085,#6379,#6380);
#5227=AXIS2_PLACEMENT_3D('',#8087,#6382,#6383);
#5228=AXIS2_PLACEMENT_3D('',#8096,#6388,#6389);
#5229=AXIS2_PLACEMENT_3D('',#8105,#6394,#6395);
#5230=AXIS2_PLACEMENT_3D('',#8112,#6398,#6399);
#5231=AXIS2_PLACEMENT_3D('',#8118,#6402,#6403);
#5232=AXIS2_PLACEMENT_3D('',#8124,#6406,#6407);
#5233=AXIS2_PLACEMENT_3D('',#8130,#6410,#6411);
#5234=AXIS2_PLACEMENT_3D('',#8136,#6414,#6415);
#5235=AXIS2_PLACEMENT_3D('',#8141,#6418,#6419);
#5236=AXIS2_PLACEMENT_3D('',#8143,#6420,#6421);
#5237=AXIS2_PLACEMENT_3D('',#8145,#6422,#6423);
#5238=AXIS2_PLACEMENT_3D('',#8147,#6424,#6425);
#5239=AXIS2_PLACEMENT_3D('',#8149,#6426,#6427);
#5240=AXIS2_PLACEMENT_3D('',#8151,#6428,#6429);
#5241=AXIS2_PLACEMENT_3D('',#8153,#6430,#6431);
#5242=AXIS2_PLACEMENT_3D('',#8155,#6432,#6433);
#5243=AXIS2_PLACEMENT_3D('',#8157,#6434,#6435);
#5244=AXIS2_PLACEMENT_3D('',#8159,#6436,#6437);
#5245=AXIS2_PLACEMENT_3D('',#8161,#6438,#6439);
#5246=AXIS2_PLACEMENT_3D('',#8163,#6440,#6441);
#5247=AXIS2_PLACEMENT_3D('',#8165,#6442,#6443);
#5248=AXIS2_PLACEMENT_3D('',#8167,#6444,#6445);
#5249=AXIS2_PLACEMENT_3D('',#8169,#6446,#6447);
#5250=AXIS2_PLACEMENT_3D('',#8171,#6448,#6449);
#5251=AXIS2_PLACEMENT_3D('',#8173,#6450,#6451);
#5252=AXIS2_PLACEMENT_3D('',#8175,#6452,#6453);
#5253=AXIS2_PLACEMENT_3D('',#8177,#6454,#6455);
#5254=AXIS2_PLACEMENT_3D('',#8179,#6456,#6457);
#5255=AXIS2_PLACEMENT_3D('',#8180,#6458,#6459);
#5256=AXIS2_PLACEMENT_3D('',#8183,#6460,#6461);
#5257=AXIS2_PLACEMENT_3D('',#8187,#6463,#6464);
#5258=AXIS2_PLACEMENT_3D('',#8189,#6466,#6467);
#5259=AXIS2_PLACEMENT_3D('',#8192,#6468,#6469);
#5260=AXIS2_PLACEMENT_3D('',#8196,#6471,#6472);
#5261=AXIS2_PLACEMENT_3D('',#8198,#6474,#6475);
#5262=AXIS2_PLACEMENT_3D('',#8201,#6476,#6477);
#5263=AXIS2_PLACEMENT_3D('',#8205,#6479,#6480);
#5264=AXIS2_PLACEMENT_3D('',#8207,#6482,#6483);
#5265=AXIS2_PLACEMENT_3D('',#8210,#6484,#6485);
#5266=AXIS2_PLACEMENT_3D('',#8214,#6487,#6488);
#5267=AXIS2_PLACEMENT_3D('',#8216,#6490,#6491);
#5268=AXIS2_PLACEMENT_3D('',#8225,#6496,#6497);
#5269=AXIS2_PLACEMENT_3D('',#8234,#6502,#6503);
#5270=AXIS2_PLACEMENT_3D('',#8237,#6504,#6505);
#5271=AXIS2_PLACEMENT_3D('',#8241,#6507,#6508);
#5272=AXIS2_PLACEMENT_3D('',#8243,#6510,#6511);
#5273=AXIS2_PLACEMENT_3D('',#8246,#6512,#6513);
#5274=AXIS2_PLACEMENT_3D('',#8250,#6515,#6516);
#5275=AXIS2_PLACEMENT_3D('',#8252,#6518,#6519);
#5276=AXIS2_PLACEMENT_3D('',#8255,#6520,#6521);
#5277=AXIS2_PLACEMENT_3D('',#8259,#6523,#6524);
#5278=AXIS2_PLACEMENT_3D('',#8261,#6526,#6527);
#5279=AXIS2_PLACEMENT_3D('',#8264,#6528,#6529);
#5280=AXIS2_PLACEMENT_3D('',#8268,#6531,#6532);
#5281=AXIS2_PLACEMENT_3D('',#8270,#6534,#6535);
#5282=AXIS2_PLACEMENT_3D('',#8279,#6540,#6541);
#5283=AXIS2_PLACEMENT_3D('',#8288,#6546,#6547);
#5284=AXIS2_PLACEMENT_3D('',#8291,#6548,#6549);
#5285=AXIS2_PLACEMENT_3D('',#8295,#6551,#6552);
#5286=AXIS2_PLACEMENT_3D('',#8297,#6554,#6555);
#5287=AXIS2_PLACEMENT_3D('',#8300,#6556,#6557);
#5288=AXIS2_PLACEMENT_3D('',#8304,#6559,#6560);
#5289=AXIS2_PLACEMENT_3D('',#8306,#6562,#6563);
#5290=AXIS2_PLACEMENT_3D('',#8309,#6564,#6565);
#5291=AXIS2_PLACEMENT_3D('',#8313,#6567,#6568);
#5292=AXIS2_PLACEMENT_3D('',#8315,#6570,#6571);
#5293=AXIS2_PLACEMENT_3D('',#8318,#6572,#6573);
#5294=AXIS2_PLACEMENT_3D('',#8322,#6575,#6576);
#5295=AXIS2_PLACEMENT_3D('',#8324,#6578,#6579);
#5296=AXIS2_PLACEMENT_3D('',#8333,#6584,#6585);
#5297=AXIS2_PLACEMENT_3D('',#8342,#6590,#6591);
#5298=AXIS2_PLACEMENT_3D('',#8345,#6592,#6593);
#5299=AXIS2_PLACEMENT_3D('',#8349,#6595,#6596);
#5300=AXIS2_PLACEMENT_3D('',#8351,#6598,#6599);
#5301=AXIS2_PLACEMENT_3D('',#8354,#6600,#6601);
#5302=AXIS2_PLACEMENT_3D('',#8358,#6603,#6604);
#5303=AXIS2_PLACEMENT_3D('',#8360,#6606,#6607);
#5304=AXIS2_PLACEMENT_3D('',#8363,#6608,#6609);
#5305=AXIS2_PLACEMENT_3D('',#8367,#6611,#6612);
#5306=AXIS2_PLACEMENT_3D('',#8369,#6614,#6615);
#5307=AXIS2_PLACEMENT_3D('',#8374,#6617,#6618);
#5308=AXIS2_PLACEMENT_3D('',#8377,#6620,#6621);
#5309=AXIS2_PLACEMENT_3D('',#8378,#6622,#6623);
#5310=AXIS2_PLACEMENT_3D('',#8387,#6628,#6629);
#5311=AXIS2_PLACEMENT_3D('',#8396,#6634,#6635);
#5312=AXIS2_PLACEMENT_3D('',#8399,#6636,#6637);
#5313=AXIS2_PLACEMENT_3D('',#8403,#6639,#6640);
#5314=AXIS2_PLACEMENT_3D('',#8405,#6642,#6643);
#5315=AXIS2_PLACEMENT_3D('',#8408,#6644,#6645);
#5316=AXIS2_PLACEMENT_3D('',#8412,#6647,#6648);
#5317=AXIS2_PLACEMENT_3D('',#8414,#6650,#6651);
#5318=AXIS2_PLACEMENT_3D('',#8417,#6652,#6653);
#5319=AXIS2_PLACEMENT_3D('',#8421,#6655,#6656);
#5320=AXIS2_PLACEMENT_3D('',#8423,#6658,#6659);
#5321=AXIS2_PLACEMENT_3D('',#8428,#6661,#6662);
#5322=AXIS2_PLACEMENT_3D('',#8431,#6664,#6665);
#5323=AXIS2_PLACEMENT_3D('',#8432,#6666,#6667);
#5324=AXIS2_PLACEMENT_3D('',#8441,#6672,#6673);
#5325=AXIS2_PLACEMENT_3D('',#8450,#6678,#6679);
#5326=AXIS2_PLACEMENT_3D('',#8453,#6680,#6681);
#5327=AXIS2_PLACEMENT_3D('',#8457,#6683,#6684);
#5328=AXIS2_PLACEMENT_3D('',#8459,#6686,#6687);
#5329=AXIS2_PLACEMENT_3D('',#8462,#6688,#6689);
#5330=AXIS2_PLACEMENT_3D('',#8466,#6691,#6692);
#5331=AXIS2_PLACEMENT_3D('',#8468,#6694,#6695);
#5332=AXIS2_PLACEMENT_3D('',#8471,#6696,#6697);
#5333=AXIS2_PLACEMENT_3D('',#8475,#6699,#6700);
#5334=AXIS2_PLACEMENT_3D('',#8477,#6702,#6703);
#5335=AXIS2_PLACEMENT_3D('',#8480,#6704,#6705);
#5336=AXIS2_PLACEMENT_3D('',#8484,#6707,#6708);
#5337=AXIS2_PLACEMENT_3D('',#8486,#6710,#6711);
#5338=AXIS2_PLACEMENT_3D('',#8488,#6712,#6713);
#5339=AXIS2_PLACEMENT_3D('',#8490,#6714,#6715);
#5340=AXIS2_PLACEMENT_3D('',#8491,#6716,#6717);
#5341=AXIS2_PLACEMENT_3D('',#8494,#6718,#6719);
#5342=AXIS2_PLACEMENT_3D('',#8496,#6720,#6721);
#5343=AXIS2_PLACEMENT_3D('',#8498,#6722,#6723);
#5344=AXIS2_PLACEMENT_3D('',#8499,#6724,#6725);
#5345=AXIS2_PLACEMENT_3D('',#8500,#6726,#6727);
#5346=AXIS2_PLACEMENT_3D('',#8503,#6728,#6729);
#5347=AXIS2_PLACEMENT_3D('',#8507,#6731,#6732);
#5348=AXIS2_PLACEMENT_3D('',#8509,#6734,#6735);
#5349=AXIS2_PLACEMENT_3D('',#8511,#6736,#6737);
#5350=AXIS2_PLACEMENT_3D('',#8513,#6738,#6739);
#5351=AXIS2_PLACEMENT_3D('',#8514,#6740,#6741);
#5352=AXIS2_PLACEMENT_3D('',#8519,#6743,#6744);
#5353=AXIS2_PLACEMENT_3D('',#8522,#6746,#6747);
#5354=AXIS2_PLACEMENT_3D('',#8523,#6748,#6749);
#5355=AXIS2_PLACEMENT_3D('',#8526,#6750,#6751);
#5356=AXIS2_PLACEMENT_3D('',#8528,#6752,#6753);
#5357=AXIS2_PLACEMENT_3D('',#8530,#6754,#6755);
#5358=AXIS2_PLACEMENT_3D('',#8531,#6756,#6757);
#5359=AXIS2_PLACEMENT_3D('',#8532,#6758,#6759);
#5360=AXIS2_PLACEMENT_3D('',#8535,#6760,#6761);
#5361=AXIS2_PLACEMENT_3D('',#8537,#6762,#6763);
#5362=AXIS2_PLACEMENT_3D('',#8539,#6764,#6765);
#5363=AXIS2_PLACEMENT_3D('',#8540,#6766,#6767);
#5364=AXIS2_PLACEMENT_3D('',#8541,#6768,#6769);
#5365=AXIS2_PLACEMENT_3D('',#8544,#6770,#6771);
#5366=AXIS2_PLACEMENT_3D('',#8546,#6772,#6773);
#5367=AXIS2_PLACEMENT_3D('',#8548,#6774,#6775);
#5368=AXIS2_PLACEMENT_3D('',#8549,#6776,#6777);
#5369=AXIS2_PLACEMENT_3D('',#8550,#6778,#6779);
#5370=DIRECTION('axis',(0.,0.,1.));
#5371=DIRECTION('refdir',(1.,0.,0.));
#5372=DIRECTION('axis',(0.,0.,1.));
#5373=DIRECTION('refdir',(1.,0.,0.));
#5374=DIRECTION('center_axis',(-2.44522352602677E-11,1.96864156201194E-10,
1.));
#5375=DIRECTION('ref_axis',(1.,0.,2.44523131990687E-11));
#5376=DIRECTION('center_axis',(0.,0.,1.));
#5377=DIRECTION('ref_axis',(1.,0.,0.));
#5378=DIRECTION('center_axis',(1.22464679914735E-16,1.,6.12323399573677E-17));
#5379=DIRECTION('ref_axis',(1.41496223752446E-14,-6.12323399573694E-17,
1.));
#5380=DIRECTION('center_axis',(0.,-6.98296267768627E-15,-1.));
#5381=DIRECTION('ref_axis',(-1.,-6.98296267768627E-15,4.87617677579594E-29));
#5382=DIRECTION('center_axis',(0.,1.,6.12323399573677E-17));
#5383=DIRECTION('ref_axis',(-1.,-4.27583144589696E-31,6.98296267768627E-15));
#5384=DIRECTION('center_axis',(7.0018922582501E-12,-5.7273318404251E-11,
1.));
#5385=DIRECTION('ref_axis',(1.,0.,-7.001891129081E-12));
#5386=DIRECTION('center_axis',(0.,0.,1.));
#5387=DIRECTION('ref_axis',(1.,0.,0.));
#5388=DIRECTION('center_axis',(1.22464679914735E-16,1.,6.12323399573677E-17));
#5389=DIRECTION('ref_axis',(-1.,1.22464679914735E-16,7.105427357601E-15));
#5390=DIRECTION('center_axis',(0.,-6.98296267768627E-15,-1.));
#5391=DIRECTION('ref_axis',(-1.,-6.98296267768627E-15,4.87617677579594E-29));
#5392=DIRECTION('center_axis',(0.,1.,6.12323399573677E-17));
#5393=DIRECTION('ref_axis',(1.40271576953299E-14,-6.12323399573677E-17,
1.));
#5394=DIRECTION('center_axis',(-1.6730523668667E-11,1.34697441415467E-10,
1.));
#5395=DIRECTION('ref_axis',(1.,0.,1.67304392604871E-11));
#5396=DIRECTION('center_axis',(0.,0.,1.));
#5397=DIRECTION('ref_axis',(1.,0.,0.));
#5398=DIRECTION('center_axis',(1.22464679914735E-16,1.,6.12323399573677E-17));
#5399=DIRECTION('ref_axis',(1.41496223752446E-14,-6.12323399573694E-17,
1.));
#5400=DIRECTION('center_axis',(0.,-6.98296267768627E-15,-1.));
#5401=DIRECTION('ref_axis',(-1.,-6.98296267768627E-15,4.87617677579594E-29));
#5402=DIRECTION('center_axis',(0.,1.,6.12323399573677E-17));
#5403=DIRECTION('ref_axis',(-1.,-4.27583144589696E-31,6.98296267768627E-15));
#5404=DIRECTION('center_axis',(0.,0.,1.));
#5405=DIRECTION('ref_axis',(1.,0.,0.));
#5406=DIRECTION('center_axis',(0.,0.,1.));
#5407=DIRECTION('ref_axis',(1.,0.,0.));
#5408=DIRECTION('',(0.,0.,1.));
#5409=DIRECTION('center_axis',(0.,-6.98296267768627E-15,-1.));
#5410=DIRECTION('ref_axis',(-1.,-6.98296267768627E-15,4.87617677579594E-29));
#5411=DIRECTION('',(0.,0.,-1.));
#5412=DIRECTION('center_axis',(0.,0.,1.));
#5413=DIRECTION('ref_axis',(1.,0.,0.));
#5414=DIRECTION('',(0.,0.,1.));
#5415=DIRECTION('center_axis',(8.55166289179392E-31,6.98296267768627E-15,
-1.));
#5416=DIRECTION('ref_axis',(1.,-7.35035671743047E-15,-5.04721003363181E-29));
#5417=DIRECTION('',(0.,0.,-1.));
#5418=DIRECTION('center_axis',(0.,0.,1.));
#5419=DIRECTION('ref_axis',(1.,0.,0.));
#5420=DIRECTION('center_axis',(1.56231812008925E-11,-1.30575855447725E-10,
1.));
#5421=DIRECTION('ref_axis',(1.,0.,-1.5623182485639E-11));
#5422=DIRECTION('center_axis',(0.,0.,1.));
#5423=DIRECTION('ref_axis',(1.,0.,0.));
#5424=DIRECTION('center_axis',(1.22464679914735E-16,1.,6.12323399573677E-17));
#5425=DIRECTION('ref_axis',(-6.12323399573676E-17,6.12323399573677E-17,
-1.));
#5426=DIRECTION('center_axis',(8.55166289179392E-31,-6.98296267768627E-15,
-1.));
#5427=DIRECTION('ref_axis',(-1.,-7.22789203751574E-15,4.96169340471388E-29));
#5428=DIRECTION('center_axis',(0.,1.,6.12323399573677E-17));
#5429=DIRECTION('ref_axis',(1.,0.,0.));
#5430=DIRECTION('center_axis',(0.,0.,1.));
#5431=DIRECTION('ref_axis',(1.,0.,0.));
#5432=DIRECTION('',(0.,0.,1.));
#5433=DIRECTION('center_axis',(8.55166289179392E-31,6.98296267768627E-15,
-1.));
#5434=DIRECTION('ref_axis',(1.,-7.35035671743047E-15,-5.04721003363181E-29));
#5435=DIRECTION('',(0.,0.,-1.));
#5436=DIRECTION('center_axis',(0.,0.,1.));
#5437=DIRECTION('ref_axis',(1.,0.,0.));
#5438=DIRECTION('center_axis',(0.,0.,1.));
#5439=DIRECTION('ref_axis',(1.,0.,0.));
#5440=DIRECTION('',(0.,0.,1.));
#5441=DIRECTION('center_axis',(0.,6.98296267768627E-15,-1.));
#5442=DIRECTION('ref_axis',(1.,-7.105427357601E-15,-4.96169340471387E-29));
#5443=DIRECTION('',(0.,0.,-1.));
#5444=DIRECTION('center_axis',(0.,0.,1.));
#5445=DIRECTION('ref_axis',(1.,0.,0.));
#5446=DIRECTION('center_axis',(0.,0.,1.));
#5447=DIRECTION('ref_axis',(1.,0.,0.));
#5448=DIRECTION('',(0.,0.,1.));
#5449=DIRECTION('center_axis',(0.,6.98296267768627E-15,-1.));
#5450=DIRECTION('ref_axis',(1.,-7.105427357601E-15,-4.96169340471387E-29));
#5451=DIRECTION('',(0.,0.,-1.));
#5452=DIRECTION('center_axis',(0.,0.,1.));
#5453=DIRECTION('ref_axis',(1.,0.,0.));
#5454=DIRECTION('center_axis',(0.,0.,1.));
#5455=DIRECTION('ref_axis',(1.,0.,0.));
#5456=DIRECTION('',(0.,0.,1.));
#5457=DIRECTION('center_axis',(0.,6.98296267768627E-15,-1.));
#5458=DIRECTION('ref_axis',(1.,-7.105427357601E-15,-4.96169340471387E-29));
#5459=DIRECTION('',(0.,0.,-1.));
#5460=DIRECTION('center_axis',(0.,0.,1.));
#5461=DIRECTION('ref_axis',(1.,0.,0.));
#5462=DIRECTION('center_axis',(0.,0.,1.));
#5463=DIRECTION('ref_axis',(1.,0.,0.));
#5464=DIRECTION('center_axis',(0.,0.,1.));
#5465=DIRECTION('ref_axis',(1.,0.,0.));
#5466=DIRECTION('',(0.,0.,1.));
#5467=DIRECTION('center_axis',(-5.1270243408661E-15,-4.74082157079613E-15,
-1.));
#5468=DIRECTION('ref_axis',(1.,-1.40998324127395E-14,-5.12702434086603E-15));
#5469=DIRECTION('',(0.,0.,-1.));
#5470=DIRECTION('center_axis',(0.,0.,1.));
#5471=DIRECTION('ref_axis',(1.,0.,0.));
#5472=DIRECTION('',(0.,0.,1.));
#5473=DIRECTION('center_axis',(0.,6.98296267768627E-15,-1.));
#5474=DIRECTION('ref_axis',(1.,-7.105427357601E-15,-4.96169340471387E-29));
#5475=DIRECTION('',(0.,0.,-1.));
#5476=DIRECTION('center_axis',(0.,0.,1.));
#5477=DIRECTION('ref_axis',(1.,0.,0.));
#5478=DIRECTION('center_axis',(0.,0.,1.));
#5479=DIRECTION('ref_axis',(1.,0.,0.));
#5480=DIRECTION('',(0.,0.,1.));
#5481=DIRECTION('center_axis',(0.,6.98296267768627E-15,-1.));
#5482=DIRECTION('ref_axis',(1.,-7.105427357601E-15,-4.96169340471387E-29));
#5483=DIRECTION('',(0.,0.,-1.));
#5484=DIRECTION('center_axis',(0.,0.,1.));
#5485=DIRECTION('ref_axis',(1.,0.,0.));
#5486=DIRECTION('center_axis',(0.,0.,1.));
#5487=DIRECTION('ref_axis',(1.,0.,0.));
#5488=DIRECTION('',(0.,0.,1.));
#5489=DIRECTION('center_axis',(0.,6.98296267768627E-15,-1.));
#5490=DIRECTION('ref_axis',(1.,-7.105427357601E-15,-4.96169340471387E-29));
#5491=DIRECTION('',(0.,0.,-1.));
#5492=DIRECTION('center_axis',(0.,0.,1.));
#5493=DIRECTION('ref_axis',(1.,0.,0.));
#5494=DIRECTION('center_axis',(0.,0.,1.));
#5495=DIRECTION('ref_axis',(1.,0.,0.));
#5496=DIRECTION('center_axis',(0.,0.,1.));
#5497=DIRECTION('ref_axis',(1.,0.,0.));
#5498=DIRECTION('',(0.,0.,1.));
#5499=DIRECTION('center_axis',(-6.66918408555174E-15,2.06972253961315E-15,
-1.));
#5500=DIRECTION('ref_axis',(1.,-1.40998324127395E-14,-6.66918408555177E-15));
#5501=DIRECTION('',(0.,0.,-1.));
#5502=DIRECTION('center_axis',(0.,0.,1.));
#5503=DIRECTION('ref_axis',(1.,0.,0.));
#5504=DIRECTION('',(0.,0.,1.));
#5505=DIRECTION('center_axis',(0.,6.98296267768627E-15,-1.));
#5506=DIRECTION('ref_axis',(1.,-7.105427357601E-15,-4.96169340471387E-29));
#5507=DIRECTION('',(0.,0.,-1.));
#5508=DIRECTION('center_axis',(0.,0.,1.));
#5509=DIRECTION('ref_axis',(1.,0.,0.));
#5510=DIRECTION('center_axis',(0.,0.,1.));
#5511=DIRECTION('ref_axis',(1.,0.,0.));
#5512=DIRECTION('',(0.,0.,1.));
#5513=DIRECTION('center_axis',(0.,6.98296267768627E-15,-1.));
#5514=DIRECTION('ref_axis',(1.,-7.105427357601E-15,-4.96169340471387E-29));
#5515=DIRECTION('',(0.,0.,-1.));
#5516=DIRECTION('center_axis',(0.,0.,1.));
#5517=DIRECTION('ref_axis',(1.,0.,0.));
#5518=DIRECTION('center_axis',(0.,0.,1.));
#5519=DIRECTION('ref_axis',(1.,0.,0.));
#5520=DIRECTION('',(0.,0.,1.));
#5521=DIRECTION('center_axis',(0.,6.98296267768627E-15,-1.));
#5522=DIRECTION('ref_axis',(1.,-7.105427357601E-15,-4.96169340471387E-29));
#5523=DIRECTION('',(0.,0.,-1.));
#5524=DIRECTION('center_axis',(0.,0.,1.));
#5525=DIRECTION('ref_axis',(1.,0.,0.));
#5526=DIRECTION('center_axis',(0.,0.,1.));
#5527=DIRECTION('ref_axis',(1.,0.,0.));
#5528=DIRECTION('',(0.,0.,1.));
#5529=DIRECTION('center_axis',(0.,6.98296267768627E-15,-1.));
#5530=DIRECTION('ref_axis',(1.,-7.105427357601E-15,-4.96169340471387E-29));
#5531=DIRECTION('',(0.,0.,-1.));
#5532=DIRECTION('center_axis',(0.,0.,1.));
#5533=DIRECTION('ref_axis',(1.,0.,0.));
#5534=DIRECTION('center_axis',(0.,0.,1.));
#5535=DIRECTION('ref_axis',(1.,0.,0.));
#5536=DIRECTION('',(0.,0.,1.));
#5537=DIRECTION('center_axis',(0.,6.98296267768627E-15,-1.));
#5538=DIRECTION('ref_axis',(1.,-7.105427357601E-15,-4.96169340471387E-29));
#5539=DIRECTION('',(0.,0.,-1.));
#5540=DIRECTION('center_axis',(0.,0.,1.));
#5541=DIRECTION('ref_axis',(1.,0.,0.));
#5542=DIRECTION('center_axis',(0.,0.,1.));
#5543=DIRECTION('ref_axis',(1.,0.,0.));
#5544=DIRECTION('',(0.,0.,1.));
#5545=DIRECTION('center_axis',(0.,6.98296267768627E-15,-1.));
#5546=DIRECTION('ref_axis',(1.,-7.105427357601E-15,-4.96169340471387E-29));
#5547=DIRECTION('',(0.,0.,-1.));
#5548=DIRECTION('center_axis',(0.,0.,1.));
#5549=DIRECTION('ref_axis',(1.,0.,0.));
#5550=DIRECTION('center_axis',(0.,0.,1.));
#5551=DIRECTION('ref_axis',(1.,0.,0.));
#5552=DIRECTION('',(0.,0.,1.));
#5553=DIRECTION('center_axis',(0.,6.98296267768627E-15,-1.));
#5554=DIRECTION('ref_axis',(1.,-7.105427357601E-15,-4.96169340471387E-29));
#5555=DIRECTION('',(0.,0.,-1.));
#5556=DIRECTION('center_axis',(0.,0.,1.));
#5557=DIRECTION('ref_axis',(1.,0.,0.));
#5558=DIRECTION('center_axis',(0.,0.,1.));
#5559=DIRECTION('ref_axis',(1.,0.,0.));
#5560=DIRECTION('',(0.,0.,1.));
#5561=DIRECTION('center_axis',(0.,6.98296267768627E-15,-1.));
#5562=DIRECTION('ref_axis',(1.,-7.105427357601E-15,-4.96169340471387E-29));
#5563=DIRECTION('',(0.,0.,-1.));
#5564=DIRECTION('center_axis',(0.,0.,1.));
#5565=DIRECTION('ref_axis',(1.,0.,0.));
#5566=DIRECTION('center_axis',(0.,0.,1.));
#5567=DIRECTION('ref_axis',(1.,0.,0.));
#5568=DIRECTION('',(0.,0.,1.));
#5569=DIRECTION('center_axis',(0.,6.98296267768627E-15,-1.));
#5570=DIRECTION('ref_axis',(1.,-7.105427357601E-15,-4.96169340471387E-29));
#5571=DIRECTION('',(0.,0.,-1.));
#5572=DIRECTION('center_axis',(0.,0.,1.));
#5573=DIRECTION('ref_axis',(1.,0.,0.));
#5574=DIRECTION('center_axis',(0.,0.,1.));
#5575=DIRECTION('ref_axis',(1.,0.,0.));
#5576=DIRECTION('',(0.,0.,1.));
#5577=DIRECTION('center_axis',(0.,6.98296267768627E-15,-1.));
#5578=DIRECTION('ref_axis',(1.,-7.105427357601E-15,-4.96169340471387E-29));
#5579=DIRECTION('',(0.,0.,-1.));
#5580=DIRECTION('center_axis',(0.,0.,1.));
#5581=DIRECTION('ref_axis',(1.,0.,0.));
#5582=DIRECTION('center_axis',(0.,0.,1.));
#5583=DIRECTION('ref_axis',(1.,0.,0.));
#5584=DIRECTION('',(0.,0.,1.));
#5585=DIRECTION('center_axis',(0.,6.98296267768627E-15,-1.));
#5586=DIRECTION('ref_axis',(1.,-7.105427357601E-15,-4.96169340471387E-29));
#5587=DIRECTION('',(0.,0.,-1.));
#5588=DIRECTION('center_axis',(0.,0.,1.));
#5589=DIRECTION('ref_axis',(1.,0.,0.));
#5590=DIRECTION('center_axis',(0.,0.,1.));
#5591=DIRECTION('ref_axis',(1.,0.,0.));
#5592=DIRECTION('',(0.,0.,1.));
#5593=DIRECTION('center_axis',(0.,6.98296267768627E-15,-1.));
#5594=DIRECTION('ref_axis',(1.,-7.105427357601E-15,-4.96169340471387E-29));
#5595=DIRECTION('',(0.,0.,-1.));
#5596=DIRECTION('center_axis',(0.,0.,1.));
#5597=DIRECTION('ref_axis',(1.,0.,0.));
#5598=DIRECTION('center_axis',(0.,0.,-1.));
#5599=DIRECTION('ref_axis',(-1.,0.,0.));
#5600=DIRECTION('center_axis',(8.55166289179392E-31,-6.98296267768627E-15,
-1.));
#5601=DIRECTION('ref_axis',(-1.,-7.22789203751574E-15,4.96169340471388E-29));
#5602=DIRECTION('',(0.,0.,-1.));
#5603=DIRECTION('center_axis',(0.,0.,1.));
#5604=DIRECTION('ref_axis',(1.,0.,0.));
#5605=DIRECTION('',(0.,0.,1.));
#5606=DIRECTION('center_axis',(0.,0.,-1.));
#5607=DIRECTION('ref_axis',(-1.,0.,0.));
#5608=DIRECTION('',(0.,0.,-1.));
#5609=DIRECTION('center_axis',(0.,0.,1.));
#5610=DIRECTION('ref_axis',(1.,0.,0.));
#5611=DIRECTION('',(0.,0.,1.));
#5612=DIRECTION('center_axis',(0.,6.98296267768627E-15,-1.));
#5613=DIRECTION('ref_axis',(1.,-7.105427357601E-15,-4.96169340471387E-29));
#5614=DIRECTION('center_axis',(0.,0.,-1.));
#5615=DIRECTION('ref_axis',(-1.,0.,0.));
#5616=DIRECTION('center_axis',(0.,0.,1.));
#5617=DIRECTION('ref_axis',(1.,0.,0.));
#5618=DIRECTION('',(0.,0.,1.));
#5619=DIRECTION('center_axis',(8.55166289179392E-31,-6.98296267768627E-15,
-1.));
#5620=DIRECTION('ref_axis',(-1.,-7.22789203751574E-15,4.96169340471388E-29));
#5621=DIRECTION('',(0.,0.,-1.));
#5622=DIRECTION('center_axis',(0.,0.,-1.));
#5623=DIRECTION('ref_axis',(-1.,0.,0.));
#5624=DIRECTION('',(0.,0.,1.));
#5625=DIRECTION('center_axis',(6.53913872289615E-15,2.44978213739089E-15,
-1.));
#5626=DIRECTION('ref_axis',(-0.41409526382555,0.910233548314524,-4.77952487134705E-16));
#5627=DIRECTION('',(0.,0.,-1.));
#5628=DIRECTION('center_axis',(0.,0.,1.));
#5629=DIRECTION('ref_axis',(1.,0.,0.));
#5630=DIRECTION('center_axis',(0.,0.,-1.));
#5631=DIRECTION('ref_axis',(-1.,0.,0.));
#5632=DIRECTION('',(0.,0.,1.));
#5633=DIRECTION('center_axis',(5.68227270062358E-15,4.0587614753404E-15,
-1.));
#5634=DIRECTION('ref_axis',(-0.63557108766813,0.77204235150693,-4.77952487134709E-16));
#5635=DIRECTION('',(0.,0.,-1.));
#5636=DIRECTION('center_axis',(0.,0.,1.));
#5637=DIRECTION('ref_axis',(1.,0.,0.));
#5638=DIRECTION('center_axis',(0.,0.,-1.));
#5639=DIRECTION('ref_axis',(-1.,0.,0.));
#5640=DIRECTION('',(0.,0.,1.));
#5641=DIRECTION('center_axis',(4.43816918420314E-15,5.39114292616593E-15,
-1.));
#5642=DIRECTION('ref_axis',(-0.813733792217009,0.581237744304451,-4.77952487134709E-16));
#5643=DIRECTION('',(0.,0.,-1.));
#5644=DIRECTION('center_axis',(0.,0.,1.));
#5645=DIRECTION('ref_axis',(1.,0.,0.));
#5646=DIRECTION('center_axis',(0.,0.,-1.));
#5647=DIRECTION('ref_axis',(-1.,0.,0.));
#5648=DIRECTION('',(0.,0.,1.));
#5649=DIRECTION('center_axis',(2.89161177230062E-15,6.35612689585819E-15,
-1.));
#5650=DIRECTION('ref_axis',(-0.936441883584972,0.350822745368412,-4.77952487134704E-16));
#5651=DIRECTION('',(0.,0.,-1.));
#5652=DIRECTION('center_axis',(0.,0.,1.));
#5653=DIRECTION('ref_axis',(1.,0.,0.));
#5654=DIRECTION('center_axis',(0.,0.,-1.));
#5655=DIRECTION('ref_axis',(-1.,0.,0.));
#5656=DIRECTION('',(0.,0.,1.));
#5657=DIRECTION('center_axis',(1.14799579673021E-15,6.88795132159404E-15,
-1.));
#5658=DIRECTION('ref_axis',(-0.995333008130003,0.0964997560975137,-4.77952487134705E-16));
#5659=DIRECTION('',(0.,0.,-1.));
#5660=DIRECTION('center_axis',(0.,0.,1.));
#5661=DIRECTION('ref_axis',(1.,0.,0.));
#5662=DIRECTION('center_axis',(0.,0.,-1.));
#5663=DIRECTION('ref_axis',(-1.,0.,0.));
#5664=DIRECTION('',(0.,0.,1.));
#5665=DIRECTION('center_axis',(-6.73854195234618E-16,6.95037324764103E-15,
-1.));
#5666=DIRECTION('ref_axis',(-0.986393833036543,-0.164399532078031,-4.77952487134618E-16));
#5667=DIRECTION('',(0.,0.,-1.));
#5668=DIRECTION('center_axis',(0.,0.,1.));
#5669=DIRECTION('ref_axis',(1.,0.,0.));
#5670=DIRECTION('center_axis',(0.,0.,-1.));
#5671=DIRECTION('ref_axis',(-1.,0.,0.));
#5672=DIRECTION('',(0.,0.,1.));
#5673=DIRECTION('center_axis',(-2.44978213739091E-15,6.53913872289614E-15,
-1.));
#5674=DIRECTION('ref_axis',(-0.910233548314528,-0.414095263825541,-4.77952487134612E-16));
#5675=DIRECTION('',(0.,0.,-1.));
#5676=DIRECTION('center_axis',(0.,0.,1.));
#5677=DIRECTION('ref_axis',(1.,0.,0.));
#5678=DIRECTION('center_axis',(0.,0.,-1.));
#5679=DIRECTION('ref_axis',(-1.,0.,0.));
#5680=DIRECTION('',(0.,0.,1.));
#5681=DIRECTION('center_axis',(-4.05876147534042E-15,5.68227270062357E-15,
-1.));
#5682=DIRECTION('ref_axis',(-0.772042351506938,-0.635571087668121,-4.77952487134607E-16));
#5683=DIRECTION('',(0.,0.,-1.));
#5684=DIRECTION('center_axis',(0.,0.,1.));
#5685=DIRECTION('ref_axis',(1.,0.,0.));
#5686=DIRECTION('center_axis',(0.,0.,-1.));
#5687=DIRECTION('ref_axis',(-1.,0.,0.));
#5688=DIRECTION('',(0.,0.,1.));
#5689=DIRECTION('center_axis',(-5.39114292616595E-15,4.43816918420312E-15,
-1.));
#5690=DIRECTION('ref_axis',(-0.58123774430446,-0.813733792217002,-4.77952487134605E-16));
#5691=DIRECTION('',(0.,0.,-1.));
#5692=DIRECTION('center_axis',(0.,0.,1.));
#5693=DIRECTION('ref_axis',(1.,0.,0.));
#5694=DIRECTION('center_axis',(0.,0.,-1.));
#5695=DIRECTION('ref_axis',(-1.,0.,0.));
#5696=DIRECTION('',(0.,0.,1.));
#5697=DIRECTION('center_axis',(-6.35612689585819E-15,2.8916117723006E-15,
-1.));
#5698=DIRECTION('ref_axis',(-0.350822745368421,-0.936441883584969,-4.77952487134612E-16));
#5699=DIRECTION('',(0.,0.,-1.));
#5700=DIRECTION('center_axis',(0.,0.,1.));
#5701=DIRECTION('ref_axis',(1.,0.,0.));
#5702=DIRECTION('center_axis',(0.,0.,-1.));
#5703=DIRECTION('ref_axis',(-1.,0.,0.));
#5704=DIRECTION('',(0.,0.,1.));
#5705=DIRECTION('center_axis',(-6.88795132159405E-15,1.14799579673018E-15,
-1.));
#5706=DIRECTION('ref_axis',(-0.0964997560975173,-0.995333008130002,-4.77952487134654E-16));
#5707=DIRECTION('',(0.,0.,-1.));
#5708=DIRECTION('center_axis',(0.,0.,1.));
#5709=DIRECTION('ref_axis',(1.,0.,0.));
#5710=DIRECTION('center_axis',(0.,0.,-1.));
#5711=DIRECTION('ref_axis',(-1.,0.,0.));
#5712=DIRECTION('',(0.,0.,1.));
#5713=DIRECTION('center_axis',(-6.95037324764102E-15,-6.73854195234691E-16,
-1.));
#5714=DIRECTION('ref_axis',(0.164399532078033,-0.986393833036543,-4.77952487134562E-16));
#5715=DIRECTION('',(0.,0.,-1.));
#5716=DIRECTION('center_axis',(0.,0.,1.));
#5717=DIRECTION('ref_axis',(1.,0.,0.));
#5718=DIRECTION('center_axis',(0.,0.,-1.));
#5719=DIRECTION('ref_axis',(-1.,0.,0.));
#5720=DIRECTION('',(0.,0.,1.));
#5721=DIRECTION('center_axis',(-6.53913872289613E-15,-2.44978213739094E-15,
-1.));
#5722=DIRECTION('ref_axis',(0.414095263825544,-0.910233548314526,-4.77952487134611E-16));
#5723=DIRECTION('',(0.,0.,-1.));
#5724=DIRECTION('center_axis',(0.,0.,1.));
#5725=DIRECTION('ref_axis',(1.,0.,0.));
#5726=DIRECTION('center_axis',(0.,0.,-1.));
#5727=DIRECTION('ref_axis',(-1.,0.,0.));
#5728=DIRECTION('',(0.,0.,1.));
#5729=DIRECTION('center_axis',(-5.68227270062355E-15,-4.05876147534044E-15,
-1.));
#5730=DIRECTION('ref_axis',(0.635571087668124,-0.772042351506935,-4.7795248713461E-16));
#5731=DIRECTION('',(0.,0.,-1.));
#5732=DIRECTION('center_axis',(0.,0.,1.));
#5733=DIRECTION('ref_axis',(1.,0.,0.));
#5734=DIRECTION('center_axis',(0.,0.,-1.));
#5735=DIRECTION('ref_axis',(-1.,0.,0.));
#5736=DIRECTION('',(0.,0.,1.));
#5737=DIRECTION('center_axis',(-4.43816918420311E-15,-5.39114292616596E-15,
-1.));
#5738=DIRECTION('ref_axis',(0.813733792217004,-0.581237744304457,-4.77952487134612E-16));
#5739=DIRECTION('',(0.,0.,-1.));
#5740=DIRECTION('center_axis',(0.,0.,1.));
#5741=DIRECTION('ref_axis',(1.,0.,0.));
#5742=DIRECTION('center_axis',(0.,0.,-1.));
#5743=DIRECTION('ref_axis',(-1.,0.,0.));
#5744=DIRECTION('',(0.,0.,1.));
#5745=DIRECTION('center_axis',(-2.89161177230058E-15,-6.35612689585821E-15,
-1.));
#5746=DIRECTION('ref_axis',(0.93644188358497,-0.350822745368418,-4.7795248713461E-16));
#5747=DIRECTION('',(0.,0.,-1.));
#5748=DIRECTION('center_axis',(0.,0.,1.));
#5749=DIRECTION('ref_axis',(1.,0.,0.));
#5750=DIRECTION('center_axis',(0.,0.,-1.));
#5751=DIRECTION('ref_axis',(-1.,0.,0.));
#5752=DIRECTION('',(0.,0.,1.));
#5753=DIRECTION('center_axis',(-1.14799579673016E-15,-6.88795132159405E-15,
-1.));
#5754=DIRECTION('ref_axis',(0.995333008130002,-0.0964997560975203,-4.77952487134611E-16));
#5755=DIRECTION('',(0.,0.,-1.));
#5756=DIRECTION('center_axis',(0.,0.,1.));
#5757=DIRECTION('ref_axis',(1.,0.,0.));
#5758=DIRECTION('center_axis',(0.,0.,-1.));
#5759=DIRECTION('ref_axis',(-1.,0.,0.));
#5760=DIRECTION('',(0.,0.,1.));
#5761=DIRECTION('center_axis',(6.73854195234666E-16,-6.95037324764102E-15,
-1.));
#5762=DIRECTION('ref_axis',(0.98639383303654,0.16439953207805,-4.77952487134707E-16));
#5763=DIRECTION('',(0.,0.,-1.));
#5764=DIRECTION('center_axis',(0.,0.,1.));
#5765=DIRECTION('ref_axis',(1.,0.,0.));
#5766=DIRECTION('center_axis',(0.,0.,-1.));
#5767=DIRECTION('ref_axis',(-1.,0.,0.));
#5768=DIRECTION('',(0.,0.,1.));
#5769=DIRECTION('center_axis',(2.44978213739096E-15,-6.53913872289612E-15,
-1.));
#5770=DIRECTION('ref_axis',(0.910233548314519,0.41409526382556,-4.77952487134707E-16));
#5771=DIRECTION('',(0.,0.,-1.));
#5772=DIRECTION('center_axis',(0.,0.,1.));
#5773=DIRECTION('ref_axis',(1.,0.,0.));
#5774=DIRECTION('center_axis',(0.,0.,-1.));
#5775=DIRECTION('ref_axis',(-1.,0.,0.));
#5776=DIRECTION('',(0.,0.,1.));
#5777=DIRECTION('center_axis',(4.05876147534046E-15,-5.68227270062354E-15,
-1.));
#5778=DIRECTION('ref_axis',(0.772042351506924,0.635571087668137,-4.77952487134707E-16));
#5779=DIRECTION('',(0.,0.,-1.));
#5780=DIRECTION('center_axis',(0.,0.,1.));
#5781=DIRECTION('ref_axis',(1.,0.,0.));
#5782=DIRECTION('center_axis',(0.,0.,-1.));
#5783=DIRECTION('ref_axis',(-1.,0.,0.));
#5784=DIRECTION('',(0.,0.,1.));
#5785=DIRECTION('center_axis',(5.39114292616598E-15,-4.43816918420309E-15,
-1.));
#5786=DIRECTION('ref_axis',(0.581237744304443,0.813733792217015,-4.77952487134708E-16));
#5787=DIRECTION('',(0.,0.,-1.));
#5788=DIRECTION('center_axis',(0.,0.,1.));
#5789=DIRECTION('ref_axis',(1.,0.,0.));
#5790=DIRECTION('center_axis',(0.,0.,-1.));
#5791=DIRECTION('ref_axis',(-1.,0.,0.));
#5792=DIRECTION('',(0.,0.,1.));
#5793=DIRECTION('center_axis',(6.35612689585822E-15,-2.89161177230056E-15,
-1.));
#5794=DIRECTION('ref_axis',(0.350822745368402,0.936441883584976,-4.77952487134706E-16));
#5795=DIRECTION('',(0.,0.,-1.));
#5796=DIRECTION('center_axis',(0.,0.,1.));
#5797=DIRECTION('ref_axis',(1.,0.,0.));
#5798=DIRECTION('center_axis',(0.,0.,-1.));
#5799=DIRECTION('ref_axis',(-1.,0.,0.));
#5800=DIRECTION('',(0.,0.,1.));
#5801=DIRECTION('center_axis',(6.88795132159406E-15,-1.14799579673013E-15,
-1.));
#5802=DIRECTION('ref_axis',(0.0964997560975029,0.995333008130004,-4.77952487134706E-16));
#5803=DIRECTION('',(0.,0.,-1.));
#5804=DIRECTION('center_axis',(0.,0.,1.));
#5805=DIRECTION('ref_axis',(1.,0.,0.));
#5806=DIRECTION('center_axis',(0.,0.,1.));
#5807=DIRECTION('ref_axis',(1.,0.,0.));
#5808=DIRECTION('',(-0.220846052808047,-0.975308679833777,0.));
#5809=DIRECTION('',(-0.955065119685265,0.29639604781537,0.));
#5810=DIRECTION('center_axis',(0.,0.,1.));
#5811=DIRECTION('ref_axis',(1.,0.,0.));
#5812=DIRECTION('',(0.734219066842991,-0.678912631996347,0.));
#5813=DIRECTION('',(-0.734219066842991,-0.678912631996347,0.));
#5814=DIRECTION('center_axis',(0.,0.,1.));
#5815=DIRECTION('ref_axis',(1.,0.,0.));
#5816=DIRECTION('',(0.955065119685265,0.29639604781537,0.));
#5817=DIRECTION('',(0.220846052808047,-0.975308679833777,0.));
#5818=DIRECTION('center_axis',(0.,0.,1.));
#5819=DIRECTION('ref_axis',(1.,0.,0.));
#5820=DIRECTION('',(0.220846052808047,0.975308679833777,0.));
#5821=DIRECTION('',(0.955065119685265,-0.29639604781537,0.));
#5822=DIRECTION('center_axis',(0.,0.,1.));
#5823=DIRECTION('ref_axis',(1.,0.,0.));
#5824=DIRECTION('',(-0.734219066842991,0.678912631996347,0.));
#5825=DIRECTION('',(0.734219066842991,0.678912631996347,0.));
#5826=DIRECTION('center_axis',(0.,0.,1.));
#5827=DIRECTION('ref_axis',(1.,0.,0.));
#5828=DIRECTION('',(-0.955065119685265,-0.29639604781537,0.));
#5829=DIRECTION('',(-0.220846052808047,0.975308679833777,0.));
#5830=DIRECTION('center_axis',(0.,0.,1.));
#5831=DIRECTION('ref_axis',(1.,0.,0.));
#5832=DIRECTION('center_axis',(8.55166289179392E-31,6.98296267768627E-15,
-1.));
#5833=DIRECTION('ref_axis',(1.,-7.35035671743047E-15,-5.04721003363181E-29));
#5834=DIRECTION('center_axis',(0.,-6.98296267768627E-15,-1.));
#5835=DIRECTION('ref_axis',(-1.,-6.98296267768627E-15,4.87617677579594E-29));
#5836=DIRECTION('center_axis',(0.,-6.98296267768627E-15,-1.));
#5837=DIRECTION('ref_axis',(-1.,-6.98296267768627E-15,4.87617677579594E-29));
#5838=DIRECTION('center_axis',(0.,-6.98296267768627E-15,-1.));
#5839=DIRECTION('ref_axis',(-1.,-6.98296267768627E-15,4.87617677579594E-29));
#5840=DIRECTION('center_axis',(0.,-6.98296267768627E-15,-1.));
#5841=DIRECTION('ref_axis',(-1.,-6.98296267768627E-15,4.87617677579594E-29));
#5842=DIRECTION('center_axis',(0.,-6.98296267768627E-15,-1.));
#5843=DIRECTION('ref_axis',(-1.,-6.98296267768627E-15,4.87617677579594E-29));
#5844=DIRECTION('center_axis',(0.,-6.98296267768627E-15,-1.));
#5845=DIRECTION('ref_axis',(-1.,-6.98296267768627E-15,4.87617677579594E-29));
#5846=DIRECTION('center_axis',(0.,-6.98296267768627E-15,-1.));
#5847=DIRECTION('ref_axis',(-1.,-6.98296267768627E-15,4.87617677579594E-29));
#5848=DIRECTION('center_axis',(0.,-6.98296267768627E-15,-1.));
#5849=DIRECTION('ref_axis',(-1.,-6.98296267768627E-15,4.87617677579594E-29));
#5850=DIRECTION('center_axis',(0.,-6.98296267768627E-15,-1.));
#5851=DIRECTION('ref_axis',(-1.,-6.98296267768627E-15,4.87617677579594E-29));
#5852=DIRECTION('center_axis',(0.,-6.98296267768627E-15,-1.));
#5853=DIRECTION('ref_axis',(-1.,-6.98296267768627E-15,4.87617677579594E-29));
#5854=DIRECTION('center_axis',(0.,-6.98296267768627E-15,-1.));
#5855=DIRECTION('ref_axis',(-1.,-6.98296267768627E-15,4.87617677579594E-29));
#5856=DIRECTION('center_axis',(0.,-6.98296267768627E-15,-1.));
#5857=DIRECTION('ref_axis',(-1.,-6.98296267768627E-15,4.87617677579594E-29));
#5858=DIRECTION('center_axis',(0.,-6.98296267768627E-15,-1.));
#5859=DIRECTION('ref_axis',(-1.,-6.98296267768627E-15,4.87617677579594E-29));
#5860=DIRECTION('center_axis',(0.,-6.98296267768627E-15,-1.));
#5861=DIRECTION('ref_axis',(-1.,-6.98296267768627E-15,4.87617677579594E-29));
#5862=DIRECTION('center_axis',(0.,-6.98296267768627E-15,-1.));
#5863=DIRECTION('ref_axis',(-1.,-6.98296267768627E-15,4.87617677579594E-29));
#5864=DIRECTION('center_axis',(0.,-6.98296267768627E-15,-1.));
#5865=DIRECTION('ref_axis',(-1.,-6.98296267768627E-15,4.87617677579594E-29));
#5866=DIRECTION('center_axis',(0.,-6.98296267768627E-15,-1.));
#5867=DIRECTION('ref_axis',(-1.,-6.98296267768627E-15,4.87617677579594E-29));
#5868=DIRECTION('center_axis',(0.,-6.98296267768627E-15,-1.));
#5869=DIRECTION('ref_axis',(-1.,-6.98296267768627E-15,4.87617677579594E-29));
#5870=DIRECTION('center_axis',(0.,0.,1.));
#5871=DIRECTION('ref_axis',(1.,0.,0.));
#5872=DIRECTION('center_axis',(0.,0.,1.));
#5873=DIRECTION('ref_axis',(1.,0.,0.));
#5874=DIRECTION('',(0.6,0.8,0.));
#5875=DIRECTION('center_axis',(6.88795132159406E-15,-1.14799579673014E-15,
-1.));
#5876=DIRECTION('ref_axis',(0.0964997560975028,0.995333008130004,-4.77952487134707E-16));
#5877=DIRECTION('',(0.372500259460247,-0.928032088185559,0.));
#5878=DIRECTION('',(0.786610731382349,0.617449234572467,0.));
#5879=DIRECTION('center_axis',(6.35612689585822E-15,-2.89161177230055E-15,
-1.));
#5880=DIRECTION('ref_axis',(0.350822745368402,0.936441883584976,-4.77952487134704E-16));
#5881=DIRECTION('',(0.119615243270082,-0.992820322907141,0.));
#5882=DIRECTION('',(0.919615242157257,0.39282032329304,0.));
#5883=DIRECTION('center_axis',(5.39114292616598E-15,-4.43816918420309E-15,
-1.));
#5884=DIRECTION('ref_axis',(0.581237744304443,0.813733792217014,-4.77952487134706E-16));
#5885=DIRECTION('',(-0.14142135623731,-0.989949493661166,0.));
#5886=DIRECTION('',(0.989949493661166,0.14142135623731,0.));
#5887=DIRECTION('center_axis',(4.05876147534046E-15,-5.68227270062354E-15,
-1.));
#5888=DIRECTION('ref_axis',(0.772042351506924,0.635571087668137,-4.77952487134708E-16));
#5889=DIRECTION('',(-0.39282032329304,-0.919615242157257,0.));
#5890=DIRECTION('',(0.992820322907141,-0.119615243270082,0.));
#5891=DIRECTION('center_axis',(2.44978213739096E-15,-6.53913872289612E-15,
-1.));
#5892=DIRECTION('ref_axis',(0.910233548314519,0.41409526382556,-4.77952487134707E-16));
#5893=DIRECTION('',(-0.617449234572467,-0.786610731382349,0.));
#5894=DIRECTION('',(0.928032088185559,-0.372500259460247,0.));
#5895=DIRECTION('center_axis',(6.73854195234666E-16,-6.95037324764102E-15,
-1.));
#5896=DIRECTION('ref_axis',(0.98639383303654,0.16439953207805,-4.77952487134705E-16));
#5897=DIRECTION('',(-0.8,-0.6,0.));
#5898=DIRECTION('',(0.8,-0.6,0.));
#5899=DIRECTION('center_axis',(-1.14799579673016E-15,-6.88795132159405E-15,
-1.));
#5900=DIRECTION('ref_axis',(0.995333008130002,-0.0964997560975202,-4.77952487134611E-16));
#5901=DIRECTION('',(-0.928032088185559,-0.372500259460247,0.));
#5902=DIRECTION('',(0.617449234572467,-0.786610731382349,0.));
#5903=DIRECTION('center_axis',(-2.89161177230058E-15,-6.3561268958582E-15,
-1.));
#5904=DIRECTION('ref_axis',(0.93644188358497,-0.350822745368418,-4.77952487134614E-16));
#5905=DIRECTION('',(-0.992820322907141,-0.119615243270082,0.));
#5906=DIRECTION('',(0.39282032329304,-0.919615242157257,0.));
#5907=DIRECTION('center_axis',(-4.43816918420311E-15,-5.39114292616596E-15,
-1.));
#5908=DIRECTION('ref_axis',(0.813733792217004,-0.581237744304457,-4.77952487134613E-16));
#5909=DIRECTION('',(-0.989949493661166,0.14142135623731,0.));
#5910=DIRECTION('',(0.14142135623731,-0.989949493661166,0.));
#5911=DIRECTION('center_axis',(-5.68227270062355E-15,-4.05876147534044E-15,
-1.));
#5912=DIRECTION('ref_axis',(0.635571087668124,-0.772042351506935,-4.7795248713461E-16));
#5913=DIRECTION('',(-0.919615242157257,0.39282032329304,0.));
#5914=DIRECTION('',(-0.119615243270082,-0.992820322907141,0.));
#5915=DIRECTION('center_axis',(-6.53913872289613E-15,-2.44978213739094E-15,
-1.));
#5916=DIRECTION('ref_axis',(0.414095263825544,-0.910233548314526,-4.77952487134611E-16));
#5917=DIRECTION('',(-0.786610731382349,0.617449234572467,0.));
#5918=DIRECTION('',(-0.372500259460247,-0.928032088185559,0.));
#5919=DIRECTION('center_axis',(-6.95037324764102E-15,-6.7385419523469E-16,
-1.));
#5920=DIRECTION('ref_axis',(0.164399532078033,-0.986393833036543,-4.77952487134561E-16));
#5921=DIRECTION('',(-0.6,0.8,0.));
#5922=DIRECTION('',(-0.6,-0.8,0.));
#5923=DIRECTION('center_axis',(-6.88795132159405E-15,1.14799579673018E-15,
-1.));
#5924=DIRECTION('ref_axis',(-0.0964997560975165,-0.995333008130003,-4.7795248713466E-16));
#5925=DIRECTION('',(-0.372500259460247,0.928032088185559,0.));
#5926=DIRECTION('',(-0.786610731382349,-0.617449234572467,0.));
#5927=DIRECTION('center_axis',(-6.35612689585819E-15,2.8916117723006E-15,
-1.));
#5928=DIRECTION('ref_axis',(-0.350822745368421,-0.936441883584969,-4.77952487134613E-16));
#5929=DIRECTION('',(-0.119615243270082,0.992820322907141,0.));
#5930=DIRECTION('',(-0.919615242157257,-0.39282032329304,0.));
#5931=DIRECTION('center_axis',(-5.39114292616595E-15,4.43816918420312E-15,
-1.));
#5932=DIRECTION('ref_axis',(-0.58123774430446,-0.813733792217002,-4.77952487134604E-16));
#5933=DIRECTION('',(0.14142135623731,0.989949493661166,0.));
#5934=DIRECTION('',(-0.989949493661166,-0.14142135623731,0.));
#5935=DIRECTION('center_axis',(-4.05876147534042E-15,5.68227270062357E-15,
-1.));
#5936=DIRECTION('ref_axis',(-0.772042351506937,-0.635571087668121,-4.77952487134607E-16));
#5937=DIRECTION('',(0.39282032329304,0.919615242157257,0.));
#5938=DIRECTION('',(-0.992820322907141,0.119615243270082,0.));
#5939=DIRECTION('center_axis',(-2.44978213739091E-15,6.53913872289614E-15,
-1.));
#5940=DIRECTION('ref_axis',(-0.910233548314528,-0.414095263825541,-4.77952487134612E-16));
#5941=DIRECTION('',(0.617449234572467,0.786610731382349,0.));
#5942=DIRECTION('',(-0.928032088185559,0.372500259460247,0.));
#5943=DIRECTION('center_axis',(-6.73854195234619E-16,6.95037324764102E-15,
-1.));
#5944=DIRECTION('ref_axis',(-0.986393833036543,-0.164399532078031,-4.77952487134617E-16));
#5945=DIRECTION('',(0.8,0.6,0.));
#5946=DIRECTION('',(-0.8,0.6,0.));
#5947=DIRECTION('center_axis',(1.14799579673021E-15,6.88795132159404E-15,
-1.));
#5948=DIRECTION('ref_axis',(-0.995333008130003,0.0964997560975138,-4.77952487134704E-16));
#5949=DIRECTION('',(0.928032088185559,0.372500259460247,0.));
#5950=DIRECTION('',(-0.617449234572467,0.786610731382349,0.));
#5951=DIRECTION('center_axis',(2.89161177230062E-15,6.35612689585818E-15,
-1.));
#5952=DIRECTION('ref_axis',(-0.936441883584972,0.350822745368412,-4.77952487134708E-16));
#5953=DIRECTION('',(0.992820322907141,0.119615243270082,0.));
#5954=DIRECTION('',(-0.39282032329304,0.919615242157257,0.));
#5955=DIRECTION('center_axis',(4.43816918420314E-15,5.39114292616593E-15,
-1.));
#5956=DIRECTION('ref_axis',(-0.813733792217008,0.581237744304451,-4.77952487134707E-16));
#5957=DIRECTION('',(0.989949493661166,-0.14142135623731,0.));
#5958=DIRECTION('',(-0.14142135623731,0.989949493661166,0.));
#5959=DIRECTION('center_axis',(5.68227270062358E-15,4.05876147534039E-15,
-1.));
#5960=DIRECTION('ref_axis',(-0.635571087668129,0.772042351506931,-4.7795248713471E-16));
#5961=DIRECTION('',(0.919615242157257,-0.39282032329304,0.));
#5962=DIRECTION('',(0.119615243270082,0.992820322907141,0.));
#5963=DIRECTION('center_axis',(6.53913872289615E-15,2.44978213739089E-15,
-1.));
#5964=DIRECTION('ref_axis',(-0.41409526382555,0.910233548314524,-4.77952487134705E-16));
#5965=DIRECTION('',(0.786610731382349,-0.617449234572467,0.));
#5966=DIRECTION('',(0.372500259460247,0.928032088185559,0.));
#5967=DIRECTION('center_axis',(6.95037324764102E-15,6.7385419523469E-16,
-1.));
#5968=DIRECTION('ref_axis',(-0.16439953207804,0.986393833036542,-4.77952487134608E-16));
#5969=DIRECTION('',(0.6,-0.8,0.));
#5970=DIRECTION('center_axis',(0.,0.,-1.));
#5971=DIRECTION('ref_axis',(-1.,0.,0.));
#5972=DIRECTION('',(0.,0.,1.));
#5973=DIRECTION('center_axis',(0.,6.98296267768627E-15,-1.));
#5974=DIRECTION('ref_axis',(1.,-7.105427357601E-15,-4.96169340471387E-29));
#5975=DIRECTION('',(0.,0.,-1.));
#5976=DIRECTION('center_axis',(0.,0.,1.));
#5977=DIRECTION('ref_axis',(1.,0.,0.));
#5978=DIRECTION('center_axis',(0.,0.,-1.));
#5979=DIRECTION('ref_axis',(-1.,0.,0.));
#5980=DIRECTION('',(0.,0.,-1.));
#5981=DIRECTION('center_axis',(0.,0.,1.));
#5982=DIRECTION('ref_axis',(1.,0.,0.));
#5983=DIRECTION('',(0.,0.,1.));
#5984=DIRECTION('center_axis',(6.95037324764102E-15,6.73854195234691E-16,
-1.));
#5985=DIRECTION('ref_axis',(-0.16439953207804,0.986393833036542,-4.77952487134611E-16));
#5986=DIRECTION('center_axis',(0.,0.,-1.));
#5987=DIRECTION('ref_axis',(-1.,0.,0.));
#5988=DIRECTION('',(0.786610731382349,-0.617449234572467,0.));
#5989=DIRECTION('',(0.372500259460247,0.928032088185559,0.));
#5990=DIRECTION('center_axis',(6.95037324764102E-15,6.73854195234691E-16,
-1.));
#5991=DIRECTION('ref_axis',(-0.16439953207804,0.986393833036542,-4.77952487134611E-16));
#5992=DIRECTION('',(0.6,-0.8,0.));
#5993=DIRECTION('',(0.6,0.8,0.));
#5994=DIRECTION('center_axis',(6.88795132159406E-15,-1.14799579673013E-15,
-1.));
#5995=DIRECTION('ref_axis',(0.0964997560975029,0.995333008130004,-4.77952487134706E-16));
#5996=DIRECTION('',(0.372500259460247,-0.928032088185559,0.));
#5997=DIRECTION('',(0.786610731382349,0.617449234572467,0.));
#5998=DIRECTION('center_axis',(6.35612689585822E-15,-2.89161177230056E-15,
-1.));
#5999=DIRECTION('ref_axis',(0.350822745368402,0.936441883584976,-4.77952487134706E-16));
#6000=DIRECTION('',(0.119615243270082,-0.992820322907141,0.));
#6001=DIRECTION('',(0.919615242157257,0.39282032329304,0.));
#6002=DIRECTION('center_axis',(5.39114292616598E-15,-4.43816918420309E-15,
-1.));
#6003=DIRECTION('ref_axis',(0.581237744304443,0.813733792217015,-4.77952487134708E-16));
#6004=DIRECTION('',(-0.14142135623731,-0.989949493661166,0.));
#6005=DIRECTION('',(0.989949493661166,0.14142135623731,0.));
#6006=DIRECTION('center_axis',(4.05876147534046E-15,-5.68227270062354E-15,
-1.));
#6007=DIRECTION('ref_axis',(0.772042351506924,0.635571087668137,-4.77952487134707E-16));
#6008=DIRECTION('',(-0.39282032329304,-0.919615242157257,0.));
#6009=DIRECTION('',(0.992820322907141,-0.119615243270082,0.));
#6010=DIRECTION('center_axis',(2.44978213739096E-15,-6.53913872289612E-15,
-1.));
#6011=DIRECTION('ref_axis',(0.910233548314519,0.41409526382556,-4.77952487134707E-16));
#6012=DIRECTION('',(-0.617449234572467,-0.786610731382349,0.));
#6013=DIRECTION('',(0.928032088185559,-0.372500259460247,0.));
#6014=DIRECTION('center_axis',(6.73854195234666E-16,-6.95037324764102E-15,
-1.));
#6015=DIRECTION('ref_axis',(0.98639383303654,0.16439953207805,-4.77952487134707E-16));
#6016=DIRECTION('',(-0.8,-0.6,0.));
#6017=DIRECTION('',(0.8,-0.6,0.));
#6018=DIRECTION('center_axis',(-1.14799579673016E-15,-6.88795132159405E-15,
-1.));
#6019=DIRECTION('ref_axis',(0.995333008130002,-0.0964997560975203,-4.77952487134611E-16));
#6020=DIRECTION('',(-0.928032088185559,-0.372500259460247,0.));
#6021=DIRECTION('',(0.617449234572467,-0.786610731382349,0.));
#6022=DIRECTION('center_axis',(-2.89161177230058E-15,-6.35612689585821E-15,
-1.));
#6023=DIRECTION('ref_axis',(0.93644188358497,-0.350822745368418,-4.7795248713461E-16));
#6024=DIRECTION('',(-0.992820322907141,-0.119615243270082,0.));
#6025=DIRECTION('',(0.39282032329304,-0.919615242157257,0.));
#6026=DIRECTION('center_axis',(-4.43816918420311E-15,-5.39114292616596E-15,
-1.));
#6027=DIRECTION('ref_axis',(0.813733792217004,-0.581237744304457,-4.77952487134612E-16));
#6028=DIRECTION('',(-0.989949493661166,0.14142135623731,0.));
#6029=DIRECTION('',(0.14142135623731,-0.989949493661166,0.));
#6030=DIRECTION('center_axis',(-5.68227270062355E-15,-4.05876147534044E-15,
-1.));
#6031=DIRECTION('ref_axis',(0.635571087668124,-0.772042351506935,-4.7795248713461E-16));
#6032=DIRECTION('',(-0.919615242157257,0.39282032329304,0.));
#6033=DIRECTION('',(-0.119615243270082,-0.992820322907141,0.));
#6034=DIRECTION('center_axis',(-6.53913872289613E-15,-2.44978213739094E-15,
-1.));
#6035=DIRECTION('ref_axis',(0.414095263825544,-0.910233548314526,-4.77952487134611E-16));
#6036=DIRECTION('',(-0.786610731382349,0.617449234572467,0.));
#6037=DIRECTION('',(-0.372500259460247,-0.928032088185559,0.));
#6038=DIRECTION('center_axis',(-6.95037324764102E-15,-6.73854195234691E-16,
-1.));
#6039=DIRECTION('ref_axis',(0.164399532078033,-0.986393833036543,-4.77952487134562E-16));
#6040=DIRECTION('',(-0.6,0.8,0.));
#6041=DIRECTION('',(-0.6,-0.8,0.));
#6042=DIRECTION('center_axis',(-6.88795132159405E-15,1.14799579673018E-15,
-1.));
#6043=DIRECTION('ref_axis',(-0.0964997560975173,-0.995333008130002,-4.77952487134654E-16));
#6044=DIRECTION('',(-0.372500259460247,0.928032088185559,0.));
#6045=DIRECTION('',(-0.786610731382349,-0.617449234572467,0.));
#6046=DIRECTION('center_axis',(-6.35612689585819E-15,2.8916117723006E-15,
-1.));
#6047=DIRECTION('ref_axis',(-0.350822745368421,-0.936441883584969,-4.77952487134612E-16));
#6048=DIRECTION('',(-0.119615243270082,0.992820322907141,0.));
#6049=DIRECTION('',(-0.919615242157257,-0.39282032329304,0.));
#6050=DIRECTION('center_axis',(-5.39114292616595E-15,4.43816918420312E-15,
-1.));
#6051=DIRECTION('ref_axis',(-0.58123774430446,-0.813733792217002,-4.77952487134605E-16));
#6052=DIRECTION('',(0.14142135623731,0.989949493661166,0.));
#6053=DIRECTION('',(-0.989949493661166,-0.14142135623731,0.));
#6054=DIRECTION('center_axis',(-4.05876147534042E-15,5.68227270062357E-15,
-1.));
#6055=DIRECTION('ref_axis',(-0.772042351506938,-0.635571087668121,-4.77952487134607E-16));
#6056=DIRECTION('',(0.39282032329304,0.919615242157257,0.));
#6057=DIRECTION('',(-0.992820322907141,0.119615243270082,0.));
#6058=DIRECTION('center_axis',(-2.44978213739091E-15,6.53913872289614E-15,
-1.));
#6059=DIRECTION('ref_axis',(-0.910233548314528,-0.414095263825541,-4.77952487134612E-16));
#6060=DIRECTION('',(0.617449234572467,0.786610731382349,0.));
#6061=DIRECTION('',(-0.928032088185559,0.372500259460247,0.));
#6062=DIRECTION('center_axis',(-6.73854195234618E-16,6.95037324764103E-15,
-1.));
#6063=DIRECTION('ref_axis',(-0.986393833036543,-0.164399532078031,-4.77952487134618E-16));
#6064=DIRECTION('',(0.8,0.6,0.));
#6065=DIRECTION('',(-0.8,0.6,0.));
#6066=DIRECTION('center_axis',(1.14799579673021E-15,6.88795132159404E-15,
-1.));
#6067=DIRECTION('ref_axis',(-0.995333008130003,0.0964997560975137,-4.77952487134705E-16));
#6068=DIRECTION('',(0.928032088185559,0.372500259460247,0.));
#6069=DIRECTION('',(-0.617449234572467,0.786610731382349,0.));
#6070=DIRECTION('center_axis',(2.89161177230062E-15,6.35612689585819E-15,
-1.));
#6071=DIRECTION('ref_axis',(-0.936441883584972,0.350822745368412,-4.77952487134704E-16));
#6072=DIRECTION('',(0.992820322907141,0.119615243270082,0.));
#6073=DIRECTION('',(-0.39282032329304,0.919615242157257,0.));
#6074=DIRECTION('center_axis',(4.43816918420314E-15,5.39114292616593E-15,
-1.));
#6075=DIRECTION('ref_axis',(-0.813733792217009,0.581237744304451,-4.77952487134709E-16));
#6076=DIRECTION('',(0.989949493661166,-0.14142135623731,0.));
#6077=DIRECTION('',(-0.14142135623731,0.989949493661166,0.));
#6078=DIRECTION('center_axis',(5.68227270062358E-15,4.0587614753404E-15,
-1.));
#6079=DIRECTION('ref_axis',(-0.63557108766813,0.77204235150693,-4.77952487134709E-16));
#6080=DIRECTION('',(0.919615242157257,-0.39282032329304,0.));
#6081=DIRECTION('',(0.119615243270082,0.992820322907141,0.));
#6082=DIRECTION('center_axis',(6.53913872289615E-15,2.44978213739089E-15,
-1.));
#6083=DIRECTION('ref_axis',(-0.41409526382555,0.910233548314524,-4.77952487134705E-16));
#6084=DIRECTION('center_axis',(0.,0.,1.));
#6085=DIRECTION('ref_axis',(1.,0.,0.));
#6086=DIRECTION('center_axis',(-0.8,-0.6,0.));
#6087=DIRECTION('ref_axis',(0.,0.,1.));
#6088=DIRECTION('',(0.,0.,-1.));
#6089=DIRECTION('',(0.6,-0.8,0.));
#6090=DIRECTION('',(0.,0.,1.));
#6091=DIRECTION('',(-0.6,0.8,0.));
#6092=DIRECTION('center_axis',(0.8,-0.6,0.));
#6093=DIRECTION('ref_axis',(0.,0.,-1.));
#6094=DIRECTION('',(0.,0.,1.));
#6095=DIRECTION('',(-0.6,-0.8,0.));
#6096=DIRECTION('',(0.,0.,-1.));
#6097=DIRECTION('',(0.6,0.8,0.));
#6098=DIRECTION('center_axis',(-0.928032088185559,-0.372500259460247,0.));
#6099=DIRECTION('ref_axis',(0.,0.,1.));
#6100=DIRECTION('',(0.,0.,-1.));
#6101=DIRECTION('',(0.372500259460247,-0.928032088185559,0.));
#6102=DIRECTION('',(0.,0.,1.));
#6103=DIRECTION('',(-0.372500259460247,0.928032088185559,0.));
#6104=DIRECTION('center_axis',(0.617449234572468,-0.786610731382349,0.));
#6105=DIRECTION('ref_axis',(0.,0.,-1.));
#6106=DIRECTION('',(0.,0.,1.));
#6107=DIRECTION('',(-0.786610731382349,-0.617449234572467,0.));
#6108=DIRECTION('',(0.,0.,-1.));
#6109=DIRECTION('',(0.786610731382349,0.617449234572467,0.));
#6110=DIRECTION('center_axis',(-0.992820322907141,-0.119615243270082,0.));
#6111=DIRECTION('ref_axis',(0.,0.,1.));
#6112=DIRECTION('',(0.,0.,-1.));
#6113=DIRECTION('',(0.119615243270082,-0.992820322907141,0.));
#6114=DIRECTION('',(0.,0.,1.));
#6115=DIRECTION('',(-0.119615243270082,0.992820322907141,0.));
#6116=DIRECTION('center_axis',(0.39282032329304,-0.919615242157257,0.));
#6117=DIRECTION('ref_axis',(0.,0.,-1.));
#6118=DIRECTION('',(0.,0.,1.));
#6119=DIRECTION('',(-0.919615242157257,-0.39282032329304,0.));
#6120=DIRECTION('',(0.,0.,-1.));
#6121=DIRECTION('',(0.919615242157257,0.39282032329304,0.));
#6122=DIRECTION('center_axis',(-0.989949493661166,0.14142135623731,0.));
#6123=DIRECTION('ref_axis',(0.,0.,1.));
#6124=DIRECTION('',(0.,0.,-1.));
#6125=DIRECTION('',(-0.14142135623731,-0.989949493661166,0.));
#6126=DIRECTION('',(0.,0.,1.));
#6127=DIRECTION('',(0.14142135623731,0.989949493661166,0.));
#6128=DIRECTION('center_axis',(0.14142135623731,-0.989949493661166,0.));
#6129=DIRECTION('ref_axis',(0.,0.,-1.));
#6130=DIRECTION('',(0.,0.,1.));
#6131=DIRECTION('',(-0.989949493661166,-0.14142135623731,0.));
#6132=DIRECTION('',(0.,0.,-1.));
#6133=DIRECTION('',(0.989949493661166,0.14142135623731,0.));
#6134=DIRECTION('center_axis',(-0.919615242157257,0.39282032329304,0.));
#6135=DIRECTION('ref_axis',(0.,0.,1.));
#6136=DIRECTION('',(0.,0.,-1.));
#6137=DIRECTION('',(-0.39282032329304,-0.919615242157257,0.));
#6138=DIRECTION('',(0.,0.,1.));
#6139=DIRECTION('',(0.39282032329304,0.919615242157257,0.));
#6140=DIRECTION('center_axis',(-0.119615243270082,-0.992820322907141,0.));
#6141=DIRECTION('ref_axis',(0.,0.,-1.));
#6142=DIRECTION('',(0.,0.,1.));
#6143=DIRECTION('',(-0.992820322907141,0.119615243270082,0.));
#6144=DIRECTION('',(0.,0.,-1.));
#6145=DIRECTION('',(0.992820322907141,-0.119615243270082,0.));
#6146=DIRECTION('center_axis',(-0.786610731382349,0.617449234572468,0.));
#6147=DIRECTION('ref_axis',(0.,0.,1.));
#6148=DIRECTION('',(0.,0.,-1.));
#6149=DIRECTION('',(-0.617449234572467,-0.786610731382349,0.));
#6150=DIRECTION('',(0.,0.,1.));
#6151=DIRECTION('',(0.617449234572467,0.786610731382349,0.));
#6152=DIRECTION('center_axis',(-0.372500259460247,-0.928032088185559,0.));
#6153=DIRECTION('ref_axis',(0.,0.,-1.));
#6154=DIRECTION('',(0.,0.,1.));
#6155=DIRECTION('',(-0.928032088185559,0.372500259460247,0.));
#6156=DIRECTION('',(0.,0.,-1.));
#6157=DIRECTION('',(0.928032088185559,-0.372500259460247,0.));
#6158=DIRECTION('center_axis',(-0.6,0.8,0.));
#6159=DIRECTION('ref_axis',(0.,0.,1.));
#6160=DIRECTION('',(0.,0.,-1.));
#6161=DIRECTION('',(-0.8,-0.6,0.));
#6162=DIRECTION('',(0.,0.,1.));
#6163=DIRECTION('',(0.8,0.6,0.));
#6164=DIRECTION('center_axis',(-0.6,-0.8,0.));
#6165=DIRECTION('ref_axis',(0.,0.,1.));
#6166=DIRECTION('',(0.,0.,1.));
#6167=DIRECTION('',(-0.8,0.6,0.));
#6168=DIRECTION('',(0.,0.,-1.));
#6169=DIRECTION('',(0.8,-0.6,0.));
#6170=DIRECTION('center_axis',(-0.372500259460247,0.928032088185559,0.));
#6171=DIRECTION('ref_axis',(0.,0.,1.));
#6172=DIRECTION('',(0.,0.,-1.));
#6173=DIRECTION('',(-0.928032088185559,-0.372500259460247,0.));
#6174=DIRECTION('',(0.,0.,1.));
#6175=DIRECTION('',(0.928032088185559,0.372500259460247,0.));
#6176=DIRECTION('center_axis',(-0.786610731382349,-0.617449234572468,0.));
#6177=DIRECTION('ref_axis',(0.,0.,1.));
#6178=DIRECTION('',(0.,0.,1.));
#6179=DIRECTION('',(-0.617449234572467,0.786610731382349,0.));
#6180=DIRECTION('',(0.,0.,-1.));
#6181=DIRECTION('',(0.617449234572467,-0.786610731382349,0.));
#6182=DIRECTION('center_axis',(-0.119615243270082,0.992820322907141,0.));
#6183=DIRECTION('ref_axis',(0.,0.,1.));
#6184=DIRECTION('',(0.,0.,-1.));
#6185=DIRECTION('',(-0.992820322907141,-0.119615243270082,0.));
#6186=DIRECTION('',(0.,0.,1.));
#6187=DIRECTION('',(0.992820322907141,0.119615243270082,0.));
#6188=DIRECTION('center_axis',(-0.919615242157257,-0.39282032329304,0.));
#6189=DIRECTION('ref_axis',(0.,0.,1.));
#6190=DIRECTION('',(0.,0.,1.));
#6191=DIRECTION('',(-0.39282032329304,0.919615242157257,0.));
#6192=DIRECTION('',(0.,0.,-1.));
#6193=DIRECTION('',(0.39282032329304,-0.919615242157257,0.));
#6194=DIRECTION('center_axis',(0.14142135623731,0.989949493661166,0.));
#6195=DIRECTION('ref_axis',(0.,0.,1.));
#6196=DIRECTION('',(0.,0.,-1.));
#6197=DIRECTION('',(-0.989949493661166,0.14142135623731,0.));
#6198=DIRECTION('',(0.,0.,1.));
#6199=DIRECTION('',(0.989949493661166,-0.14142135623731,0.));
#6200=DIRECTION('center_axis',(-0.989949493661166,-0.14142135623731,0.));
#6201=DIRECTION('ref_axis',(0.,0.,1.));
#6202=DIRECTION('',(0.,0.,1.));
#6203=DIRECTION('',(-0.14142135623731,0.989949493661166,0.));
#6204=DIRECTION('',(0.,0.,-1.));
#6205=DIRECTION('',(0.14142135623731,-0.989949493661166,0.));
#6206=DIRECTION('center_axis',(0.39282032329304,0.919615242157257,0.));
#6207=DIRECTION('ref_axis',(0.,0.,1.));
#6208=DIRECTION('',(0.,0.,-1.));
#6209=DIRECTION('',(-0.919615242157257,0.39282032329304,0.));
#6210=DIRECTION('',(0.,0.,1.));
#6211=DIRECTION('',(0.919615242157257,-0.39282032329304,0.));
#6212=DIRECTION('center_axis',(-0.992820322907141,0.119615243270082,0.));
#6213=DIRECTION('ref_axis',(0.,0.,1.));
#6214=DIRECTION('',(0.,0.,1.));
#6215=DIRECTION('',(0.119615243270082,0.992820322907141,0.));
#6216=DIRECTION('',(0.,0.,-1.));
#6217=DIRECTION('',(-0.119615243270082,-0.992820322907141,0.));
#6218=DIRECTION('center_axis',(0.617449234572468,0.786610731382349,0.));
#6219=DIRECTION('ref_axis',(0.,0.,-1.));
#6220=DIRECTION('',(0.,0.,-1.));
#6221=DIRECTION('',(-0.786610731382349,0.617449234572467,0.));
#6222=DIRECTION('',(0.,0.,1.));
#6223=DIRECTION('',(0.786610731382349,-0.617449234572467,0.));
#6224=DIRECTION('center_axis',(-0.928032088185559,0.372500259460247,0.));
#6225=DIRECTION('ref_axis',(0.,0.,1.));
#6226=DIRECTION('',(0.,0.,1.));
#6227=DIRECTION('',(0.372500259460247,0.928032088185559,0.));
#6228=DIRECTION('',(0.,0.,-1.));
#6229=DIRECTION('',(-0.372500259460247,-0.928032088185559,0.));
#6230=DIRECTION('center_axis',(0.8,0.6,0.));
#6231=DIRECTION('ref_axis',(0.,0.,-1.));
#6232=DIRECTION('',(0.,0.,-1.));
#6233=DIRECTION('',(-0.6,0.8,0.));
#6234=DIRECTION('',(0.,0.,1.));
#6235=DIRECTION('',(0.6,-0.8,0.));
#6236=DIRECTION('center_axis',(-0.8,0.6,0.));
#6237=DIRECTION('ref_axis',(0.,0.,1.));
#6238=DIRECTION('',(0.,0.,1.));
#6239=DIRECTION('',(0.6,0.8,0.));
#6240=DIRECTION('',(0.,0.,-1.));
#6241=DIRECTION('',(-0.6,-0.8,0.));
#6242=DIRECTION('center_axis',(0.928032088185559,0.372500259460247,0.));
#6243=DIRECTION('ref_axis',(0.,0.,-1.));
#6244=DIRECTION('',(0.,0.,-1.));
#6245=DIRECTION('',(-0.372500259460247,0.928032088185559,0.));
#6246=DIRECTION('',(0.,0.,1.));
#6247=DIRECTION('',(0.372500259460247,-0.928032088185559,0.));
#6248=DIRECTION('center_axis',(-0.617449234572468,0.786610731382349,0.));
#6249=DIRECTION('ref_axis',(0.,0.,1.));
#6250=DIRECTION('',(0.,0.,1.));
#6251=DIRECTION('',(0.786610731382349,0.617449234572467,0.));
#6252=DIRECTION('',(0.,0.,-1.));
#6253=DIRECTION('',(-0.786610731382349,-0.617449234572467,0.));
#6254=DIRECTION('center_axis',(0.992820322907141,0.119615243270082,0.));
#6255=DIRECTION('ref_axis',(0.,0.,-1.));
#6256=DIRECTION('',(0.,0.,-1.));
#6257=DIRECTION('',(-0.119615243270082,0.992820322907141,0.));
#6258=DIRECTION('',(0.,0.,1.));
#6259=DIRECTION('',(0.119615243270082,-0.992820322907141,0.));
#6260=DIRECTION('center_axis',(-0.39282032329304,0.919615242157257,0.));
#6261=DIRECTION('ref_axis',(0.,0.,1.));
#6262=DIRECTION('',(0.,0.,1.));
#6263=DIRECTION('',(0.919615242157257,0.39282032329304,0.));
#6264=DIRECTION('',(0.,0.,-1.));
#6265=DIRECTION('',(-0.919615242157257,-0.39282032329304,0.));
#6266=DIRECTION('center_axis',(0.989949493661166,-0.14142135623731,0.));
#6267=DIRECTION('ref_axis',(0.,0.,-1.));
#6268=DIRECTION('',(0.,0.,-1.));
#6269=DIRECTION('',(0.14142135623731,0.989949493661166,0.));
#6270=DIRECTION('',(0.,0.,1.));
#6271=DIRECTION('',(-0.14142135623731,-0.989949493661166,0.));
#6272=DIRECTION('center_axis',(-0.14142135623731,0.989949493661166,0.));
#6273=DIRECTION('ref_axis',(0.,0.,1.));
#6274=DIRECTION('',(0.,0.,1.));
#6275=DIRECTION('',(0.989949493661166,0.14142135623731,0.));
#6276=DIRECTION('',(0.,0.,-1.));
#6277=DIRECTION('',(-0.989949493661166,-0.14142135623731,0.));
#6278=DIRECTION('center_axis',(0.919615242157257,-0.39282032329304,0.));
#6279=DIRECTION('ref_axis',(0.,0.,-1.));
#6280=DIRECTION('',(0.,0.,-1.));
#6281=DIRECTION('',(0.39282032329304,0.919615242157257,0.));
#6282=DIRECTION('',(0.,0.,1.));
#6283=DIRECTION('',(-0.39282032329304,-0.919615242157257,0.));
#6284=DIRECTION('center_axis',(0.119615243270082,0.992820322907141,0.));
#6285=DIRECTION('ref_axis',(0.,0.,1.));
#6286=DIRECTION('',(0.,0.,1.));
#6287=DIRECTION('',(0.992820322907141,-0.119615243270082,0.));
#6288=DIRECTION('',(0.,0.,-1.));
#6289=DIRECTION('',(-0.992820322907141,0.119615243270082,0.));
#6290=DIRECTION('center_axis',(0.786610731382349,-0.617449234572468,0.));
#6291=DIRECTION('ref_axis',(0.,0.,-1.));
#6292=DIRECTION('',(0.,0.,-1.));
#6293=DIRECTION('',(0.617449234572467,0.786610731382349,0.));
#6294=DIRECTION('',(0.,0.,1.));
#6295=DIRECTION('',(-0.617449234572467,-0.786610731382349,0.));
#6296=DIRECTION('center_axis',(0.372500259460247,0.928032088185559,0.));
#6297=DIRECTION('ref_axis',(0.,0.,1.));
#6298=DIRECTION('',(0.,0.,1.));
#6299=DIRECTION('',(0.928032088185559,-0.372500259460247,0.));
#6300=DIRECTION('',(0.,0.,-1.));
#6301=DIRECTION('',(-0.928032088185559,0.372500259460247,0.));
#6302=DIRECTION('center_axis',(0.6,-0.8,0.));
#6303=DIRECTION('ref_axis',(0.,0.,-1.));
#6304=DIRECTION('',(0.,0.,-1.));
#6305=DIRECTION('',(0.8,0.6,0.));
#6306=DIRECTION('',(0.,0.,1.));
#6307=DIRECTION('',(-0.8,-0.6,0.));
#6308=DIRECTION('center_axis',(0.6,0.8,0.));
#6309=DIRECTION('ref_axis',(0.,0.,-1.));
#6310=DIRECTION('',(0.,0.,1.));
#6311=DIRECTION('',(0.8,-0.6,0.));
#6312=DIRECTION('',(0.,0.,-1.));
#6313=DIRECTION('',(-0.8,0.6,0.));
#6314=DIRECTION('center_axis',(0.372500259460247,-0.928032088185559,0.));
#6315=DIRECTION('ref_axis',(0.,0.,-1.));
#6316=DIRECTION('',(0.,0.,-1.));
#6317=DIRECTION('',(0.928032088185559,0.372500259460247,0.));
#6318=DIRECTION('',(0.,0.,1.));
#6319=DIRECTION('',(-0.928032088185559,-0.372500259460247,0.));
#6320=DIRECTION('center_axis',(0.786610731382349,0.617449234572468,0.));
#6321=DIRECTION('ref_axis',(0.,0.,-1.));
#6322=DIRECTION('',(0.,0.,1.));
#6323=DIRECTION('',(0.617449234572467,-0.786610731382349,0.));
#6324=DIRECTION('',(0.,0.,-1.));
#6325=DIRECTION('',(-0.617449234572467,0.786610731382349,0.));
#6326=DIRECTION('center_axis',(0.119615243270082,-0.992820322907141,0.));
#6327=DIRECTION('ref_axis',(0.,0.,-1.));
#6328=DIRECTION('',(0.,0.,-1.));
#6329=DIRECTION('',(0.992820322907141,0.119615243270082,0.));
#6330=DIRECTION('',(0.,0.,1.));
#6331=DIRECTION('',(-0.992820322907141,-0.119615243270082,0.));
#6332=DIRECTION('center_axis',(0.919615242157257,0.39282032329304,0.));
#6333=DIRECTION('ref_axis',(0.,0.,-1.));
#6334=DIRECTION('',(0.,0.,1.));
#6335=DIRECTION('',(0.39282032329304,-0.919615242157257,0.));
#6336=DIRECTION('',(0.,0.,-1.));
#6337=DIRECTION('',(-0.39282032329304,0.919615242157257,0.));
#6338=DIRECTION('center_axis',(-0.14142135623731,-0.989949493661166,0.));
#6339=DIRECTION('ref_axis',(0.,0.,-1.));
#6340=DIRECTION('',(0.,0.,-1.));
#6341=DIRECTION('',(0.989949493661166,-0.14142135623731,0.));
#6342=DIRECTION('',(0.,0.,1.));
#6343=DIRECTION('',(-0.989949493661166,0.14142135623731,0.));
#6344=DIRECTION('center_axis',(0.989949493661166,0.14142135623731,0.));
#6345=DIRECTION('ref_axis',(0.,0.,-1.));
#6346=DIRECTION('',(0.,0.,1.));
#6347=DIRECTION('',(0.14142135623731,-0.989949493661166,0.));
#6348=DIRECTION('',(0.,0.,-1.));
#6349=DIRECTION('',(-0.14142135623731,0.989949493661166,0.));
#6350=DIRECTION('center_axis',(-0.39282032329304,-0.919615242157257,0.));
#6351=DIRECTION('ref_axis',(0.,0.,-1.));
#6352=DIRECTION('',(0.,0.,-1.));
#6353=DIRECTION('',(0.919615242157257,-0.39282032329304,0.));
#6354=DIRECTION('',(0.,0.,1.));
#6355=DIRECTION('',(-0.919615242157257,0.39282032329304,0.));
#6356=DIRECTION('center_axis',(0.992820322907141,-0.119615243270082,0.));
#6357=DIRECTION('ref_axis',(0.,0.,-1.));
#6358=DIRECTION('',(0.,0.,1.));
#6359=DIRECTION('',(-0.119615243270082,-0.992820322907141,0.));
#6360=DIRECTION('',(0.,0.,-1.));
#6361=DIRECTION('',(0.119615243270082,0.992820322907141,0.));
#6362=DIRECTION('center_axis',(-0.617449234572468,-0.786610731382349,0.));
#6363=DIRECTION('ref_axis',(0.,0.,1.));
#6364=DIRECTION('',(0.,0.,-1.));
#6365=DIRECTION('',(0.786610731382349,-0.617449234572467,0.));
#6366=DIRECTION('',(0.,0.,1.));
#6367=DIRECTION('',(-0.786610731382349,0.617449234572467,0.));
#6368=DIRECTION('center_axis',(0.928032088185559,-0.372500259460247,0.));
#6369=DIRECTION('ref_axis',(0.,0.,-1.));
#6370=DIRECTION('',(0.,0.,1.));
#6371=DIRECTION('',(-0.372500259460247,-0.928032088185559,0.));
#6372=DIRECTION('',(0.,0.,-1.));
#6373=DIRECTION('',(0.372500259460247,0.928032088185559,0.));
#6374=DIRECTION('center_axis',(0.,0.,1.));
#6375=DIRECTION('ref_axis',(1.,0.,0.));
#6376=DIRECTION('center_axis',(1.54215974468558E-15,-6.81054411040929E-15,
-1.));
#6377=DIRECTION('ref_axis',(-0.975308679820393,0.220846052867155,-3.00816356932299E-15));
#6378=DIRECTION('',(0.,0.,-1.));
#6379=DIRECTION('center_axis',(0.,0.,1.));
#6380=DIRECTION('ref_axis',(1.,0.,0.));
#6381=DIRECTION('',(0.,0.,1.));
#6382=DIRECTION('center_axis',(0.975308679833777,0.220846052808047,0.));
#6383=DIRECTION('ref_axis',(0.,0.,-1.));
#6384=DIRECTION('',(0.220846052808047,-0.975308679833777,0.));
#6385=DIRECTION('',(0.,0.,-1.));
#6386=DIRECTION('',(-0.220846052808047,0.975308679833777,0.));
#6387=DIRECTION('',(0.,0.,1.));
#6388=DIRECTION('center_axis',(-0.975308679833777,0.220846052808047,0.));
#6389=DIRECTION('ref_axis',(0.,0.,1.));
#6390=DIRECTION('',(0.220846052808047,0.975308679833777,0.));
#6391=DIRECTION('',(0.,0.,-1.));
#6392=DIRECTION('',(-0.220846052808047,-0.975308679833777,0.));
#6393=DIRECTION('',(0.,0.,1.));
#6394=DIRECTION('center_axis',(0.,0.,-1.));
#6395=DIRECTION('ref_axis',(-1.,0.,0.));
#6396=DIRECTION('',(0.220846052808047,-0.975308679833777,0.));
#6397=DIRECTION('',(0.955065119685265,0.29639604781537,0.));
#6398=DIRECTION('center_axis',(0.,-6.98296267768627E-15,-1.));
#6399=DIRECTION('ref_axis',(-0.29639604780173,0.955065119689498,-6.66918408555173E-15));
#6400=DIRECTION('',(-0.734219066842991,-0.678912631996347,0.));
#6401=DIRECTION('',(0.734219066842991,-0.678912631996347,0.));
#6402=DIRECTION('center_axis',(0.,-6.98296267768627E-15,-1.));
#6403=DIRECTION('ref_axis',(0.678912632018657,0.734219066822362,-5.12702434086619E-15));
#6404=DIRECTION('',(-0.955065119685265,0.29639604781537,0.));
#6405=DIRECTION('',(-0.220846052808047,-0.975308679833777,0.));
#6406=DIRECTION('center_axis',(-1.54215974468558E-15,6.81054411040929E-15,
-1.));
#6407=DIRECTION('ref_axis',(0.975308679820396,-0.220846052867141,-3.0081635693229E-15));
#6408=DIRECTION('',(-0.220846052808047,0.975308679833777,0.));
#6409=DIRECTION('',(-0.955065119685265,-0.29639604781537,0.));
#6410=DIRECTION('center_axis',(5.12702434086612E-15,4.74082157079611E-15,
-1.));
#6411=DIRECTION('ref_axis',(0.296396047801737,-0.955065119689496,-3.0081635693229E-15));
#6412=DIRECTION('',(0.734219066842991,0.678912631996347,0.));
#6413=DIRECTION('',(-0.734219066842991,0.678912631996347,0.));
#6414=DIRECTION('center_axis',(6.66918408555173E-15,-2.0697225396132E-15,
-1.));
#6415=DIRECTION('ref_axis',(-0.678912632018672,-0.734219066822348,-3.00816356932298E-15));
#6416=DIRECTION('',(0.955065119685265,-0.29639604781537,0.));
#6417=DIRECTION('',(0.220846052808047,0.975308679833777,0.));
#6418=DIRECTION('center_axis',(1.54215974468558E-15,-6.81054411040929E-15,
-1.));
#6419=DIRECTION('ref_axis',(-0.975308679820393,0.220846052867155,-3.00816356932299E-15));
#6420=DIRECTION('center_axis',(0.,0.,1.));
#6421=DIRECTION('ref_axis',(1.,0.,0.));
#6422=DIRECTION('center_axis',(0.,0.,1.));
#6423=DIRECTION('ref_axis',(1.,0.,0.));
#6424=DIRECTION('center_axis',(0.,0.,1.));
#6425=DIRECTION('ref_axis',(1.,0.,0.));
#6426=DIRECTION('center_axis',(0.,0.,1.));
#6427=DIRECTION('ref_axis',(1.,0.,0.));
#6428=DIRECTION('center_axis',(0.,0.,1.));
#6429=DIRECTION('ref_axis',(1.,0.,0.));
#6430=DIRECTION('center_axis',(0.,0.,1.));
#6431=DIRECTION('ref_axis',(1.,0.,0.));
#6432=DIRECTION('center_axis',(0.,0.,1.));
#6433=DIRECTION('ref_axis',(1.,0.,0.));
#6434=DIRECTION('center_axis',(0.,0.,1.));
#6435=DIRECTION('ref_axis',(1.,0.,0.));
#6436=DIRECTION('center_axis',(0.,0.,1.));
#6437=DIRECTION('ref_axis',(1.,0.,0.));
#6438=DIRECTION('center_axis',(0.,0.,1.));
#6439=DIRECTION('ref_axis',(1.,0.,0.));
#6440=DIRECTION('center_axis',(0.,0.,1.));
#6441=DIRECTION('ref_axis',(1.,0.,0.));
#6442=DIRECTION('center_axis',(0.,0.,1.));
#6443=DIRECTION('ref_axis',(1.,0.,0.));
#6444=DIRECTION('center_axis',(0.,0.,1.));
#6445=DIRECTION('ref_axis',(1.,0.,0.));
#6446=DIRECTION('center_axis',(0.,0.,1.));
#6447=DIRECTION('ref_axis',(1.,0.,0.));
#6448=DIRECTION('center_axis',(0.,0.,1.));
#6449=DIRECTION('ref_axis',(1.,0.,0.));
#6450=DIRECTION('center_axis',(0.,0.,1.));
#6451=DIRECTION('ref_axis',(1.,0.,0.));
#6452=DIRECTION('center_axis',(0.,0.,1.));
#6453=DIRECTION('ref_axis',(1.,0.,0.));
#6454=DIRECTION('center_axis',(0.,0.,1.));
#6455=DIRECTION('ref_axis',(1.,0.,0.));
#6456=DIRECTION('center_axis',(0.,0.,1.));
#6457=DIRECTION('ref_axis',(1.,0.,0.));
#6458=DIRECTION('center_axis',(0.,0.,1.));
#6459=DIRECTION('ref_axis',(1.,0.,0.));
#6460=DIRECTION('center_axis',(0.,-6.98296267768627E-15,-1.));
#6461=DIRECTION('ref_axis',(-1.,-6.98296267768627E-15,4.87617677579594E-29));
#6462=DIRECTION('',(0.,0.,-1.));
#6463=DIRECTION('center_axis',(0.,0.,1.));
#6464=DIRECTION('ref_axis',(1.,0.,0.));
#6465=DIRECTION('',(0.,0.,1.));
#6466=DIRECTION('center_axis',(0.,0.,1.));
#6467=DIRECTION('ref_axis',(1.,0.,0.));
#6468=DIRECTION('center_axis',(0.,-6.98296267768627E-15,-1.));
#6469=DIRECTION('ref_axis',(-1.,-6.98296267768627E-15,4.87617677579594E-29));
#6470=DIRECTION('',(0.,0.,-1.));
#6471=DIRECTION('center_axis',(0.,0.,1.));
#6472=DIRECTION('ref_axis',(1.,0.,0.));
#6473=DIRECTION('',(0.,0.,1.));
#6474=DIRECTION('center_axis',(0.,0.,1.));
#6475=DIRECTION('ref_axis',(1.,0.,0.));
#6476=DIRECTION('center_axis',(0.,-6.98296267768627E-15,-1.));
#6477=DIRECTION('ref_axis',(-1.,-6.98296267768627E-15,4.87617677579594E-29));
#6478=DIRECTION('',(0.,0.,-1.));
#6479=DIRECTION('center_axis',(0.,0.,1.));
#6480=DIRECTION('ref_axis',(1.,0.,0.));
#6481=DIRECTION('',(0.,0.,1.));
#6482=DIRECTION('center_axis',(0.,0.,1.));
#6483=DIRECTION('ref_axis',(-0.866025403756635,0.500000000048158,0.));
#6484=DIRECTION('center_axis',(6.66918408555173E-15,-2.0697225396132E-15,
-1.));
#6485=DIRECTION('ref_axis',(-0.678912632018672,-0.734219066822348,-3.00816356932298E-15));
#6486=DIRECTION('',(0.,0.,-1.));
#6487=DIRECTION('center_axis',(0.,0.,1.));
#6488=DIRECTION('ref_axis',(1.,0.,0.));
#6489=DIRECTION('',(0.,0.,1.));
#6490=DIRECTION('center_axis',(0.29639604781537,0.955065119685265,0.));
#6491=DIRECTION('ref_axis',(0.,0.,1.));
#6492=DIRECTION('',(0.955065119685265,-0.29639604781537,0.));
#6493=DIRECTION('',(0.,0.,-1.));
#6494=DIRECTION('',(-0.955065119685265,0.29639604781537,0.));
#6495=DIRECTION('',(0.,0.,1.));
#6496=DIRECTION('center_axis',(-0.678912631996347,-0.734219066842991,0.));
#6497=DIRECTION('ref_axis',(0.,0.,1.));
#6498=DIRECTION('',(-0.734219066842991,0.678912631996347,0.));
#6499=DIRECTION('',(0.,0.,-1.));
#6500=DIRECTION('',(0.734219066842991,-0.678912631996347,0.));
#6501=DIRECTION('',(0.,0.,1.));
#6502=DIRECTION('center_axis',(0.,0.,1.));
#6503=DIRECTION('ref_axis',(1.,0.,0.));
#6504=DIRECTION('center_axis',(0.,-6.98296267768627E-15,-1.));
#6505=DIRECTION('ref_axis',(-1.,-6.98296267768627E-15,4.87617677579594E-29));
#6506=DIRECTION('',(0.,0.,-1.));
#6507=DIRECTION('center_axis',(0.,0.,1.));
#6508=DIRECTION('ref_axis',(1.,0.,0.));
#6509=DIRECTION('',(0.,0.,1.));
#6510=DIRECTION('center_axis',(0.,0.,1.));
#6511=DIRECTION('ref_axis',(1.,0.,0.));
#6512=DIRECTION('center_axis',(0.,-6.98296267768627E-15,-1.));
#6513=DIRECTION('ref_axis',(-1.,-6.98296267768627E-15,4.87617677579594E-29));
#6514=DIRECTION('',(0.,0.,-1.));
#6515=DIRECTION('center_axis',(0.,0.,1.));
#6516=DIRECTION('ref_axis',(1.,0.,0.));
#6517=DIRECTION('',(0.,0.,1.));
#6518=DIRECTION('center_axis',(0.,0.,1.));
#6519=DIRECTION('ref_axis',(1.,0.,0.));
#6520=DIRECTION('center_axis',(0.,-6.98296267768627E-15,-1.));
#6521=DIRECTION('ref_axis',(-1.,-6.98296267768627E-15,4.87617677579594E-29));
#6522=DIRECTION('',(0.,0.,-1.));
#6523=DIRECTION('center_axis',(0.,0.,1.));
#6524=DIRECTION('ref_axis',(1.,0.,0.));
#6525=DIRECTION('',(0.,0.,1.));
#6526=DIRECTION('center_axis',(0.,0.,1.));
#6527=DIRECTION('ref_axis',(-0.866025403756635,-0.500000000048158,0.));
#6528=DIRECTION('center_axis',(5.12702434086612E-15,4.74082157079611E-15,
-1.));
#6529=DIRECTION('ref_axis',(0.296396047801737,-0.955065119689496,-3.0081635693229E-15));
#6530=DIRECTION('',(0.,0.,-1.));
#6531=DIRECTION('center_axis',(0.,0.,1.));
#6532=DIRECTION('ref_axis',(1.,0.,0.));
#6533=DIRECTION('',(0.,0.,1.));
#6534=DIRECTION('center_axis',(-0.678912631996347,0.734219066842991,0.));
#6535=DIRECTION('ref_axis',(0.,0.,1.));
#6536=DIRECTION('',(0.734219066842991,0.678912631996347,0.));
#6537=DIRECTION('',(0.,0.,-1.));
#6538=DIRECTION('',(-0.734219066842991,-0.678912631996347,0.));
#6539=DIRECTION('',(0.,0.,1.));
#6540=DIRECTION('center_axis',(0.29639604781537,-0.955065119685265,0.));
#6541=DIRECTION('ref_axis',(0.,0.,-1.));
#6542=DIRECTION('',(-0.955065119685265,-0.29639604781537,0.));
#6543=DIRECTION('',(0.,0.,-1.));
#6544=DIRECTION('',(0.955065119685265,0.29639604781537,0.));
#6545=DIRECTION('',(0.,0.,1.));
#6546=DIRECTION('center_axis',(0.,0.,1.));
#6547=DIRECTION('ref_axis',(1.,0.,0.));
#6548=DIRECTION('center_axis',(0.,-6.98296267768627E-15,-1.));
#6549=DIRECTION('ref_axis',(-1.,-6.98296267768627E-15,4.87617677579594E-29));
#6550=DIRECTION('',(0.,0.,-1.));
#6551=DIRECTION('center_axis',(0.,0.,1.));
#6552=DIRECTION('ref_axis',(1.,0.,0.));
#6553=DIRECTION('',(0.,0.,1.));
#6554=DIRECTION('center_axis',(0.,0.,1.));
#6555=DIRECTION('ref_axis',(1.,0.,0.));
#6556=DIRECTION('center_axis',(0.,-6.98296267768627E-15,-1.));
#6557=DIRECTION('ref_axis',(-1.,-6.98296267768627E-15,4.87617677579594E-29));
#6558=DIRECTION('',(0.,0.,-1.));
#6559=DIRECTION('center_axis',(0.,0.,1.));
#6560=DIRECTION('ref_axis',(1.,0.,0.));
#6561=DIRECTION('',(0.,0.,1.));
#6562=DIRECTION('center_axis',(0.,0.,1.));
#6563=DIRECTION('ref_axis',(1.,0.,0.));
#6564=DIRECTION('center_axis',(0.,-6.98296267768627E-15,-1.));
#6565=DIRECTION('ref_axis',(-1.,-6.98296267768627E-15,4.87617677579594E-29));
#6566=DIRECTION('',(0.,0.,-1.));
#6567=DIRECTION('center_axis',(0.,0.,1.));
#6568=DIRECTION('ref_axis',(1.,0.,0.));
#6569=DIRECTION('',(0.,0.,1.));
#6570=DIRECTION('center_axis',(0.,0.,1.));
#6571=DIRECTION('ref_axis',(1.,0.,0.));
#6572=DIRECTION('center_axis',(-1.54215974468558E-15,6.81054411040929E-15,
-1.));
#6573=DIRECTION('ref_axis',(0.975308679820396,-0.220846052867141,-3.0081635693229E-15));
#6574=DIRECTION('',(0.,0.,-1.));
#6575=DIRECTION('center_axis',(0.,0.,1.));
#6576=DIRECTION('ref_axis',(1.,0.,0.));
#6577=DIRECTION('',(0.,0.,1.));
#6578=DIRECTION('center_axis',(-0.975308679833777,-0.220846052808047,0.));
#6579=DIRECTION('ref_axis',(0.,0.,1.));
#6580=DIRECTION('',(-0.220846052808047,0.975308679833777,0.));
#6581=DIRECTION('',(0.,0.,-1.));
#6582=DIRECTION('',(0.220846052808047,-0.975308679833777,0.));
#6583=DIRECTION('',(0.,0.,1.));
#6584=DIRECTION('center_axis',(0.975308679833777,-0.220846052808047,0.));
#6585=DIRECTION('ref_axis',(0.,0.,-1.));
#6586=DIRECTION('',(-0.220846052808047,-0.975308679833777,0.));
#6587=DIRECTION('',(0.,0.,-1.));
#6588=DIRECTION('',(0.220846052808047,0.975308679833777,0.));
#6589=DIRECTION('',(0.,0.,1.));
#6590=DIRECTION('center_axis',(0.,0.,1.));
#6591=DIRECTION('ref_axis',(1.,0.,0.));
#6592=DIRECTION('center_axis',(0.,-6.98296267768627E-15,-1.));
#6593=DIRECTION('ref_axis',(-1.,-6.98296267768627E-15,4.87617677579594E-29));
#6594=DIRECTION('',(0.,0.,-1.));
#6595=DIRECTION('center_axis',(0.,0.,1.));
#6596=DIRECTION('ref_axis',(1.,0.,0.));
#6597=DIRECTION('',(0.,0.,1.));
#6598=DIRECTION('center_axis',(0.,0.,1.));
#6599=DIRECTION('ref_axis',(1.,0.,0.));
#6600=DIRECTION('center_axis',(0.,-6.98296267768627E-15,-1.));
#6601=DIRECTION('ref_axis',(-1.,-6.98296267768627E-15,4.87617677579594E-29));
#6602=DIRECTION('',(0.,0.,-1.));
#6603=DIRECTION('center_axis',(0.,0.,1.));
#6604=DIRECTION('ref_axis',(1.,0.,0.));
#6605=DIRECTION('',(0.,0.,1.));
#6606=DIRECTION('center_axis',(0.,0.,1.));
#6607=DIRECTION('ref_axis',(1.,0.,0.));
#6608=DIRECTION('center_axis',(0.,-6.98296267768627E-15,-1.));
#6609=DIRECTION('ref_axis',(-1.,-6.98296267768627E-15,4.87617677579594E-29));
#6610=DIRECTION('',(0.,0.,-1.));
#6611=DIRECTION('center_axis',(0.,0.,1.));
#6612=DIRECTION('ref_axis',(1.,0.,0.));
#6613=DIRECTION('',(0.,0.,1.));
#6614=DIRECTION('center_axis',(0.,0.,1.));
#6615=DIRECTION('ref_axis',(1.,0.,0.));
#6616=DIRECTION('',(0.,0.,-1.));
#6617=DIRECTION('center_axis',(0.,0.,1.));
#6618=DIRECTION('ref_axis',(1.,0.,0.));
#6619=DIRECTION('',(0.,0.,1.));
#6620=DIRECTION('center_axis',(0.,-6.98296267768627E-15,-1.));
#6621=DIRECTION('ref_axis',(0.678912632018657,0.734219066822362,-5.12702434086619E-15));
#6622=DIRECTION('center_axis',(-0.29639604781537,-0.955065119685265,0.));
#6623=DIRECTION('ref_axis',(0.,0.,-1.));
#6624=DIRECTION('',(-0.955065119685265,0.29639604781537,0.));
#6625=DIRECTION('',(0.,0.,-1.));
#6626=DIRECTION('',(0.955065119685265,-0.29639604781537,0.));
#6627=DIRECTION('',(0.,0.,1.));
#6628=DIRECTION('center_axis',(0.678912631996347,0.734219066842991,0.));
#6629=DIRECTION('ref_axis',(0.,0.,-1.));
#6630=DIRECTION('',(0.734219066842991,-0.678912631996347,0.));
#6631=DIRECTION('',(0.,0.,-1.));
#6632=DIRECTION('',(-0.734219066842991,0.678912631996347,0.));
#6633=DIRECTION('',(0.,0.,1.));
#6634=DIRECTION('center_axis',(0.,0.,1.));
#6635=DIRECTION('ref_axis',(1.,0.,0.));
#6636=DIRECTION('center_axis',(0.,-6.98296267768627E-15,-1.));
#6637=DIRECTION('ref_axis',(-1.,-6.98296267768627E-15,4.87617677579594E-29));
#6638=DIRECTION('',(0.,0.,-1.));
#6639=DIRECTION('center_axis',(0.,0.,1.));
#6640=DIRECTION('ref_axis',(1.,0.,0.));
#6641=DIRECTION('',(0.,0.,1.));
#6642=DIRECTION('center_axis',(0.,0.,1.));
#6643=DIRECTION('ref_axis',(1.,0.,0.));
#6644=DIRECTION('center_axis',(0.,-6.98296267768627E-15,-1.));
#6645=DIRECTION('ref_axis',(-1.,-6.98296267768627E-15,4.87617677579594E-29));
#6646=DIRECTION('',(0.,0.,-1.));
#6647=DIRECTION('center_axis',(0.,0.,1.));
#6648=DIRECTION('ref_axis',(1.,0.,0.));
#6649=DIRECTION('',(0.,0.,1.));
#6650=DIRECTION('center_axis',(0.,0.,1.));
#6651=DIRECTION('ref_axis',(1.,0.,0.));
#6652=DIRECTION('center_axis',(0.,-6.98296267768627E-15,-1.));
#6653=DIRECTION('ref_axis',(-1.,-6.98296267768627E-15,4.87617677579594E-29));
#6654=DIRECTION('',(0.,0.,-1.));
#6655=DIRECTION('center_axis',(0.,0.,1.));
#6656=DIRECTION('ref_axis',(1.,0.,0.));
#6657=DIRECTION('',(0.,0.,1.));
#6658=DIRECTION('center_axis',(0.,0.,1.));
#6659=DIRECTION('ref_axis',(1.,0.,0.));
#6660=DIRECTION('',(0.,0.,-1.));
#6661=DIRECTION('center_axis',(0.,0.,1.));
#6662=DIRECTION('ref_axis',(1.,0.,0.));
#6663=DIRECTION('',(0.,0.,1.));
#6664=DIRECTION('center_axis',(0.,-6.98296267768627E-15,-1.));
#6665=DIRECTION('ref_axis',(-0.29639604780173,0.955065119689498,-6.66918408555173E-15));
#6666=DIRECTION('center_axis',(0.678912631996347,-0.734219066842991,0.));
#6667=DIRECTION('ref_axis',(0.,0.,-1.));
#6668=DIRECTION('',(-0.734219066842991,-0.678912631996347,0.));
#6669=DIRECTION('',(0.,0.,-1.));
#6670=DIRECTION('',(0.734219066842991,0.678912631996347,0.));
#6671=DIRECTION('',(0.,0.,1.));
#6672=DIRECTION('center_axis',(-0.29639604781537,0.955065119685265,0.));
#6673=DIRECTION('ref_axis',(0.,0.,1.));
#6674=DIRECTION('',(0.955065119685265,0.29639604781537,0.));
#6675=DIRECTION('',(0.,0.,-1.));
#6676=DIRECTION('',(-0.955065119685265,-0.29639604781537,0.));
#6677=DIRECTION('',(0.,0.,1.));
#6678=DIRECTION('center_axis',(0.,0.,1.));
#6679=DIRECTION('ref_axis',(1.,0.,0.));
#6680=DIRECTION('center_axis',(0.,-6.98296267768627E-15,-1.));
#6681=DIRECTION('ref_axis',(-1.,-6.98296267768627E-15,4.87617677579594E-29));
#6682=DIRECTION('',(0.,0.,-1.));
#6683=DIRECTION('center_axis',(0.,0.,1.));
#6684=DIRECTION('ref_axis',(1.,0.,0.));
#6685=DIRECTION('',(0.,0.,1.));
#6686=DIRECTION('center_axis',(0.,0.,1.));
#6687=DIRECTION('ref_axis',(1.,0.,0.));
#6688=DIRECTION('center_axis',(0.,-6.98296267768627E-15,-1.));
#6689=DIRECTION('ref_axis',(-1.,-6.98296267768627E-15,4.87617677579594E-29));
#6690=DIRECTION('',(0.,0.,-1.));
#6691=DIRECTION('center_axis',(0.,0.,1.));
#6692=DIRECTION('ref_axis',(1.,0.,0.));
#6693=DIRECTION('',(0.,0.,1.));
#6694=DIRECTION('center_axis',(0.,0.,1.));
#6695=DIRECTION('ref_axis',(1.,0.,0.));
#6696=DIRECTION('center_axis',(0.,-6.98296267768627E-15,-1.));
#6697=DIRECTION('ref_axis',(-1.,-6.98296267768627E-15,4.87617677579594E-29));
#6698=DIRECTION('',(0.,0.,-1.));
#6699=DIRECTION('center_axis',(0.,0.,1.));
#6700=DIRECTION('ref_axis',(1.,0.,0.));
#6701=DIRECTION('',(0.,0.,1.));
#6702=DIRECTION('center_axis',(0.,0.,1.));
#6703=DIRECTION('ref_axis',(1.,0.,0.));
#6704=DIRECTION('center_axis',(0.,-6.98296267768627E-15,-1.));
#6705=DIRECTION('ref_axis',(-1.,-6.98296267768627E-15,4.87617677579594E-29));
#6706=DIRECTION('',(0.,0.,-1.));
#6707=DIRECTION('center_axis',(0.,0.,1.));
#6708=DIRECTION('ref_axis',(1.,0.,0.));
#6709=DIRECTION('',(0.,0.,1.));
#6710=DIRECTION('center_axis',(0.,0.,1.));
#6711=DIRECTION('ref_axis',(1.,0.,0.));
#6712=DIRECTION('center_axis',(0.,0.,1.));
#6713=DIRECTION('ref_axis',(1.,0.,0.));
#6714=DIRECTION('center_axis',(0.,6.98296267768627E-15,-1.));
#6715=DIRECTION('ref_axis',(1.,-7.105427357601E-15,-4.96169340471387E-29));
#6716=DIRECTION('center_axis',(-1.56231812008925E-11,1.30575855447725E-10,
1.));
#6717=DIRECTION('ref_axis',(1.,0.,1.5623182485639E-11));
#6718=DIRECTION('center_axis',(-1.22464679914735E-16,-1.,6.12323399573677E-17));
#6719=DIRECTION('ref_axis',(-1.,1.22464679914735E-16,0.));
#6720=DIRECTION('center_axis',(0.,0.,1.));
#6721=DIRECTION('ref_axis',(1.,0.,0.));
#6722=DIRECTION('center_axis',(0.,-1.,6.12323399573677E-17));
#6723=DIRECTION('ref_axis',(1.40271576953299E-14,-6.12323399573677E-17,
-1.));
#6724=DIRECTION('center_axis',(0.,6.98296267768627E-15,-1.));
#6725=DIRECTION('ref_axis',(1.,-7.105427357601E-15,-4.96169340471387E-29));
#6726=DIRECTION('center_axis',(0.,0.,1.));
#6727=DIRECTION('ref_axis',(1.,0.,0.));
#6728=DIRECTION('center_axis',(0.,-6.98296267768627E-15,-1.));
#6729=DIRECTION('ref_axis',(-1.,-6.98296267768627E-15,4.87617677579594E-29));
#6730=DIRECTION('',(0.,0.,-1.));
#6731=DIRECTION('center_axis',(0.,0.,1.));
#6732=DIRECTION('ref_axis',(1.,0.,0.));
#6733=DIRECTION('',(0.,0.,1.));
#6734=DIRECTION('center_axis',(0.,0.,1.));
#6735=DIRECTION('ref_axis',(1.,0.,0.));
#6736=DIRECTION('center_axis',(0.,0.,1.));
#6737=DIRECTION('ref_axis',(1.,0.,0.));
#6738=DIRECTION('center_axis',(0.,-6.98296267768627E-15,-1.));
#6739=DIRECTION('ref_axis',(-1.,-6.98296267768627E-15,4.87617677579594E-29));
#6740=DIRECTION('center_axis',(0.,0.,1.));
#6741=DIRECTION('ref_axis',(1.,0.,0.));
#6742=DIRECTION('',(0.,0.,-1.));
#6743=DIRECTION('center_axis',(0.,0.,1.));
#6744=DIRECTION('ref_axis',(1.,0.,0.));
#6745=DIRECTION('',(0.,0.,1.));
#6746=DIRECTION('center_axis',(8.55166289179392E-31,6.98296267768627E-15,
-1.));
#6747=DIRECTION('ref_axis',(1.,-7.35035671743047E-15,-5.04721003363181E-29));
#6748=DIRECTION('center_axis',(1.6730523668667E-11,-1.34697441415467E-10,
1.));
#6749=DIRECTION('ref_axis',(1.,0.,-1.67304392604871E-11));
#6750=DIRECTION('center_axis',(-1.22464679914735E-16,-1.,6.12323399573677E-17));
#6751=DIRECTION('ref_axis',(1.,-1.22464679914735E-16,1.22464679914735E-16));
#6752=DIRECTION('center_axis',(0.,0.,1.));
#6753=DIRECTION('ref_axis',(1.,0.,0.));
#6754=DIRECTION('center_axis',(0.,-1.,6.12323399573677E-17));
#6755=DIRECTION('ref_axis',(6.12323399573677E-17,6.12323399573677E-17,1.));
#6756=DIRECTION('center_axis',(8.55166289179392E-31,6.98296267768627E-15,
-1.));
#6757=DIRECTION('ref_axis',(1.,-7.35035671743047E-15,-5.04721003363181E-29));
#6758=DIRECTION('center_axis',(-7.0018922582501E-12,5.7273318404251E-11,
1.));
#6759=DIRECTION('ref_axis',(1.,0.,7.001891129081E-12));
#6760=DIRECTION('center_axis',(-1.22464679914735E-16,-1.,6.12323399573677E-17));
#6761=DIRECTION('ref_axis',(-6.12323399573676E-17,6.12323399573677E-17,
1.));
#6762=DIRECTION('center_axis',(0.,0.,1.));
#6763=DIRECTION('ref_axis',(1.,0.,0.));
#6764=DIRECTION('center_axis',(0.,-1.,6.12323399573677E-17));
#6765=DIRECTION('ref_axis',(1.,0.,0.));
#6766=DIRECTION('center_axis',(8.88057300301676E-31,6.98296267768627E-15,
-1.));
#6767=DIRECTION('ref_axis',(1.,-7.35977707742391E-15,-5.05049913474404E-29));
#6768=DIRECTION('center_axis',(2.44522352602677E-11,-1.96864156201194E-10,
1.));
#6769=DIRECTION('ref_axis',(1.,0.,-2.44523131990687E-11));
#6770=DIRECTION('center_axis',(-1.22464679914735E-16,-1.,6.12323399573677E-17));
#6771=DIRECTION('ref_axis',(1.,-1.22464679914735E-16,1.22464679914735E-16));
#6772=DIRECTION('center_axis',(0.,0.,1.));
#6773=DIRECTION('ref_axis',(1.,0.,0.));
#6774=DIRECTION('center_axis',(0.,-1.,6.12323399573677E-17));
#6775=DIRECTION('ref_axis',(6.12323399573677E-17,6.12323399573677E-17,1.));
#6776=DIRECTION('center_axis',(8.55166289179392E-31,6.98296267768627E-15,
-1.));
#6777=DIRECTION('ref_axis',(1.,-7.35035671743047E-15,-5.04721003363181E-29));
#6778=DIRECTION('',(0.,0.,1.));
#6779=DIRECTION('',(1.,0.,0.));
#6780=CARTESIAN_POINT('',(0.,0.,0.));
#6781=CARTESIAN_POINT('',(0.,0.,0.));
#6782=CARTESIAN_POINT('Origin',(8.13505035904272E-11,2.05895023253078E-10,
4.75000000074921));
#6783=CARTESIAN_POINT('',(3.25,-1.53080849893419E-17,5.));
#6784=CARTESIAN_POINT('',(-3.25,3.9801020972289E-16,5.));
#6785=CARTESIAN_POINT('Origin',(0.,0.,5.));
#6786=CARTESIAN_POINT('',(-3.00000000000001,-3.06161699786835E-17,4.75));
#6787=CARTESIAN_POINT('Origin',(-3.25000000000001,0.,4.75));
#6788=CARTESIAN_POINT('',(3.,2.1316282072803E-14,4.75));
#6789=CARTESIAN_POINT('Origin',(0.,1.57772181044202E-29,4.75));
#6790=CARTESIAN_POINT('Origin',(3.25,0.,4.75));
#6791=CARTESIAN_POINT('Origin',(-2.28721165271284E-11,-1.57511836906821E-9,
4.75000000018842));
#6792=CARTESIAN_POINT('',(3.5,2.13791572294848E-31,4.75));
#6793=CARTESIAN_POINT('',(-3.5,4.28626379701574E-16,4.75));
#6794=CARTESIAN_POINT('Origin',(0.,0.,4.75));
#6795=CARTESIAN_POINT('',(-3.25,-5.7041959730192E-16,5.));
#6796=CARTESIAN_POINT('Origin',(-3.25,-5.55111512312578E-16,4.75));
#6797=CARTESIAN_POINT('',(3.25,2.30926389122032E-14,5.));
#6798=CARTESIAN_POINT('Origin',(0.,-4.73316543132607E-29,5.));
#6799=CARTESIAN_POINT('Origin',(3.25,0.,4.75));
#6800=CARTESIAN_POINT('Origin',(8.13495364820893E-11,2.0589197013976E-10,
4.75000000074921));
#6801=CARTESIAN_POINT('',(4.75,-1.53080849893419E-17,5.));
#6802=CARTESIAN_POINT('',(-4.75,5.81707229594993E-16,5.));
#6803=CARTESIAN_POINT('Origin',(0.,0.,5.));
#6804=CARTESIAN_POINT('',(-4.50000000000001,5.24495342333895E-16,4.75));
#6805=CARTESIAN_POINT('Origin',(-4.75000000000001,5.55111512312578E-16,
4.75));
#6806=CARTESIAN_POINT('',(4.5,3.19744231092045E-14,4.75));
#6807=CARTESIAN_POINT('Origin',(0.,1.57772181044202E-29,4.75));
#6808=CARTESIAN_POINT('Origin',(4.75,0.,4.75));
#6809=CARTESIAN_POINT('Origin',(0.,0.,4.375));
#6810=CARTESIAN_POINT('',(3.5,0.,4.));
#6811=CARTESIAN_POINT('',(-3.5,4.28626379701574E-16,4.));
#6812=CARTESIAN_POINT('Origin',(0.,0.,4.));
#6813=CARTESIAN_POINT('',(-3.5,0.,4.75));
#6814=CARTESIAN_POINT('',(-3.5,0.,4.));
#6815=CARTESIAN_POINT('',(3.5,2.48689957516035E-14,4.75));
#6816=CARTESIAN_POINT('Origin',(0.,1.57772181044202E-29,4.75));
#6817=CARTESIAN_POINT('',(3.5,0.,4.75));
#6818=CARTESIAN_POINT('Origin',(1.11022302462516E-15,0.,4.375));
#6819=CARTESIAN_POINT('',(4.5,0.,4.));
#6820=CARTESIAN_POINT('',(4.5,0.,4.75));
#6821=CARTESIAN_POINT('',(4.5,0.,4.));
#6822=CARTESIAN_POINT('',(-4.5,3.25255141688208E-14,4.75));
#6823=CARTESIAN_POINT('Origin',(-1.75162308040602E-44,-1.57772181044202E-29,
4.75));
#6824=CARTESIAN_POINT('',(-4.5,0.,4.));
#6825=CARTESIAN_POINT('',(-4.5,0.,4.75));
#6826=CARTESIAN_POINT('Origin',(0.,0.,4.));
#6827=CARTESIAN_POINT('Origin',(-7.2416560595312E-11,-4.16087164722967E-10,
0.199999999181044));
#6828=CARTESIAN_POINT('',(4.05,1.22464679914736E-17,-1.38777878078145E-16));
#6829=CARTESIAN_POINT('',(-4.05,4.95981953654678E-16,0.));
#6830=CARTESIAN_POINT('Origin',(0.,0.,0.));
#6831=CARTESIAN_POINT('',(-4.25,7.87771265412742E-16,0.2));
#6832=CARTESIAN_POINT('Origin',(-4.05,7.63278329429795E-16,0.2));
#6833=CARTESIAN_POINT('',(4.25,3.12390160490795E-14,0.199999999999999));
#6834=CARTESIAN_POINT('Origin',(-1.56003930598661E-45,-3.94430452610506E-30,
0.199999999999999));
#6835=CARTESIAN_POINT('Origin',(4.05,0.,0.2));
#6836=CARTESIAN_POINT('Origin',(-5.55111512312578E-16,0.,4.375));
#6837=CARTESIAN_POINT('',(3.,0.,4.));
#6838=CARTESIAN_POINT('',(3.,0.,4.75));
#6839=CARTESIAN_POINT('',(3.,0.,4.));
#6840=CARTESIAN_POINT('',(-3.,2.16836761125472E-14,4.75));
#6841=CARTESIAN_POINT('Origin',(-2.80259692864963E-44,-1.57772181044202E-29,
4.75));
#6842=CARTESIAN_POINT('',(-3.,0.,4.));
#6843=CARTESIAN_POINT('',(-3.,0.,4.75));
#6844=CARTESIAN_POINT('Origin',(0.,0.,4.));
#6845=CARTESIAN_POINT('Origin',(11.691342951,6.75,4.));
#6846=CARTESIAN_POINT('',(12.691342951,6.75,3.));
#6847=CARTESIAN_POINT('',(12.691342951,6.75,5.));
#6848=CARTESIAN_POINT('',(12.691342951,6.75,3.));
#6849=CARTESIAN_POINT('',(10.691342951,6.75000000000026,4.99999999999995));
#6850=CARTESIAN_POINT('Origin',(11.691342951,6.75000000000025,4.99999999999995));
#6851=CARTESIAN_POINT('',(10.691342951,6.75,3.));
#6852=CARTESIAN_POINT('',(10.691342951,6.75,5.));
#6853=CARTESIAN_POINT('Origin',(11.691342951,6.75,3.));
#6854=CARTESIAN_POINT('Origin',(9.09326674,5.25,4.));
#6855=CARTESIAN_POINT('',(10.09326674,5.25,3.));
#6856=CARTESIAN_POINT('',(10.09326674,5.25,5.));
#6857=CARTESIAN_POINT('',(10.09326674,5.25,3.));
#6858=CARTESIAN_POINT('',(8.09326674,5.25000000000018,4.99999999999996));
#6859=CARTESIAN_POINT('Origin',(9.09326674,5.25000000000017,4.99999999999996));
#6860=CARTESIAN_POINT('',(8.09326674,5.25,3.));
#6861=CARTESIAN_POINT('',(8.09326674,5.25,5.));
#6862=CARTESIAN_POINT('Origin',(9.09326674,5.25,3.));
#6863=CARTESIAN_POINT('Origin',(6.495190528,3.75,4.));
#6864=CARTESIAN_POINT('',(7.495190528,3.75,3.));
#6865=CARTESIAN_POINT('',(7.495190528,3.75,5.));
#6866=CARTESIAN_POINT('',(7.495190528,3.75,3.));
#6867=CARTESIAN_POINT('',(5.495190528,3.75000000000016,4.99999999999997));
#6868=CARTESIAN_POINT('Origin',(6.495190528,3.75000000000015,4.99999999999997));
#6869=CARTESIAN_POINT('',(5.495190528,3.75,3.));
#6870=CARTESIAN_POINT('',(5.495190528,3.75,5.));
#6871=CARTESIAN_POINT('Origin',(6.495190528,3.75,3.));
#6872=CARTESIAN_POINT('Origin',(12.124355653,7.,4.));
#6873=CARTESIAN_POINT('',(13.482180917,5.531561866,3.));
#6874=CARTESIAN_POINT('',(14.1243556532355,7.,3.));
#6875=CARTESIAN_POINT('Origin',(12.124355653,7.,3.));
#6876=CARTESIAN_POINT('',(14.124355653,7.,5.));
#6877=CARTESIAN_POINT('',(14.124355653,7.,3.));
#6878=CARTESIAN_POINT('',(13.4821809168401,5.53156186617321,4.99999999999997));
#6879=CARTESIAN_POINT('Origin',(12.124355653,7.00000000000031,4.99999999999997));
#6880=CARTESIAN_POINT('',(13.482180917,5.531561866,5.));
#6881=CARTESIAN_POINT('Origin',(11.691342951,-6.75,4.));
#6882=CARTESIAN_POINT('',(12.691342951,-6.75,3.));
#6883=CARTESIAN_POINT('',(12.691342951,-6.75,5.));
#6884=CARTESIAN_POINT('',(12.691342951,-6.75,3.));
#6885=CARTESIAN_POINT('',(10.691342951,-6.74999999999974,5.));
#6886=CARTESIAN_POINT('Origin',(11.691342951,-6.74999999999975,5.));
#6887=CARTESIAN_POINT('',(10.691342951,-6.75,3.));
#6888=CARTESIAN_POINT('',(10.691342951,-6.75,5.));
#6889=CARTESIAN_POINT('Origin',(11.691342951,-6.75,3.));
#6890=CARTESIAN_POINT('Origin',(9.09326674,-5.25,4.));
#6891=CARTESIAN_POINT('',(10.09326674,-5.25,3.));
#6892=CARTESIAN_POINT('',(10.09326674,-5.25,5.));
#6893=CARTESIAN_POINT('',(10.09326674,-5.25,3.));
#6894=CARTESIAN_POINT('',(8.09326674,-5.24999999999982,5.));
#6895=CARTESIAN_POINT('Origin',(9.09326674,-5.24999999999983,5.));
#6896=CARTESIAN_POINT('',(8.09326674,-5.25,3.));
#6897=CARTESIAN_POINT('',(8.09326674,-5.25,5.));
#6898=CARTESIAN_POINT('Origin',(9.09326674,-5.25,3.));
#6899=CARTESIAN_POINT('Origin',(6.495190528,-3.75,4.));
#6900=CARTESIAN_POINT('',(7.495190528,-3.75,3.));
#6901=CARTESIAN_POINT('',(7.495190528,-3.75,5.));
#6902=CARTESIAN_POINT('',(7.495190528,-3.75,3.));
#6903=CARTESIAN_POINT('',(5.495190528,-3.74999999999988,5.));
#6904=CARTESIAN_POINT('Origin',(6.495190528,-3.74999999999988,5.));
#6905=CARTESIAN_POINT('',(5.495190528,-3.75,3.));
#6906=CARTESIAN_POINT('',(5.495190528,-3.75,5.));
#6907=CARTESIAN_POINT('Origin',(6.495190528,-3.75,3.));
#6908=CARTESIAN_POINT('Origin',(12.124355653,-7.,4.));
#6909=CARTESIAN_POINT('',(11.531563557,-8.910130239,3.));
#6910=CARTESIAN_POINT('',(14.1243556527556,-7.,3.));
#6911=CARTESIAN_POINT('Origin',(12.124355653,-7.,3.));
#6912=CARTESIAN_POINT('',(14.124355653,-7.,5.));
#6913=CARTESIAN_POINT('',(14.124355653,-7.,3.));
#6914=CARTESIAN_POINT('',(11.5315635569275,-8.9101302392332,5.00000000000003));
#6915=CARTESIAN_POINT('Origin',(12.124355653,-6.99999999999976,5.00000000000003));
#6916=CARTESIAN_POINT('',(11.531563557,-8.910130239,5.));
#6917=CARTESIAN_POINT('Origin',(1.38777878078145E-16,-13.5,4.));
#6918=CARTESIAN_POINT('',(1.,-13.5,3.));
#6919=CARTESIAN_POINT('',(1.,-13.5,5.));
#6920=CARTESIAN_POINT('',(1.,-13.5,3.));
#6921=CARTESIAN_POINT('',(-1.,-13.5,5.));
#6922=CARTESIAN_POINT('Origin',(1.57772181044202E-29,-13.5,5.));
#6923=CARTESIAN_POINT('',(-1.,-13.5,3.));
#6924=CARTESIAN_POINT('',(-1.,-13.5,5.));
#6925=CARTESIAN_POINT('Origin',(0.,-13.5,3.));
#6926=CARTESIAN_POINT('Origin',(1.38777878078145E-16,-10.5,4.));
#6927=CARTESIAN_POINT('',(1.,-10.5,3.));
#6928=CARTESIAN_POINT('',(1.,-10.5,5.));
#6929=CARTESIAN_POINT('',(1.,-10.5,3.));
#6930=CARTESIAN_POINT('',(-1.,-10.5,5.));
#6931=CARTESIAN_POINT('Origin',(1.57772181044202E-29,-10.5,5.));
#6932=CARTESIAN_POINT('',(-1.,-10.5,3.));
#6933=CARTESIAN_POINT('',(-1.,-10.5,5.));
#6934=CARTESIAN_POINT('Origin',(0.,-10.5,3.));
#6935=CARTESIAN_POINT('Origin',(1.38777878078145E-16,-7.5,4.));
#6936=CARTESIAN_POINT('',(1.,-7.5,3.));
#6937=CARTESIAN_POINT('',(1.,-7.5,5.));
#6938=CARTESIAN_POINT('',(1.,-7.5,3.));
#6939=CARTESIAN_POINT('',(-1.,-7.49999999999996,5.));
#6940=CARTESIAN_POINT('Origin',(-7.88860905221012E-30,-7.49999999999997,
5.));
#6941=CARTESIAN_POINT('',(-1.,-7.5,3.));
#6942=CARTESIAN_POINT('',(-1.,-7.5,5.));
#6943=CARTESIAN_POINT('Origin',(0.,-7.5,3.));
#6944=CARTESIAN_POINT('Origin',(-11.691342951,-6.75,4.));
#6945=CARTESIAN_POINT('',(-10.691342951,-6.75,3.));
#6946=CARTESIAN_POINT('',(-10.691342951,-6.75,5.));
#6947=CARTESIAN_POINT('',(-10.691342951,-6.75,3.));
#6948=CARTESIAN_POINT('',(-12.691342951,-6.75000000000008,5.));
#6949=CARTESIAN_POINT('Origin',(-11.691342951,-6.75000000000008,5.));
#6950=CARTESIAN_POINT('',(-12.691342951,-6.75,3.));
#6951=CARTESIAN_POINT('',(-12.691342951,-6.75,5.));
#6952=CARTESIAN_POINT('Origin',(-11.691342951,-6.75,3.));
#6953=CARTESIAN_POINT('Origin',(-9.09326674,-5.25,4.));
#6954=CARTESIAN_POINT('',(-8.09326674,-5.25,3.));
#6955=CARTESIAN_POINT('',(-8.09326674,-5.25,5.));
#6956=CARTESIAN_POINT('',(-8.09326674,-5.25,3.));
#6957=CARTESIAN_POINT('',(-10.09326674,-5.25000000000009,5.));
#6958=CARTESIAN_POINT('Origin',(-9.09326674,-5.2500000000001,5.));
#6959=CARTESIAN_POINT('',(-10.09326674,-5.25,3.));
#6960=CARTESIAN_POINT('',(-10.09326674,-5.25,5.));
#6961=CARTESIAN_POINT('Origin',(-9.09326674,-5.25,3.));
#6962=CARTESIAN_POINT('Origin',(-6.495190528,-3.75,4.));
#6963=CARTESIAN_POINT('',(-5.495190528,-3.75,3.));
#6964=CARTESIAN_POINT('',(-5.495190528,-3.75,5.));
#6965=CARTESIAN_POINT('',(-5.495190528,-3.75,3.));
#6966=CARTESIAN_POINT('',(-7.495190528,-3.75000000000005,5.));
#6967=CARTESIAN_POINT('Origin',(-6.495190528,-3.75000000000006,5.));
#6968=CARTESIAN_POINT('',(-7.495190528,-3.75,3.));
#6969=CARTESIAN_POINT('',(-7.495190528,-3.75,5.));
#6970=CARTESIAN_POINT('Origin',(-6.495190528,-3.75,3.));
#6971=CARTESIAN_POINT('Origin',(-11.691342951,6.75,4.));
#6972=CARTESIAN_POINT('',(-10.691342951,6.75,3.));
#6973=CARTESIAN_POINT('',(-10.691342951,6.75,5.));
#6974=CARTESIAN_POINT('',(-10.691342951,6.75,3.));
#6975=CARTESIAN_POINT('',(-12.691342951,6.74999999999993,4.99999999999995));
#6976=CARTESIAN_POINT('Origin',(-11.691342951,6.74999999999992,4.99999999999995));
#6977=CARTESIAN_POINT('',(-12.691342951,6.75,3.));
#6978=CARTESIAN_POINT('',(-12.691342951,6.75,5.));
#6979=CARTESIAN_POINT('Origin',(-11.691342951,6.75,3.));
#6980=CARTESIAN_POINT('Origin',(-9.09326674,5.25,4.));
#6981=CARTESIAN_POINT('',(-8.09326674,5.25,3.));
#6982=CARTESIAN_POINT('',(-8.09326674,5.25,5.));
#6983=CARTESIAN_POINT('',(-8.09326674,5.25,3.));
#6984=CARTESIAN_POINT('',(-10.09326674,5.25000000000001,4.99999999999996));
#6985=CARTESIAN_POINT('Origin',(-9.09326674,5.25,4.99999999999996));
#6986=CARTESIAN_POINT('',(-10.09326674,5.25,3.));
#6987=CARTESIAN_POINT('',(-10.09326674,5.25,5.));
#6988=CARTESIAN_POINT('Origin',(-9.09326674,5.25,3.));
#6989=CARTESIAN_POINT('Origin',(-6.495190528,3.75,4.));
#6990=CARTESIAN_POINT('',(-5.495190528,3.75,3.));
#6991=CARTESIAN_POINT('',(-5.495190528,3.75,5.));
#6992=CARTESIAN_POINT('',(-5.495190528,3.75,3.));
#6993=CARTESIAN_POINT('',(-7.495190528,3.74999999999998,4.99999999999997));
#6994=CARTESIAN_POINT('Origin',(-6.495190528,3.74999999999997,4.99999999999997));
#6995=CARTESIAN_POINT('',(-7.495190528,3.75,3.));
#6996=CARTESIAN_POINT('',(-7.495190528,3.75,5.));
#6997=CARTESIAN_POINT('Origin',(-6.495190528,3.75,3.));
#6998=CARTESIAN_POINT('Origin',(1.38777878078145E-16,13.5,4.));
#6999=CARTESIAN_POINT('',(1.,13.5,3.));
#7000=CARTESIAN_POINT('',(1.,13.5,5.));
#7001=CARTESIAN_POINT('',(1.,13.5,3.));
#7002=CARTESIAN_POINT('',(-1.,13.5,5.00000000000001));
#7003=CARTESIAN_POINT('Origin',(-1.57772181044202E-29,13.5,5.00000000000001));
#7004=CARTESIAN_POINT('',(-1.,13.5,3.));
#7005=CARTESIAN_POINT('',(-1.,13.5,5.));
#7006=CARTESIAN_POINT('Origin',(0.,13.5,3.));
#7007=CARTESIAN_POINT('Origin',(1.38777878078145E-16,10.5,4.));
#7008=CARTESIAN_POINT('',(1.,10.5,3.));
#7009=CARTESIAN_POINT('',(1.,10.5,5.));
#7010=CARTESIAN_POINT('',(1.,10.5,3.));
#7011=CARTESIAN_POINT('',(-1.,10.5,5.00000000000003));
#7012=CARTESIAN_POINT('Origin',(-1.57772181044202E-29,10.5,5.00000000000003));
#7013=CARTESIAN_POINT('',(-1.,10.5,3.));
#7014=CARTESIAN_POINT('',(-1.,10.5,5.));
#7015=CARTESIAN_POINT('Origin',(0.,10.5,3.));
#7016=CARTESIAN_POINT('Origin',(1.38777878078145E-16,7.5,4.));
#7017=CARTESIAN_POINT('',(1.,7.5,3.));
#7018=CARTESIAN_POINT('',(1.,7.5,5.));
#7019=CARTESIAN_POINT('',(1.,7.5,3.));
#7020=CARTESIAN_POINT('',(-1.,7.50000000000004,5.00000000000005));
#7021=CARTESIAN_POINT('Origin',(7.88860905221012E-30,7.50000000000003,5.00000000000005));
#7022=CARTESIAN_POINT('',(-1.,7.5,3.));
#7023=CARTESIAN_POINT('',(-1.,7.5,5.));
#7024=CARTESIAN_POINT('Origin',(0.,7.5,3.));
#7025=CARTESIAN_POINT('Origin',(-1.11022302462516E-15,0.,1.6));
#7026=CARTESIAN_POINT('',(-4.25,0.,3.));
#7027=CARTESIAN_POINT('',(4.25,3.12390160490795E-14,3.));
#7028=CARTESIAN_POINT('Origin',(-3.32808385277144E-44,-1.18329135783152E-29,
3.));
#7029=CARTESIAN_POINT('',(4.25,0.,0.200000000000001));
#7030=CARTESIAN_POINT('',(4.25,0.,3.));
#7031=CARTESIAN_POINT('',(-4.25,5.20474889637625E-16,0.2));
#7032=CARTESIAN_POINT('Origin',(0.,0.,0.2));
#7033=CARTESIAN_POINT('',(-4.25,0.,0.2));
#7034=CARTESIAN_POINT('Origin',(2.77555756156289E-16,0.,3.5));
#7035=CARTESIAN_POINT('',(-1.7,1.18710365520666E-14,4.));
#7036=CARTESIAN_POINT('',(-1.7,0.,3.));
#7037=CARTESIAN_POINT('',(-1.7,0.,4.));
#7038=CARTESIAN_POINT('',(1.7,0.,3.));
#7039=CARTESIAN_POINT('Origin',(0.,0.,3.));
#7040=CARTESIAN_POINT('',(1.7,0.,4.));
#7041=CARTESIAN_POINT('',(1.7,0.,3.));
#7042=CARTESIAN_POINT('Origin',(0.,-1.97215226305253E-29,4.));
#7043=CARTESIAN_POINT('Origin',(2.77555756156289E-16,0.,3.5));
#7044=CARTESIAN_POINT('',(1.7,0.,3.));
#7045=CARTESIAN_POINT('',(-1.7,2.0818995585505E-16,3.));
#7046=CARTESIAN_POINT('Origin',(0.,0.,3.));
#7047=CARTESIAN_POINT('',(-1.7,0.,4.));
#7048=CARTESIAN_POINT('',(-1.7,0.,3.));
#7049=CARTESIAN_POINT('',(1.7,1.24956064196318E-14,4.));
#7050=CARTESIAN_POINT('Origin',(-1.75162308040602E-45,1.97215226305253E-29,
4.));
#7051=CARTESIAN_POINT('',(1.7,0.,4.));
#7052=CARTESIAN_POINT('Origin',(5.55111512312578E-16,0.,1.5));
#7053=CARTESIAN_POINT('',(-1.24228579114021,2.73070064530821,0.));
#7054=CARTESIAN_POINT('',(-1.242285791,2.730700645,3.));
#7055=CARTESIAN_POINT('',(-1.242285791,2.730700645,0.));
#7056=CARTESIAN_POINT('',(-1.05246823653354,2.80932565059446,3.));
#7057=CARTESIAN_POINT('Origin',(5.12759588393658E-29,-8.87468518373638E-30,
3.));
#7058=CARTESIAN_POINT('',(-1.052468236,2.809325651,0.));
#7059=CARTESIAN_POINT('',(-1.052468236,2.809325651,3.));
#7060=CARTESIAN_POINT('Origin',(0.,0.,0.));
#7061=CARTESIAN_POINT('Origin',(5.55111512312578E-16,0.,1.5));
#7062=CARTESIAN_POINT('',(-1.90671326297913,2.31612705497464,0.));
#7063=CARTESIAN_POINT('',(-1.906713263,2.316127055,3.));
#7064=CARTESIAN_POINT('',(-1.906713263,2.316127055,0.));
#7065=CARTESIAN_POINT('',(-1.74371323328554,2.44120137638518,3.));
#7066=CARTESIAN_POINT('Origin',(3.94430452610506E-29,0.,3.));
#7067=CARTESIAN_POINT('',(-1.743713233,2.441201377,0.));
#7068=CARTESIAN_POINT('',(-1.743713233,2.441201377,3.));
#7069=CARTESIAN_POINT('Origin',(0.,0.,0.));
#7070=CARTESIAN_POINT('Origin',(5.55111512312578E-16,0.,1.5));
#7071=CARTESIAN_POINT('',(-2.44120137702673,1.74371323301909,0.));
#7072=CARTESIAN_POINT('',(-2.441201377,1.743713233,3.));
#7073=CARTESIAN_POINT('',(-2.441201377,1.743713233,0.));
#7074=CARTESIAN_POINT('',(-2.31612705481149,1.90671326265128,3.));
#7075=CARTESIAN_POINT('Origin',(2.16936748935778E-29,-9.86076131526265E-30,
3.));
#7076=CARTESIAN_POINT('',(-2.316127055,1.906713263,0.));
#7077=CARTESIAN_POINT('',(-2.316127055,1.906713263,3.));
#7078=CARTESIAN_POINT('Origin',(0.,0.,0.));
#7079=CARTESIAN_POINT('Origin',(5.55111512312578E-16,0.,1.5));
#7080=CARTESIAN_POINT('',(-2.80932565068292,1.05246823588121,0.));
#7081=CARTESIAN_POINT('',(-2.809325651,1.052468236,3.));
#7082=CARTESIAN_POINT('',(-2.809325651,1.052468236,0.));
#7083=CARTESIAN_POINT('',(-2.73070064513297,1.24228579106034,3.));
#7084=CARTESIAN_POINT('Origin',(-9.86076131526265E-30,-2.76101316827354E-29,
3.));
#7085=CARTESIAN_POINT('',(-2.730700645,1.242285791,0.));
#7086=CARTESIAN_POINT('',(-2.730700645,1.242285791,3.));
#7087=CARTESIAN_POINT('Origin',(0.,0.,0.));
#7088=CARTESIAN_POINT('Origin',(5.55111512312578E-16,0.,1.5));
#7089=CARTESIAN_POINT('',(-2.98599902426854,0.289499268026036,0.));
#7090=CARTESIAN_POINT('',(-2.985999024,0.289499268,3.));
#7091=CARTESIAN_POINT('',(-2.985999024,0.289499268,0.));
#7092=CARTESIAN_POINT('',(-2.95918149918482,0.493198595782972,3.));
#7093=CARTESIAN_POINT('Origin',(1.1339875512552E-29,1.97215226305253E-29,
3.));
#7094=CARTESIAN_POINT('',(-2.959181499,0.493198596,0.));
#7095=CARTESIAN_POINT('',(-2.959181499,0.493198596,3.));
#7096=CARTESIAN_POINT('Origin',(0.,0.,0.));
#7097=CARTESIAN_POINT('Origin',(5.55111512312578E-16,0.,1.5));
#7098=CARTESIAN_POINT('',(-2.95918149873388,-0.493198595955646,0.));
#7099=CARTESIAN_POINT('',(-2.959181499,-0.493198596,3.));
#7100=CARTESIAN_POINT('',(-2.959181499,-0.493198596,0.));
#7101=CARTESIAN_POINT('',(-2.98599902434588,-0.289499268747751,3.));
#7102=CARTESIAN_POINT('Origin',(5.66993775627602E-30,-1.18329135783152E-29,
3.));
#7103=CARTESIAN_POINT('',(-2.985999024,-0.289499268,0.));
#7104=CARTESIAN_POINT('',(-2.985999024,-0.289499268,3.));
#7105=CARTESIAN_POINT('Origin',(0.,0.,0.));
#7106=CARTESIAN_POINT('Origin',(5.55111512312578E-16,0.,1.5));
#7107=CARTESIAN_POINT('',(-2.73070064530821,-1.24228579114021,0.));
#7108=CARTESIAN_POINT('',(-2.730700645,-1.242285791,3.));
#7109=CARTESIAN_POINT('',(-2.730700645,-1.242285791,0.));
#7110=CARTESIAN_POINT('',(-2.80932565059447,-1.05246823653351,3.));
#7111=CARTESIAN_POINT('Origin',(7.88860905221012E-30,1.97215226305253E-29,
3.));
#7112=CARTESIAN_POINT('',(-2.809325651,-1.052468236,0.));
#7113=CARTESIAN_POINT('',(-2.809325651,-1.052468236,3.));
#7114=CARTESIAN_POINT('Origin',(0.,0.,0.));
#7115=CARTESIAN_POINT('Origin',(5.55111512312578E-16,0.,1.5));
#7116=CARTESIAN_POINT('',(-2.31612705497464,-1.90671326297913,0.));
#7117=CARTESIAN_POINT('',(-2.316127055,-1.906713263,3.));
#7118=CARTESIAN_POINT('',(-2.316127055,-1.906713263,0.));
#7119=CARTESIAN_POINT('',(-2.4412013763852,-1.74371323328551,3.));
#7120=CARTESIAN_POINT('Origin',(3.94430452610506E-29,1.18329135783152E-29,
3.));
#7121=CARTESIAN_POINT('',(-2.441201377,-1.743713233,0.));
#7122=CARTESIAN_POINT('',(-2.441201377,-1.743713233,3.));
#7123=CARTESIAN_POINT('Origin',(0.,0.,0.));
#7124=CARTESIAN_POINT('Origin',(5.55111512312578E-16,0.,1.5));
#7125=CARTESIAN_POINT('',(-1.74371323301909,-2.44120137702673,0.));
#7126=CARTESIAN_POINT('',(-1.743713233,-2.441201377,3.));
#7127=CARTESIAN_POINT('',(-1.743713233,-2.441201377,0.));
#7128=CARTESIAN_POINT('',(-1.9067132626513,-2.31612705481146,3.));
#7129=CARTESIAN_POINT('Origin',(-5.52202633654708E-29,-3.94430452610506E-29,
3.));
#7130=CARTESIAN_POINT('',(-1.906713263,-2.316127055,0.));
#7131=CARTESIAN_POINT('',(-1.906713263,-2.316127055,3.));
#7132=CARTESIAN_POINT('Origin',(0.,0.,0.));
#7133=CARTESIAN_POINT('Origin',(5.55111512312578E-16,0.,1.5));
#7134=CARTESIAN_POINT('',(-1.05246823588121,-2.80932565068292,0.));
#7135=CARTESIAN_POINT('',(-1.052468236,-2.809325651,3.));
#7136=CARTESIAN_POINT('',(-1.052468236,-2.809325651,0.));
#7137=CARTESIAN_POINT('',(-1.24228579106036,-2.73070064513295,3.));
#7138=CARTESIAN_POINT('Origin',(2.76101316827354E-29,-8.87468518373638E-30,
3.));
#7139=CARTESIAN_POINT('',(-1.242285791,-2.730700645,0.));
#7140=CARTESIAN_POINT('',(-1.242285791,-2.730700645,3.));
#7141=CARTESIAN_POINT('Origin',(0.,0.,0.));
#7142=CARTESIAN_POINT('Origin',(5.55111512312578E-16,0.,1.5));
#7143=CARTESIAN_POINT('',(-0.289499268026035,-2.98599902426854,0.));
#7144=CARTESIAN_POINT('',(-0.289499268,-2.985999024,3.));
#7145=CARTESIAN_POINT('',(-0.289499268,-2.985999024,0.));
#7146=CARTESIAN_POINT('',(-0.493198595782982,-2.95918149918482,3.));
#7147=CARTESIAN_POINT('Origin',(-5.12759588393658E-29,-9.36772324949952E-30,
3.));
#7148=CARTESIAN_POINT('',(-0.493198596,-2.959181499,0.));
#7149=CARTESIAN_POINT('',(-0.493198596,-2.959181499,3.));
#7150=CARTESIAN_POINT('Origin',(0.,0.,0.));
#7151=CARTESIAN_POINT('Origin',(5.55111512312578E-16,0.,1.5));
#7152=CARTESIAN_POINT('',(0.493198595955646,-2.95918149873388,0.));
#7153=CARTESIAN_POINT('',(0.493198596,-2.959181499,3.));
#7154=CARTESIAN_POINT('',(0.493198596,-2.959181499,0.));
#7155=CARTESIAN_POINT('',(0.289499268747757,-2.98599902434588,3.));
#7156=CARTESIAN_POINT('Origin',(3.94430452610506E-29,-3.20474742746036E-30,
3.));
#7157=CARTESIAN_POINT('',(0.289499268,-2.985999024,0.));
#7158=CARTESIAN_POINT('',(0.289499268,-2.985999024,3.));
#7159=CARTESIAN_POINT('Origin',(0.,0.,0.));
#7160=CARTESIAN_POINT('Origin',(5.55111512312578E-16,0.,1.5));
#7161=CARTESIAN_POINT('',(1.24228579114021,-2.73070064530821,0.));
#7162=CARTESIAN_POINT('',(1.242285791,-2.730700645,3.));
#7163=CARTESIAN_POINT('',(1.242285791,-2.730700645,0.));
#7164=CARTESIAN_POINT('',(1.05246823653352,-2.80932565059447,3.));
#7165=CARTESIAN_POINT('Origin',(7.88860905221012E-30,-1.18329135783152E-29,
3.));
#7166=CARTESIAN_POINT('',(1.052468236,-2.809325651,0.));
#7167=CARTESIAN_POINT('',(1.052468236,-2.809325651,3.));
#7168=CARTESIAN_POINT('Origin',(0.,0.,0.));
#7169=CARTESIAN_POINT('Origin',(5.55111512312578E-16,0.,1.5));
#7170=CARTESIAN_POINT('',(1.90671326297913,-2.31612705497464,0.));
#7171=CARTESIAN_POINT('',(1.906713263,-2.316127055,3.));
#7172=CARTESIAN_POINT('',(1.906713263,-2.316127055,0.));
#7173=CARTESIAN_POINT('',(1.74371323328552,-2.44120137638519,3.));
#7174=CARTESIAN_POINT('Origin',(4.93038065763132E-29,-2.36658271566304E-29,
3.));
#7175=CARTESIAN_POINT('',(1.743713233,-2.441201377,0.));
#7176=CARTESIAN_POINT('',(1.743713233,-2.441201377,3.));
#7177=CARTESIAN_POINT('Origin',(0.,0.,0.));
#7178=CARTESIAN_POINT('Origin',(5.55111512312578E-16,0.,1.5));
#7179=CARTESIAN_POINT('',(2.44120137702673,-1.74371323301909,0.));
#7180=CARTESIAN_POINT('',(2.441201377,-1.743713233,3.));
#7181=CARTESIAN_POINT('',(2.441201377,-1.743713233,0.));
#7182=CARTESIAN_POINT('',(2.31612705481147,-1.90671326265129,3.));
#7183=CARTESIAN_POINT('Origin',(-3.3526588471893E-29,1.77493703674728E-29,
3.));
#7184=CARTESIAN_POINT('',(2.316127055,-1.906713263,0.));
#7185=CARTESIAN_POINT('',(2.316127055,-1.906713263,3.));
#7186=CARTESIAN_POINT('Origin',(0.,0.,0.));
#7187=CARTESIAN_POINT('Origin',(5.55111512312578E-16,0.,1.5));
#7188=CARTESIAN_POINT('',(2.80932565068292,-1.05246823588121,0.));
#7189=CARTESIAN_POINT('',(2.809325651,-1.052468236,3.));
#7190=CARTESIAN_POINT('',(2.809325651,-1.052468236,0.));
#7191=CARTESIAN_POINT('',(2.73070064513296,-1.24228579106035,3.));
#7192=CARTESIAN_POINT('Origin',(0.,-3.15544362088405E-29,3.));
#7193=CARTESIAN_POINT('',(2.730700645,-1.242285791,0.));
#7194=CARTESIAN_POINT('',(2.730700645,-1.242285791,3.));
#7195=CARTESIAN_POINT('Origin',(0.,0.,0.));
#7196=CARTESIAN_POINT('Origin',(5.55111512312578E-16,0.,1.5));
#7197=CARTESIAN_POINT('',(2.98599902426854,-0.289499268026035,0.));
#7198=CARTESIAN_POINT('',(2.985999024,-0.289499268,3.));
#7199=CARTESIAN_POINT('',(2.985999024,-0.289499268,0.));
#7200=CARTESIAN_POINT('',(2.95918149918481,-0.493198595782991,3.));
#7201=CARTESIAN_POINT('Origin',(-4.93038065763132E-31,5.12759588393658E-29,
3.));
#7202=CARTESIAN_POINT('',(2.959181499,-0.493198596,0.));
#7203=CARTESIAN_POINT('',(2.959181499,-0.493198596,3.));
#7204=CARTESIAN_POINT('Origin',(0.,0.,0.));
#7205=CARTESIAN_POINT('Origin',(5.55111512312578E-16,0.,1.5));
#7206=CARTESIAN_POINT('',(2.95918149873388,0.493198595955646,0.));
#7207=CARTESIAN_POINT('',(2.959181499,0.493198596,3.));
#7208=CARTESIAN_POINT('',(2.959181499,0.493198596,0.));
#7209=CARTESIAN_POINT('',(2.98599902434587,0.289499268747808,3.));
#7210=CARTESIAN_POINT('Origin',(-1.4791141972894E-30,3.94430452610506E-29,
3.));
#7211=CARTESIAN_POINT('',(2.985999024,0.289499268,0.));
#7212=CARTESIAN_POINT('',(2.985999024,0.289499268,3.));
#7213=CARTESIAN_POINT('Origin',(0.,0.,0.));
#7214=CARTESIAN_POINT('Origin',(5.55111512312578E-16,0.,1.5));
#7215=CARTESIAN_POINT('',(2.73070064530821,1.24228579114021,0.));
#7216=CARTESIAN_POINT('',(2.730700645,1.242285791,3.));
#7217=CARTESIAN_POINT('',(2.730700645,1.242285791,0.));
#7218=CARTESIAN_POINT('',(2.80932565059445,1.05246823653357,3.));
#7219=CARTESIAN_POINT('Origin',(0.,3.94430452610506E-29,3.));
#7220=CARTESIAN_POINT('',(2.809325651,1.052468236,0.));
#7221=CARTESIAN_POINT('',(2.809325651,1.052468236,3.));
#7222=CARTESIAN_POINT('Origin',(0.,0.,0.));
#7223=CARTESIAN_POINT('Origin',(5.55111512312578E-16,0.,1.5));
#7224=CARTESIAN_POINT('',(2.31612705497464,1.90671326297913,0.));
#7225=CARTESIAN_POINT('',(2.316127055,1.906713263,3.));
#7226=CARTESIAN_POINT('',(2.316127055,1.906713263,0.));
#7227=CARTESIAN_POINT('',(2.44120137638516,1.74371323328556,3.));
#7228=CARTESIAN_POINT('Origin',(-1.77493703674728E-29,-2.36658271566304E-29,
3.));
#7229=CARTESIAN_POINT('',(2.441201377,1.743713233,0.));
#7230=CARTESIAN_POINT('',(2.441201377,1.743713233,3.));
#7231=CARTESIAN_POINT('Origin',(0.,0.,0.));
#7232=CARTESIAN_POINT('Origin',(5.55111512312578E-16,0.,1.5));
#7233=CARTESIAN_POINT('',(1.74371323301909,2.44120137702673,0.));
#7234=CARTESIAN_POINT('',(1.743713233,2.441201377,3.));
#7235=CARTESIAN_POINT('',(1.743713233,2.441201377,0.));
#7236=CARTESIAN_POINT('',(1.90671326265125,2.31612705481151,3.));
#7237=CARTESIAN_POINT('Origin',(4.14151975241031E-29,2.76101316827354E-29,
3.));
#7238=CARTESIAN_POINT('',(1.906713263,2.316127055,0.));
#7239=CARTESIAN_POINT('',(1.906713263,2.316127055,3.));
#7240=CARTESIAN_POINT('Origin',(0.,0.,0.));
#7241=CARTESIAN_POINT('Origin',(5.55111512312578E-16,0.,1.5));
#7242=CARTESIAN_POINT('',(1.05246823588121,2.80932565068292,0.));
#7243=CARTESIAN_POINT('',(1.052468236,2.809325651,3.));
#7244=CARTESIAN_POINT('',(1.052468236,2.809325651,0.));
#7245=CARTESIAN_POINT('',(1.24228579106031,2.73070064513298,3.));
#7246=CARTESIAN_POINT('Origin',(-3.94430452610506E-29,-1.08468374467889E-29,
3.));
#7247=CARTESIAN_POINT('',(1.242285791,2.730700645,0.));
#7248=CARTESIAN_POINT('',(1.242285791,2.730700645,3.));
#7249=CARTESIAN_POINT('Origin',(0.,0.,0.));
#7250=CARTESIAN_POINT('Origin',(5.55111512312578E-16,0.,1.5));
#7251=CARTESIAN_POINT('',(0.289499268026035,2.98599902426854,0.));
#7252=CARTESIAN_POINT('',(0.289499268,2.985999024,3.));
#7253=CARTESIAN_POINT('',(0.289499268,2.985999024,0.));
#7254=CARTESIAN_POINT('',(0.493198595782939,2.95918149918482,3.));
#7255=CARTESIAN_POINT('Origin',(-1.97215226305253E-29,9.86076131526265E-30,
3.));
#7256=CARTESIAN_POINT('',(0.493198596,2.959181499,0.));
#7257=CARTESIAN_POINT('',(0.493198596,2.959181499,3.));
#7258=CARTESIAN_POINT('Origin',(0.,0.,0.));
#7259=CARTESIAN_POINT('Origin',(0.,-16.192,5.));
#7260=CARTESIAN_POINT('',(-1.95061736,14.441692106,5.));
#7261=CARTESIAN_POINT('',(-3.75,6.495190528,5.));
#7262=CARTESIAN_POINT('',(-1.95061736,14.441692106,5.));
#7263=CARTESIAN_POINT('',(-11.531563557,8.910130239,5.));
#7264=CARTESIAN_POINT('',(-3.75,6.495190528,5.));
#7265=CARTESIAN_POINT('',(-13.4821809166742,5.53156186635239,5.));
#7266=CARTESIAN_POINT('Origin',(-12.124355653,7.,5.));
#7267=CARTESIAN_POINT('',(-7.5,0.,5.));
#7268=CARTESIAN_POINT('',(-13.482180917,5.531561866,5.));
#7269=CARTESIAN_POINT('',(-13.482180917,-5.531561866,5.));
#7270=CARTESIAN_POINT('',(-7.5,0.,5.));
#7271=CARTESIAN_POINT('',(-11.5315635568577,-8.91013023945838,5.));
#7272=CARTESIAN_POINT('Origin',(-12.124355653,-7.,5.));
#7273=CARTESIAN_POINT('',(-3.75,-6.495190528,5.));
#7274=CARTESIAN_POINT('',(-11.531563557,-8.910130239,5.));
#7275=CARTESIAN_POINT('',(-1.95061736,-14.441692106,5.));
#7276=CARTESIAN_POINT('',(-3.75,-6.495190528,5.));
#7277=CARTESIAN_POINT('',(1.95061736,-14.441692106,5.));
#7278=CARTESIAN_POINT('Origin',(0.,-14.,5.));
#7279=CARTESIAN_POINT('',(3.75,-6.495190528,5.));
#7280=CARTESIAN_POINT('',(1.95061736,-14.441692106,5.));
#7281=CARTESIAN_POINT('',(11.531563557,-8.910130239,5.));
#7282=CARTESIAN_POINT('',(3.75,-6.495190528,5.));
#7283=CARTESIAN_POINT('',(13.4821809168401,-5.53156186617292,5.));
#7284=CARTESIAN_POINT('Origin',(12.124355653,-7.,5.));
#7285=CARTESIAN_POINT('',(7.5,0.,5.));
#7286=CARTESIAN_POINT('',(13.482180917,-5.531561866,5.));
#7287=CARTESIAN_POINT('',(13.482180917,5.531561866,5.));
#7288=CARTESIAN_POINT('',(7.5,0.,5.));
#7289=CARTESIAN_POINT('',(11.5315635569276,8.91013023923345,5.));
#7290=CARTESIAN_POINT('Origin',(12.124355653,7.,5.));
#7291=CARTESIAN_POINT('',(3.75,6.495190528,5.));
#7292=CARTESIAN_POINT('',(11.531563557,8.910130239,5.));
#7293=CARTESIAN_POINT('',(1.95061736,14.441692106,5.));
#7294=CARTESIAN_POINT('',(3.75,6.495190528,5.));
#7295=CARTESIAN_POINT('Origin',(0.,14.,5.));
#7296=CARTESIAN_POINT('',(-4.75,3.43324871781998E-14,5.));
#7297=CARTESIAN_POINT('Origin',(-5.95551847338047E-44,4.73316543132607E-29,
5.));
#7298=CARTESIAN_POINT('',(1.,13.5,5.00000000000001));
#7299=CARTESIAN_POINT('Origin',(-4.73316543132607E-29,13.5,5.00000000000001));
#7300=CARTESIAN_POINT('',(1.,10.5,5.00000000000003));
#7301=CARTESIAN_POINT('Origin',(-3.15544362088405E-29,10.5,5.00000000000003));
#7302=CARTESIAN_POINT('',(1.,7.50000000000001,5.00000000000005));
#7303=CARTESIAN_POINT('Origin',(-2.36658271566304E-29,7.5,5.00000000000005));
#7304=CARTESIAN_POINT('',(-10.6913429511798,6.75000000000001,4.99999999999995));
#7305=CARTESIAN_POINT('Origin',(-11.6913429511798,6.75,4.99999999999995));
#7306=CARTESIAN_POINT('',(-8.09326673947324,5.25000000000001,4.99999999999996));
#7307=CARTESIAN_POINT('Origin',(-9.09326673947324,5.25,4.99999999999996));
#7308=CARTESIAN_POINT('',(-5.49519052876663,3.75000000000001,4.99999999999997));
#7309=CARTESIAN_POINT('Origin',(-6.49519052876663,3.75,4.99999999999997));
#7310=CARTESIAN_POINT('',(-10.6913429511798,-6.74999999999999,5.));
#7311=CARTESIAN_POINT('Origin',(-11.6913429511798,-6.75,5.));
#7312=CARTESIAN_POINT('',(-8.09326673947316,-5.24999999999999,5.));
#7313=CARTESIAN_POINT('Origin',(-9.09326673947316,-5.25,5.));
#7314=CARTESIAN_POINT('',(-5.49519052876657,-3.74999999999999,5.));
#7315=CARTESIAN_POINT('Origin',(-6.49519052876657,-3.75,5.));
#7316=CARTESIAN_POINT('',(1.,-13.5,5.));
#7317=CARTESIAN_POINT('Origin',(4.73316543132607E-29,-13.5,5.));
#7318=CARTESIAN_POINT('',(1.,-10.5,5.));
#7319=CARTESIAN_POINT('Origin',(3.15544362088405E-29,-10.5,5.));
#7320=CARTESIAN_POINT('',(1.,-7.49999999999999,5.));
#7321=CARTESIAN_POINT('Origin',(2.36658271566304E-29,-7.5,5.));
#7322=CARTESIAN_POINT('',(12.69134295118,-6.74999999999999,5.));
#7323=CARTESIAN_POINT('Origin',(11.69134295118,-6.75,5.));
#7324=CARTESIAN_POINT('',(10.0932667394733,-5.24999999999999,5.));
#7325=CARTESIAN_POINT('Origin',(9.09326673947334,-5.25,5.));
#7326=CARTESIAN_POINT('',(7.49519052876663,-3.74999999999999,5.));
#7327=CARTESIAN_POINT('Origin',(6.49519052876663,-3.75,5.));
#7328=CARTESIAN_POINT('',(12.6913429511797,6.75000000000001,4.99999999999995));
#7329=CARTESIAN_POINT('Origin',(11.6913429511797,6.75,4.99999999999995));
#7330=CARTESIAN_POINT('',(10.0932667394731,5.25000000000001,4.99999999999996));
#7331=CARTESIAN_POINT('Origin',(9.09326673947306,5.25,4.99999999999996));
#7332=CARTESIAN_POINT('',(7.49519052876647,3.75000000000001,4.99999999999997));
#7333=CARTESIAN_POINT('Origin',(6.49519052876647,3.75,4.99999999999997));
#7334=CARTESIAN_POINT('Origin',(0.,-4.0986,0.));
#7335=CARTESIAN_POINT('',(-4.05,4.95981953654678E-16,0.));
#7336=CARTESIAN_POINT('Origin',(0.,0.,0.));
#7337=CARTESIAN_POINT('',(3.46944695195361E-17,2.6,0.));
#7338=CARTESIAN_POINT('',(0.289499268,2.985999024,0.));
#7339=CARTESIAN_POINT('',(0.,2.6,0.));
#7340=CARTESIAN_POINT('',(0.493198595782939,2.95918149918482,-3.19432608186433E-24));
#7341=CARTESIAN_POINT('Origin',(0.,0.,0.));
#7342=CARTESIAN_POINT('',(0.672929517,2.511407148,0.));
#7343=CARTESIAN_POINT('',(0.493198596,2.959181499,0.));
#7344=CARTESIAN_POINT('',(1.052468236,2.809325651,0.));
#7345=CARTESIAN_POINT('',(0.672929517,2.511407148,0.));
#7346=CARTESIAN_POINT('',(1.24228579106031,2.73070064513298,-3.19431794673624E-24));
#7347=CARTESIAN_POINT('Origin',(0.,0.,0.));
#7348=CARTESIAN_POINT('',(1.3,2.25166605,0.));
#7349=CARTESIAN_POINT('',(1.242285791,2.730700645,0.));
#7350=CARTESIAN_POINT('',(1.743713233,2.441201377,0.));
#7351=CARTESIAN_POINT('',(1.3,2.25166605,0.));
#7352=CARTESIAN_POINT('',(1.90671326265125,2.3161270548115,-3.19432337015496E-24));
#7353=CARTESIAN_POINT('Origin',(0.,0.,0.));
#7354=CARTESIAN_POINT('',(1.838477631,1.838477631,0.));
#7355=CARTESIAN_POINT('',(1.906713263,2.316127055,0.));
#7356=CARTESIAN_POINT('',(2.316127055,1.906713263,0.));
#7357=CARTESIAN_POINT('',(1.838477631,1.838477631,0.));
#7358=CARTESIAN_POINT('',(2.44120137638516,1.74371323328556,-3.19432977964982E-24));
#7359=CARTESIAN_POINT('Origin',(0.,0.,0.));
#7360=CARTESIAN_POINT('',(2.25166605,1.3,0.));
#7361=CARTESIAN_POINT('',(2.441201377,1.743713233,0.));
#7362=CARTESIAN_POINT('',(2.730700645,1.242285791,0.));
#7363=CARTESIAN_POINT('',(2.25166605,1.3,0.));
#7364=CARTESIAN_POINT('',(2.80932565059445,1.05246823653357,-3.19432731445949E-24));
#7365=CARTESIAN_POINT('Origin',(0.,0.,0.));
#7366=CARTESIAN_POINT('',(2.511407148,0.672929517,0.));
#7367=CARTESIAN_POINT('',(2.809325651,1.052468236,0.));
#7368=CARTESIAN_POINT('',(2.959181499,0.493198596,0.));
#7369=CARTESIAN_POINT('',(2.511407148,0.672929517,0.));
#7370=CARTESIAN_POINT('',(2.98599902434587,0.289499268747808,-3.19432164452173E-24));
#7371=CARTESIAN_POINT('Origin',(0.,0.,0.));
#7372=CARTESIAN_POINT('',(2.6,-3.46944695195361E-17,0.));
#7373=CARTESIAN_POINT('',(2.985999024,0.289499268,0.));
#7374=CARTESIAN_POINT('',(2.985999024,-0.289499268,0.));
#7375=CARTESIAN_POINT('',(2.6,0.,0.));
#7376=CARTESIAN_POINT('',(2.95918149918481,-0.493198595782991,-3.19403987326715E-24));
#7377=CARTESIAN_POINT('Origin',(0.,0.,0.));
#7378=CARTESIAN_POINT('',(2.511407148,-0.672929517,0.));
#7379=CARTESIAN_POINT('',(2.959181499,-0.493198596,0.));
#7380=CARTESIAN_POINT('',(2.809325651,-1.052468236,0.));
#7381=CARTESIAN_POINT('',(2.511407148,-0.672929517,0.));
#7382=CARTESIAN_POINT('',(2.73070064513296,-1.24228579106035,-3.1940485014333E-24));
#7383=CARTESIAN_POINT('Origin',(0.,0.,0.));
#7384=CARTESIAN_POINT('',(2.25166605,-1.3,0.));
#7385=CARTESIAN_POINT('',(2.730700645,-1.242285791,0.));
#7386=CARTESIAN_POINT('',(2.441201377,-1.743713233,0.));
#7387=CARTESIAN_POINT('',(2.25166605,-1.3,0.));
#7388=CARTESIAN_POINT('',(2.31612705481147,-1.90671326265129,-3.19404431060974E-24));
#7389=CARTESIAN_POINT('Origin',(0.,0.,0.));
#7390=CARTESIAN_POINT('',(1.838477631,-1.838477631,0.));
#7391=CARTESIAN_POINT('',(2.316127055,-1.906713263,0.));
#7392=CARTESIAN_POINT('',(1.906713263,-2.316127055,0.));
#7393=CARTESIAN_POINT('',(1.838477631,-1.838477631,0.));
#7394=CARTESIAN_POINT('',(1.74371323328552,-2.44120137638519,-3.19403568244359E-24));
#7395=CARTESIAN_POINT('Origin',(0.,0.,0.));
#7396=CARTESIAN_POINT('',(1.3,-2.25166605,0.));
#7397=CARTESIAN_POINT('',(1.743713233,-2.441201377,0.));
#7398=CARTESIAN_POINT('',(1.242285791,-2.730700645,0.));
#7399=CARTESIAN_POINT('',(1.3,-2.25166605,0.));
#7400=CARTESIAN_POINT('',(1.05246823653352,-2.80932565059447,-3.19403888719102E-24));
#7401=CARTESIAN_POINT('Origin',(0.,0.,0.));
#7402=CARTESIAN_POINT('',(0.672929517,-2.511407148,0.));
#7403=CARTESIAN_POINT('',(1.052468236,-2.809325651,0.));
#7404=CARTESIAN_POINT('',(0.493198596,-2.959181499,0.));
#7405=CARTESIAN_POINT('',(0.672929517,-2.511407148,0.));
#7406=CARTESIAN_POINT('',(0.289499268747757,-2.98599902434588,-3.19388777102386E-24));
#7407=CARTESIAN_POINT('Origin',(0.,0.,0.));
#7408=CARTESIAN_POINT('',(-3.46944695195361E-17,-2.6,0.));
#7409=CARTESIAN_POINT('',(0.289499268,-2.985999024,0.));
#7410=CARTESIAN_POINT('',(-0.289499268,-2.985999024,0.));
#7411=CARTESIAN_POINT('',(0.,-2.6,0.));
#7412=CARTESIAN_POINT('',(-0.49319859578298,-2.95918149918482,-3.19418581253462E-24));
#7413=CARTESIAN_POINT('Origin',(0.,0.,0.));
#7414=CARTESIAN_POINT('',(-0.672929517,-2.511407148,0.));
#7415=CARTESIAN_POINT('',(-0.493198596,-2.959181499,0.));
#7416=CARTESIAN_POINT('',(-1.052468236,-2.809325651,0.));
#7417=CARTESIAN_POINT('',(-0.672929517,-2.511407148,0.));
#7418=CARTESIAN_POINT('',(-1.24228579106036,-2.73070064513295,-3.19404554320491E-24));
#7419=CARTESIAN_POINT('Origin',(0.,0.,0.));
#7420=CARTESIAN_POINT('',(-1.3,-2.25166605,0.));
#7421=CARTESIAN_POINT('',(-1.242285791,-2.730700645,0.));
#7422=CARTESIAN_POINT('',(-1.743713233,-2.441201377,0.));
#7423=CARTESIAN_POINT('',(-1.3,-2.25166605,0.));
#7424=CARTESIAN_POINT('',(-1.9067132626513,-2.31612705481146,-3.19401719351612E-24));
#7425=CARTESIAN_POINT('Origin',(0.,0.,0.));
#7426=CARTESIAN_POINT('',(-1.838477631,-1.838477631,0.));
#7427=CARTESIAN_POINT('',(-1.906713263,-2.316127055,0.));
#7428=CARTESIAN_POINT('',(-2.316127055,-1.906713263,0.));
#7429=CARTESIAN_POINT('',(-1.838477631,-1.838477631,0.));
#7430=CARTESIAN_POINT('',(-2.4412013763852,-1.74371323328551,-3.19402606820131E-24));
#7431=CARTESIAN_POINT('Origin',(0.,0.,0.));
#7432=CARTESIAN_POINT('',(-2.25166605,-1.3,0.));
#7433=CARTESIAN_POINT('',(-2.441201377,-1.743713233,0.));
#7434=CARTESIAN_POINT('',(-2.730700645,-1.242285791,0.));
#7435=CARTESIAN_POINT('',(-2.25166605,-1.3,0.));
#7436=CARTESIAN_POINT('',(-2.80932565059447,-1.05246823653351,-3.19404209193845E-24));
#7437=CARTESIAN_POINT('Origin',(0.,0.,0.));
#7438=CARTESIAN_POINT('',(-2.511407148,-0.672929517,0.));
#7439=CARTESIAN_POINT('',(-2.809325651,-1.052468236,0.));
#7440=CARTESIAN_POINT('',(-2.959181499,-0.493198596,0.));
#7441=CARTESIAN_POINT('',(-2.511407148,-0.672929517,0.));
#7442=CARTESIAN_POINT('',(-2.98599902434587,-0.289499268747751,-3.19405762263752E-24));
#7443=CARTESIAN_POINT('Origin',(0.,0.,0.));
#7444=CARTESIAN_POINT('',(-2.6,3.46944695195361E-17,0.));
#7445=CARTESIAN_POINT('',(-2.985999024,-0.289499268,0.));
#7446=CARTESIAN_POINT('',(-2.985999024,0.289499268,0.));
#7447=CARTESIAN_POINT('',(-2.6,0.,0.));
#7448=CARTESIAN_POINT('',(-2.95918149918482,0.493198595782972,-3.1943191793314E-24));
#7449=CARTESIAN_POINT('Origin',(0.,0.,0.));
#7450=CARTESIAN_POINT('',(-2.511407148,0.672929517,0.));
#7451=CARTESIAN_POINT('',(-2.959181499,0.493198596,0.));
#7452=CARTESIAN_POINT('',(-2.809325651,1.052468236,0.));
#7453=CARTESIAN_POINT('',(-2.511407148,0.672929517,0.));
#7454=CARTESIAN_POINT('',(-2.73070064513297,1.24228579106034,-3.19433076572595E-24));
#7455=CARTESIAN_POINT('Origin',(0.,0.,0.));
#7456=CARTESIAN_POINT('',(-2.25166605,1.3,0.));
#7457=CARTESIAN_POINT('',(-2.730700645,1.242285791,0.));
#7458=CARTESIAN_POINT('',(-2.441201377,1.743713233,0.));
#7459=CARTESIAN_POINT('',(-2.25166605,1.3,0.));
#7460=CARTESIAN_POINT('',(-2.31612705481148,1.90671326265128,-3.19432756097852E-24));
#7461=CARTESIAN_POINT('Origin',(0.,0.,0.));
#7462=CARTESIAN_POINT('',(-1.838477631,1.838477631,0.));
#7463=CARTESIAN_POINT('',(-2.316127055,1.906713263,0.));
#7464=CARTESIAN_POINT('',(-1.906713263,2.316127055,0.));
#7465=CARTESIAN_POINT('',(-1.838477631,1.838477631,0.));
#7466=CARTESIAN_POINT('',(-1.74371323328553,2.44120137638518,-3.1943371752208E-24));
#7467=CARTESIAN_POINT('Origin',(0.,0.,0.));
#7468=CARTESIAN_POINT('',(-1.3,2.25166605,0.));
#7469=CARTESIAN_POINT('',(-1.743713233,2.441201377,0.));
#7470=CARTESIAN_POINT('',(-1.242285791,2.730700645,0.));
#7471=CARTESIAN_POINT('',(-1.3,2.25166605,0.));
#7472=CARTESIAN_POINT('',(-1.05246823653354,2.80932565059446,-3.19432115148367E-24));
#7473=CARTESIAN_POINT('Origin',(0.,0.,0.));
#7474=CARTESIAN_POINT('',(-0.672929517,2.511407148,0.));
#7475=CARTESIAN_POINT('',(-1.052468236,2.809325651,0.));
#7476=CARTESIAN_POINT('',(-0.493198596,2.959181499,0.));
#7477=CARTESIAN_POINT('',(-0.672929517,2.511407148,0.));
#7478=CARTESIAN_POINT('',(-0.289499268747778,2.98599902434587,-3.19402951946777E-24));
#7479=CARTESIAN_POINT('Origin',(0.,0.,0.));
#7480=CARTESIAN_POINT('',(-0.289499268,2.985999024,0.));
#7481=CARTESIAN_POINT('Origin',(-1.11022302462516E-15,0.,1.6));
#7482=CARTESIAN_POINT('',(4.25,0.,0.2));
#7483=CARTESIAN_POINT('',(4.25,0.,3.));
#7484=CARTESIAN_POINT('',(4.25,0.,0.2));
#7485=CARTESIAN_POINT('',(-4.25,2.96775913801666E-14,3.));
#7486=CARTESIAN_POINT('Origin',(0.,1.18329135783152E-29,3.));
#7487=CARTESIAN_POINT('',(-4.25,0.,0.200000000000001));
#7488=CARTESIAN_POINT('',(-4.25,0.,3.));
#7489=CARTESIAN_POINT('Origin',(0.,0.,0.2));
#7490=CARTESIAN_POINT('Origin',(5.55111512312578E-16,0.,1.5));
#7491=CARTESIAN_POINT('',(-0.289499268747778,2.98599902434587,3.));
#7492=CARTESIAN_POINT('',(-0.289499268,2.985999024,0.));
#7493=CARTESIAN_POINT('',(-0.289499268,2.985999024,3.));
#7494=CARTESIAN_POINT('',(-0.493198595955646,2.95918149873388,0.));
#7495=CARTESIAN_POINT('Origin',(0.,0.,0.));
#7496=CARTESIAN_POINT('',(-0.493198596,2.959181499,3.));
#7497=CARTESIAN_POINT('',(-0.493198596,2.959181499,0.));
#7498=CARTESIAN_POINT('Origin',(-3.94430452610506E-29,2.95822839457879E-30,
3.));
#7499=CARTESIAN_POINT('Origin',(0.,-3.021831013,3.));
#7500=CARTESIAN_POINT('',(-1.05246823653354,2.80932565059446,3.));
#7501=CARTESIAN_POINT('',(-0.672929517,2.511407148,3.));
#7502=CARTESIAN_POINT('',(-1.052468236,2.809325651,3.));
#7503=CARTESIAN_POINT('',(-0.493198596,2.959181499,3.));
#7504=CARTESIAN_POINT('',(-0.672929517,2.511407148,3.));
#7505=CARTESIAN_POINT('',(-0.289499268747778,2.98599902434587,3.));
#7506=CARTESIAN_POINT('Origin',(-3.94430452610506E-29,2.95822839457879E-30,
3.));
#7507=CARTESIAN_POINT('',(3.46944695195361E-17,2.6,3.));
#7508=CARTESIAN_POINT('',(-0.289499268,2.985999024,3.));
#7509=CARTESIAN_POINT('',(0.289499268,2.985999024,3.));
#7510=CARTESIAN_POINT('',(0.,2.6,3.));
#7511=CARTESIAN_POINT('',(0.493198595782939,2.95918149918482,3.));
#7512=CARTESIAN_POINT('Origin',(-1.97215226305253E-29,9.86076131526265E-30,
3.));
#7513=CARTESIAN_POINT('',(0.672929517,2.511407148,3.));
#7514=CARTESIAN_POINT('',(0.493198596,2.959181499,3.));
#7515=CARTESIAN_POINT('',(1.052468236,2.809325651,3.));
#7516=CARTESIAN_POINT('',(0.672929517,2.511407148,3.));
#7517=CARTESIAN_POINT('',(1.24228579106031,2.73070064513298,3.));
#7518=CARTESIAN_POINT('Origin',(-3.94430452610506E-29,-1.08468374467889E-29,
3.));
#7519=CARTESIAN_POINT('',(1.3,2.25166605,3.));
#7520=CARTESIAN_POINT('',(1.242285791,2.730700645,3.));
#7521=CARTESIAN_POINT('',(1.743713233,2.441201377,3.));
#7522=CARTESIAN_POINT('',(1.3,2.25166605,3.));
#7523=CARTESIAN_POINT('',(1.90671326265125,2.31612705481151,3.));
#7524=CARTESIAN_POINT('Origin',(4.14151975241031E-29,2.76101316827354E-29,
3.));
#7525=CARTESIAN_POINT('',(1.838477631,1.838477631,3.));
#7526=CARTESIAN_POINT('',(1.906713263,2.316127055,3.));
#7527=CARTESIAN_POINT('',(2.316127055,1.906713263,3.));
#7528=CARTESIAN_POINT('',(1.838477631,1.838477631,3.));
#7529=CARTESIAN_POINT('',(2.44120137638516,1.74371323328556,3.));
#7530=CARTESIAN_POINT('Origin',(-1.77493703674728E-29,-2.36658271566304E-29,
3.));
#7531=CARTESIAN_POINT('',(2.25166605,1.3,3.));
#7532=CARTESIAN_POINT('',(2.441201377,1.743713233,3.));
#7533=CARTESIAN_POINT('',(2.730700645,1.242285791,3.));
#7534=CARTESIAN_POINT('',(2.25166605,1.3,3.));
#7535=CARTESIAN_POINT('',(2.80932565059445,1.05246823653357,3.));
#7536=CARTESIAN_POINT('Origin',(0.,3.94430452610506E-29,3.));
#7537=CARTESIAN_POINT('',(2.511407148,0.672929517,3.));
#7538=CARTESIAN_POINT('',(2.809325651,1.052468236,3.));
#7539=CARTESIAN_POINT('',(2.959181499,0.493198596,3.));
#7540=CARTESIAN_POINT('',(2.511407148,0.672929517,3.));
#7541=CARTESIAN_POINT('',(2.98599902434587,0.289499268747808,3.));
#7542=CARTESIAN_POINT('Origin',(-1.4791141972894E-30,3.94430452610506E-29,
3.));
#7543=CARTESIAN_POINT('',(2.6,-3.46944695195361E-17,3.));
#7544=CARTESIAN_POINT('',(2.985999024,0.289499268,3.));
#7545=CARTESIAN_POINT('',(2.985999024,-0.289499268,3.));
#7546=CARTESIAN_POINT('',(2.6,0.,3.));
#7547=CARTESIAN_POINT('',(2.95918149918481,-0.493198595782991,3.));
#7548=CARTESIAN_POINT('Origin',(-4.93038065763132E-31,5.12759588393658E-29,
3.));
#7549=CARTESIAN_POINT('',(2.511407148,-0.672929517,3.));
#7550=CARTESIAN_POINT('',(2.959181499,-0.493198596,3.));
#7551=CARTESIAN_POINT('',(2.809325651,-1.052468236,3.));
#7552=CARTESIAN_POINT('',(2.511407148,-0.672929517,3.));
#7553=CARTESIAN_POINT('',(2.73070064513296,-1.24228579106035,3.));
#7554=CARTESIAN_POINT('Origin',(0.,-3.15544362088405E-29,3.));
#7555=CARTESIAN_POINT('',(2.25166605,-1.3,3.));
#7556=CARTESIAN_POINT('',(2.730700645,-1.242285791,3.));
#7557=CARTESIAN_POINT('',(2.441201377,-1.743713233,3.));
#7558=CARTESIAN_POINT('',(2.25166605,-1.3,3.));
#7559=CARTESIAN_POINT('',(2.31612705481147,-1.90671326265129,3.));
#7560=CARTESIAN_POINT('Origin',(-3.3526588471893E-29,1.77493703674728E-29,
3.));
#7561=CARTESIAN_POINT('',(1.838477631,-1.838477631,3.));
#7562=CARTESIAN_POINT('',(2.316127055,-1.906713263,3.));
#7563=CARTESIAN_POINT('',(1.906713263,-2.316127055,3.));
#7564=CARTESIAN_POINT('',(1.838477631,-1.838477631,3.));
#7565=CARTESIAN_POINT('',(1.74371323328552,-2.44120137638519,3.));
#7566=CARTESIAN_POINT('Origin',(4.93038065763132E-29,-2.36658271566304E-29,
3.));
#7567=CARTESIAN_POINT('',(1.3,-2.25166605,3.));
#7568=CARTESIAN_POINT('',(1.743713233,-2.441201377,3.));
#7569=CARTESIAN_POINT('',(1.242285791,-2.730700645,3.));
#7570=CARTESIAN_POINT('',(1.3,-2.25166605,3.));
#7571=CARTESIAN_POINT('',(1.05246823653352,-2.80932565059447,3.));
#7572=CARTESIAN_POINT('Origin',(7.88860905221012E-30,-1.18329135783152E-29,
3.));
#7573=CARTESIAN_POINT('',(0.672929517,-2.511407148,3.));
#7574=CARTESIAN_POINT('',(1.052468236,-2.809325651,3.));
#7575=CARTESIAN_POINT('',(0.493198596,-2.959181499,3.));
#7576=CARTESIAN_POINT('',(0.672929517,-2.511407148,3.));
#7577=CARTESIAN_POINT('',(0.289499268747757,-2.98599902434588,3.));
#7578=CARTESIAN_POINT('Origin',(3.94430452610506E-29,-3.20474742746036E-30,
3.));
#7579=CARTESIAN_POINT('',(-3.46944695195361E-17,-2.6,3.));
#7580=CARTESIAN_POINT('',(0.289499268,-2.985999024,3.));
#7581=CARTESIAN_POINT('',(-0.289499268,-2.985999024,3.));
#7582=CARTESIAN_POINT('',(0.,-2.6,3.));
#7583=CARTESIAN_POINT('',(-0.493198595782982,-2.95918149918482,3.));
#7584=CARTESIAN_POINT('Origin',(-5.12759588393658E-29,-9.36772324949952E-30,
3.));
#7585=CARTESIAN_POINT('',(-0.672929517,-2.511407148,3.));
#7586=CARTESIAN_POINT('',(-0.493198596,-2.959181499,3.));
#7587=CARTESIAN_POINT('',(-1.052468236,-2.809325651,3.));
#7588=CARTESIAN_POINT('',(-0.672929517,-2.511407148,3.));
#7589=CARTESIAN_POINT('',(-1.24228579106036,-2.73070064513295,3.));
#7590=CARTESIAN_POINT('Origin',(2.76101316827354E-29,-8.87468518373638E-30,
3.));
#7591=CARTESIAN_POINT('',(-1.3,-2.25166605,3.));
#7592=CARTESIAN_POINT('',(-1.242285791,-2.730700645,3.));
#7593=CARTESIAN_POINT('',(-1.743713233,-2.441201377,3.));
#7594=CARTESIAN_POINT('',(-1.3,-2.25166605,3.));
#7595=CARTESIAN_POINT('',(-1.9067132626513,-2.31612705481146,3.));
#7596=CARTESIAN_POINT('Origin',(-5.52202633654708E-29,-3.94430452610506E-29,
3.));
#7597=CARTESIAN_POINT('',(-1.838477631,-1.838477631,3.));
#7598=CARTESIAN_POINT('',(-1.906713263,-2.316127055,3.));
#7599=CARTESIAN_POINT('',(-2.316127055,-1.906713263,3.));
#7600=CARTESIAN_POINT('',(-1.838477631,-1.838477631,3.));
#7601=CARTESIAN_POINT('',(-2.4412013763852,-1.74371323328551,3.));
#7602=CARTESIAN_POINT('Origin',(3.94430452610506E-29,1.18329135783152E-29,
3.));
#7603=CARTESIAN_POINT('',(-2.25166605,-1.3,3.));
#7604=CARTESIAN_POINT('',(-2.441201377,-1.743713233,3.));
#7605=CARTESIAN_POINT('',(-2.730700645,-1.242285791,3.));
#7606=CARTESIAN_POINT('',(-2.25166605,-1.3,3.));
#7607=CARTESIAN_POINT('',(-2.80932565059447,-1.05246823653351,3.));
#7608=CARTESIAN_POINT('Origin',(7.88860905221012E-30,1.97215226305253E-29,
3.));
#7609=CARTESIAN_POINT('',(-2.511407148,-0.672929517,3.));
#7610=CARTESIAN_POINT('',(-2.809325651,-1.052468236,3.));
#7611=CARTESIAN_POINT('',(-2.959181499,-0.493198596,3.));
#7612=CARTESIAN_POINT('',(-2.511407148,-0.672929517,3.));
#7613=CARTESIAN_POINT('',(-2.98599902434588,-0.289499268747751,3.));
#7614=CARTESIAN_POINT('Origin',(5.66993775627602E-30,-1.18329135783152E-29,
3.));
#7615=CARTESIAN_POINT('',(-2.6,3.46944695195361E-17,3.));
#7616=CARTESIAN_POINT('',(-2.985999024,-0.289499268,3.));
#7617=CARTESIAN_POINT('',(-2.985999024,0.289499268,3.));
#7618=CARTESIAN_POINT('',(-2.6,0.,3.));
#7619=CARTESIAN_POINT('',(-2.95918149918482,0.493198595782972,3.));
#7620=CARTESIAN_POINT('Origin',(1.1339875512552E-29,1.97215226305253E-29,
3.));
#7621=CARTESIAN_POINT('',(-2.511407148,0.672929517,3.));
#7622=CARTESIAN_POINT('',(-2.959181499,0.493198596,3.));
#7623=CARTESIAN_POINT('',(-2.809325651,1.052468236,3.));
#7624=CARTESIAN_POINT('',(-2.511407148,0.672929517,3.));
#7625=CARTESIAN_POINT('',(-2.73070064513297,1.24228579106034,3.));
#7626=CARTESIAN_POINT('Origin',(-9.86076131526265E-30,-2.76101316827354E-29,
3.));
#7627=CARTESIAN_POINT('',(-2.25166605,1.3,3.));
#7628=CARTESIAN_POINT('',(-2.730700645,1.242285791,3.));
#7629=CARTESIAN_POINT('',(-2.441201377,1.743713233,3.));
#7630=CARTESIAN_POINT('',(-2.25166605,1.3,3.));
#7631=CARTESIAN_POINT('',(-2.31612705481149,1.90671326265128,3.));
#7632=CARTESIAN_POINT('Origin',(2.16936748935778E-29,-9.86076131526265E-30,
3.));
#7633=CARTESIAN_POINT('',(-1.838477631,1.838477631,3.));
#7634=CARTESIAN_POINT('',(-2.316127055,1.906713263,3.));
#7635=CARTESIAN_POINT('',(-1.906713263,2.316127055,3.));
#7636=CARTESIAN_POINT('',(-1.838477631,1.838477631,3.));
#7637=CARTESIAN_POINT('',(-1.74371323328554,2.44120137638518,3.));
#7638=CARTESIAN_POINT('Origin',(3.94430452610506E-29,0.,3.));
#7639=CARTESIAN_POINT('',(-1.3,2.25166605,3.));
#7640=CARTESIAN_POINT('',(-1.743713233,2.441201377,3.));
#7641=CARTESIAN_POINT('',(-1.242285791,2.730700645,3.));
#7642=CARTESIAN_POINT('',(-1.3,2.25166605,3.));
#7643=CARTESIAN_POINT('Origin',(5.12759588393658E-29,-8.87468518373638E-30,
3.));
#7644=CARTESIAN_POINT('',(-1.7,2.0818995585505E-16,3.));
#7645=CARTESIAN_POINT('Origin',(0.,0.,3.));
#7646=CARTESIAN_POINT('Origin',(-0.144749634,2.792999512,0.));
#7647=CARTESIAN_POINT('',(-0.289499268,2.985999024,3.));
#7648=CARTESIAN_POINT('',(-0.289499268,2.985999024,0.));
#7649=CARTESIAN_POINT('',(-0.289499268,2.985999024,3.));
#7650=CARTESIAN_POINT('',(3.46944695195361E-17,2.6,0.));
#7651=CARTESIAN_POINT('',(-0.289499268,2.985999024,0.));
#7652=CARTESIAN_POINT('',(0.,2.6,3.));
#7653=CARTESIAN_POINT('',(0.,2.6,0.));
#7654=CARTESIAN_POINT('',(0.,2.6,3.));
#7655=CARTESIAN_POINT('Origin',(0.144749634,2.792999512,0.));
#7656=CARTESIAN_POINT('',(0.289499268,2.985999024,0.));
#7657=CARTESIAN_POINT('',(0.289499268,2.985999024,3.));
#7658=CARTESIAN_POINT('',(0.289499268,2.985999024,0.));
#7659=CARTESIAN_POINT('',(-3.46944695195361E-17,2.6,3.));
#7660=CARTESIAN_POINT('',(0.289499268,2.985999024,3.));
#7661=CARTESIAN_POINT('',(0.,2.6,0.));
#7662=CARTESIAN_POINT('',(0.,2.6,3.));
#7663=CARTESIAN_POINT('',(0.,2.6,0.));
#7664=CARTESIAN_POINT('Origin',(0.5830640565,2.7352943235,0.));
#7665=CARTESIAN_POINT('',(0.493198596,2.959181499,3.));
#7666=CARTESIAN_POINT('',(0.493198596,2.959181499,0.));
#7667=CARTESIAN_POINT('',(0.493198596,2.959181499,3.));
#7668=CARTESIAN_POINT('',(0.672929517,2.511407148,0.));
#7669=CARTESIAN_POINT('',(0.493198596,2.959181499,0.));
#7670=CARTESIAN_POINT('',(0.672929517,2.511407148,3.));
#7671=CARTESIAN_POINT('',(0.672929517,2.511407148,0.));
#7672=CARTESIAN_POINT('',(0.672929517,2.511407148,3.));
#7673=CARTESIAN_POINT('Origin',(0.8626988765,2.6603663995,0.));
#7674=CARTESIAN_POINT('',(1.052468236,2.809325651,0.));
#7675=CARTESIAN_POINT('',(1.052468236,2.809325651,3.));
#7676=CARTESIAN_POINT('',(1.052468236,2.809325651,0.));
#7677=CARTESIAN_POINT('',(0.672929517,2.511407148,3.));
#7678=CARTESIAN_POINT('',(1.052468236,2.809325651,3.));
#7679=CARTESIAN_POINT('',(0.672929517,2.511407148,0.));
#7680=CARTESIAN_POINT('',(0.672929517,2.511407148,3.));
#7681=CARTESIAN_POINT('',(0.672929517,2.511407148,0.));
#7682=CARTESIAN_POINT('Origin',(1.2711428955,2.4911833475,0.));
#7683=CARTESIAN_POINT('',(1.242285791,2.730700645,3.));
#7684=CARTESIAN_POINT('',(1.242285791,2.730700645,0.));
#7685=CARTESIAN_POINT('',(1.242285791,2.730700645,3.));
#7686=CARTESIAN_POINT('',(1.3,2.25166605,0.));
#7687=CARTESIAN_POINT('',(1.242285791,2.730700645,0.));
#7688=CARTESIAN_POINT('',(1.3,2.25166605,3.));
#7689=CARTESIAN_POINT('',(1.3,2.25166605,0.));
#7690=CARTESIAN_POINT('',(1.3,2.25166605,3.));
#7691=CARTESIAN_POINT('Origin',(1.5218566165,2.3464337135,0.));
#7692=CARTESIAN_POINT('',(1.743713233,2.441201377,0.));
#7693=CARTESIAN_POINT('',(1.743713233,2.441201377,3.));
#7694=CARTESIAN_POINT('',(1.743713233,2.441201377,0.));
#7695=CARTESIAN_POINT('',(1.3,2.25166605,3.));
#7696=CARTESIAN_POINT('',(1.743713233,2.441201377,3.));
#7697=CARTESIAN_POINT('',(1.3,2.25166605,0.));
#7698=CARTESIAN_POINT('',(1.3,2.25166605,3.));
#7699=CARTESIAN_POINT('',(1.3,2.25166605,0.));
#7700=CARTESIAN_POINT('Origin',(1.872595447,2.077302343,0.));
#7701=CARTESIAN_POINT('',(1.906713263,2.316127055,3.));
#7702=CARTESIAN_POINT('',(1.906713263,2.316127055,0.));
#7703=CARTESIAN_POINT('',(1.906713263,2.316127055,3.));
#7704=CARTESIAN_POINT('',(1.838477631,1.838477631,0.));
#7705=CARTESIAN_POINT('',(1.906713263,2.316127055,0.));
#7706=CARTESIAN_POINT('',(1.838477631,1.838477631,3.));
#7707=CARTESIAN_POINT('',(1.838477631,1.838477631,0.));
#7708=CARTESIAN_POINT('',(1.838477631,1.838477631,3.));
#7709=CARTESIAN_POINT('Origin',(2.077302343,1.872595447,0.));
#7710=CARTESIAN_POINT('',(2.316127055,1.906713263,0.));
#7711=CARTESIAN_POINT('',(2.316127055,1.906713263,3.));
#7712=CARTESIAN_POINT('',(2.316127055,1.906713263,0.));
#7713=CARTESIAN_POINT('',(1.838477631,1.838477631,3.));
#7714=CARTESIAN_POINT('',(2.316127055,1.906713263,3.));
#7715=CARTESIAN_POINT('',(1.838477631,1.838477631,0.));
#7716=CARTESIAN_POINT('',(1.838477631,1.838477631,3.));
#7717=CARTESIAN_POINT('',(1.838477631,1.838477631,0.));
#7718=CARTESIAN_POINT('Origin',(2.3464337135,1.5218566165,0.));
#7719=CARTESIAN_POINT('',(2.441201377,1.743713233,3.));
#7720=CARTESIAN_POINT('',(2.441201377,1.743713233,0.));
#7721=CARTESIAN_POINT('',(2.441201377,1.743713233,3.));
#7722=CARTESIAN_POINT('',(2.25166605,1.3,0.));
#7723=CARTESIAN_POINT('',(2.441201377,1.743713233,0.));
#7724=CARTESIAN_POINT('',(2.25166605,1.3,3.));
#7725=CARTESIAN_POINT('',(2.25166605,1.3,0.));
#7726=CARTESIAN_POINT('',(2.25166605,1.3,3.));
#7727=CARTESIAN_POINT('Origin',(2.4911833475,1.2711428955,0.));
#7728=CARTESIAN_POINT('',(2.730700645,1.242285791,0.));
#7729=CARTESIAN_POINT('',(2.730700645,1.242285791,3.));
#7730=CARTESIAN_POINT('',(2.730700645,1.242285791,0.));
#7731=CARTESIAN_POINT('',(2.25166605,1.3,3.));
#7732=CARTESIAN_POINT('',(2.730700645,1.242285791,3.));
#7733=CARTESIAN_POINT('',(2.25166605,1.3,0.));
#7734=CARTESIAN_POINT('',(2.25166605,1.3,3.));
#7735=CARTESIAN_POINT('',(2.25166605,1.3,0.));
#7736=CARTESIAN_POINT('Origin',(2.6603663995,0.8626988765,0.));
#7737=CARTESIAN_POINT('',(2.809325651,1.052468236,3.));
#7738=CARTESIAN_POINT('',(2.809325651,1.052468236,0.));
#7739=CARTESIAN_POINT('',(2.809325651,1.052468236,3.));
#7740=CARTESIAN_POINT('',(2.511407148,0.672929517,0.));
#7741=CARTESIAN_POINT('',(2.809325651,1.052468236,0.));
#7742=CARTESIAN_POINT('',(2.511407148,0.672929517,3.));
#7743=CARTESIAN_POINT('',(2.511407148,0.672929517,0.));
#7744=CARTESIAN_POINT('',(2.511407148,0.672929517,3.));
#7745=CARTESIAN_POINT('Origin',(2.7352943235,0.5830640565,0.));
#7746=CARTESIAN_POINT('',(2.959181499,0.493198596,0.));
#7747=CARTESIAN_POINT('',(2.959181499,0.493198596,3.));
#7748=CARTESIAN_POINT('',(2.959181499,0.493198596,0.));
#7749=CARTESIAN_POINT('',(2.511407148,0.672929517,3.));
#7750=CARTESIAN_POINT('',(2.959181499,0.493198596,3.));
#7751=CARTESIAN_POINT('',(2.511407148,0.672929517,0.));
#7752=CARTESIAN_POINT('',(2.511407148,0.672929517,3.));
#7753=CARTESIAN_POINT('',(2.511407148,0.672929517,0.));
#7754=CARTESIAN_POINT('Origin',(2.792999512,0.144749634,0.));
#7755=CARTESIAN_POINT('',(2.985999024,0.289499268,3.));
#7756=CARTESIAN_POINT('',(2.985999024,0.289499268,0.));
#7757=CARTESIAN_POINT('',(2.985999024,0.289499268,3.));
#7758=CARTESIAN_POINT('',(2.6,-3.46944695195361E-17,0.));
#7759=CARTESIAN_POINT('',(2.985999024,0.289499268,0.));
#7760=CARTESIAN_POINT('',(2.6,0.,3.));
#7761=CARTESIAN_POINT('',(2.6,0.,0.));
#7762=CARTESIAN_POINT('',(2.6,0.,3.));
#7763=CARTESIAN_POINT('Origin',(2.792999512,-0.144749634,0.));
#7764=CARTESIAN_POINT('',(2.985999024,-0.289499268,0.));
#7765=CARTESIAN_POINT('',(2.985999024,-0.289499268,3.));
#7766=CARTESIAN_POINT('',(2.985999024,-0.289499268,0.));
#7767=CARTESIAN_POINT('',(2.6,3.46944695195361E-17,3.));
#7768=CARTESIAN_POINT('',(2.985999024,-0.289499268,3.));
#7769=CARTESIAN_POINT('',(2.6,0.,0.));
#7770=CARTESIAN_POINT('',(2.6,0.,3.));
#7771=CARTESIAN_POINT('',(2.6,0.,0.));
#7772=CARTESIAN_POINT('Origin',(2.7352943235,-0.5830640565,0.));
#7773=CARTESIAN_POINT('',(2.959181499,-0.493198596,3.));
#7774=CARTESIAN_POINT('',(2.959181499,-0.493198596,0.));
#7775=CARTESIAN_POINT('',(2.959181499,-0.493198596,3.));
#7776=CARTESIAN_POINT('',(2.511407148,-0.672929517,0.));
#7777=CARTESIAN_POINT('',(2.959181499,-0.493198596,0.));
#7778=CARTESIAN_POINT('',(2.511407148,-0.672929517,3.));
#7779=CARTESIAN_POINT('',(2.511407148,-0.672929517,0.));
#7780=CARTESIAN_POINT('',(2.511407148,-0.672929517,3.));
#7781=CARTESIAN_POINT('Origin',(2.6603663995,-0.8626988765,0.));
#7782=CARTESIAN_POINT('',(2.809325651,-1.052468236,0.));
#7783=CARTESIAN_POINT('',(2.809325651,-1.052468236,3.));
#7784=CARTESIAN_POINT('',(2.809325651,-1.052468236,0.));
#7785=CARTESIAN_POINT('',(2.511407148,-0.672929517,3.));
#7786=CARTESIAN_POINT('',(2.809325651,-1.052468236,3.));
#7787=CARTESIAN_POINT('',(2.511407148,-0.672929517,0.));
#7788=CARTESIAN_POINT('',(2.511407148,-0.672929517,3.));
#7789=CARTESIAN_POINT('',(2.511407148,-0.672929517,0.));
#7790=CARTESIAN_POINT('Origin',(2.4911833475,-1.2711428955,0.));
#7791=CARTESIAN_POINT('',(2.730700645,-1.242285791,3.));
#7792=CARTESIAN_POINT('',(2.730700645,-1.242285791,0.));
#7793=CARTESIAN_POINT('',(2.730700645,-1.242285791,3.));
#7794=CARTESIAN_POINT('',(2.25166605,-1.3,0.));
#7795=CARTESIAN_POINT('',(2.730700645,-1.242285791,0.));
#7796=CARTESIAN_POINT('',(2.25166605,-1.3,3.));
#7797=CARTESIAN_POINT('',(2.25166605,-1.3,0.));
#7798=CARTESIAN_POINT('',(2.25166605,-1.3,3.));
#7799=CARTESIAN_POINT('Origin',(2.3464337135,-1.5218566165,0.));
#7800=CARTESIAN_POINT('',(2.441201377,-1.743713233,0.));
#7801=CARTESIAN_POINT('',(2.441201377,-1.743713233,3.));
#7802=CARTESIAN_POINT('',(2.441201377,-1.743713233,0.));
#7803=CARTESIAN_POINT('',(2.25166605,-1.3,3.));
#7804=CARTESIAN_POINT('',(2.441201377,-1.743713233,3.));
#7805=CARTESIAN_POINT('',(2.25166605,-1.3,0.));
#7806=CARTESIAN_POINT('',(2.25166605,-1.3,3.));
#7807=CARTESIAN_POINT('',(2.25166605,-1.3,0.));
#7808=CARTESIAN_POINT('Origin',(2.077302343,-1.872595447,0.));
#7809=CARTESIAN_POINT('',(2.316127055,-1.906713263,3.));
#7810=CARTESIAN_POINT('',(2.316127055,-1.906713263,0.));
#7811=CARTESIAN_POINT('',(2.316127055,-1.906713263,3.));
#7812=CARTESIAN_POINT('',(1.838477631,-1.838477631,0.));
#7813=CARTESIAN_POINT('',(2.316127055,-1.906713263,0.));
#7814=CARTESIAN_POINT('',(1.838477631,-1.838477631,3.));
#7815=CARTESIAN_POINT('',(1.838477631,-1.838477631,0.));
#7816=CARTESIAN_POINT('',(1.838477631,-1.838477631,3.));
#7817=CARTESIAN_POINT('Origin',(1.872595447,-2.077302343,0.));
#7818=CARTESIAN_POINT('',(1.906713263,-2.316127055,0.));
#7819=CARTESIAN_POINT('',(1.906713263,-2.316127055,3.));
#7820=CARTESIAN_POINT('',(1.906713263,-2.316127055,0.));
#7821=CARTESIAN_POINT('',(1.838477631,-1.838477631,3.));
#7822=CARTESIAN_POINT('',(1.906713263,-2.316127055,3.));
#7823=CARTESIAN_POINT('',(1.838477631,-1.838477631,0.));
#7824=CARTESIAN_POINT('',(1.838477631,-1.838477631,3.));
#7825=CARTESIAN_POINT('',(1.838477631,-1.838477631,0.));
#7826=CARTESIAN_POINT('Origin',(1.5218566165,-2.3464337135,0.));
#7827=CARTESIAN_POINT('',(1.743713233,-2.441201377,3.));
#7828=CARTESIAN_POINT('',(1.743713233,-2.441201377,0.));
#7829=CARTESIAN_POINT('',(1.743713233,-2.441201377,3.));
#7830=CARTESIAN_POINT('',(1.3,-2.25166605,0.));
#7831=CARTESIAN_POINT('',(1.743713233,-2.441201377,0.));
#7832=CARTESIAN_POINT('',(1.3,-2.25166605,3.));
#7833=CARTESIAN_POINT('',(1.3,-2.25166605,0.));
#7834=CARTESIAN_POINT('',(1.3,-2.25166605,3.));
#7835=CARTESIAN_POINT('Origin',(1.2711428955,-2.4911833475,0.));
#7836=CARTESIAN_POINT('',(1.242285791,-2.730700645,0.));
#7837=CARTESIAN_POINT('',(1.242285791,-2.730700645,3.));
#7838=CARTESIAN_POINT('',(1.242285791,-2.730700645,0.));
#7839=CARTESIAN_POINT('',(1.3,-2.25166605,3.));
#7840=CARTESIAN_POINT('',(1.242285791,-2.730700645,3.));
#7841=CARTESIAN_POINT('',(1.3,-2.25166605,0.));
#7842=CARTESIAN_POINT('',(1.3,-2.25166605,3.));
#7843=CARTESIAN_POINT('',(1.3,-2.25166605,0.));
#7844=CARTESIAN_POINT('Origin',(0.8626988765,-2.6603663995,0.));
#7845=CARTESIAN_POINT('',(1.052468236,-2.809325651,3.));
#7846=CARTESIAN_POINT('',(1.052468236,-2.809325651,0.));
#7847=CARTESIAN_POINT('',(1.052468236,-2.809325651,3.));
#7848=CARTESIAN_POINT('',(0.672929517,-2.511407148,0.));
#7849=CARTESIAN_POINT('',(1.052468236,-2.809325651,0.));
#7850=CARTESIAN_POINT('',(0.672929517,-2.511407148,3.));
#7851=CARTESIAN_POINT('',(0.672929517,-2.511407148,0.));
#7852=CARTESIAN_POINT('',(0.672929517,-2.511407148,3.));
#7853=CARTESIAN_POINT('Origin',(0.5830640565,-2.7352943235,0.));
#7854=CARTESIAN_POINT('',(0.493198596,-2.959181499,0.));
#7855=CARTESIAN_POINT('',(0.493198596,-2.959181499,3.));
#7856=CARTESIAN_POINT('',(0.493198596,-2.959181499,0.));
#7857=CARTESIAN_POINT('',(0.672929517,-2.511407148,3.));
#7858=CARTESIAN_POINT('',(0.493198596,-2.959181499,3.));
#7859=CARTESIAN_POINT('',(0.672929517,-2.511407148,0.));
#7860=CARTESIAN_POINT('',(0.672929517,-2.511407148,3.));
#7861=CARTESIAN_POINT('',(0.672929517,-2.511407148,0.));
#7862=CARTESIAN_POINT('Origin',(0.144749634,-2.792999512,0.));
#7863=CARTESIAN_POINT('',(0.289499268,-2.985999024,3.));
#7864=CARTESIAN_POINT('',(0.289499268,-2.985999024,0.));
#7865=CARTESIAN_POINT('',(0.289499268,-2.985999024,3.));
#7866=CARTESIAN_POINT('',(-3.46944695195361E-17,-2.6,0.));
#7867=CARTESIAN_POINT('',(0.289499268,-2.985999024,0.));
#7868=CARTESIAN_POINT('',(0.,-2.6,3.));
#7869=CARTESIAN_POINT('',(0.,-2.6,0.));
#7870=CARTESIAN_POINT('',(0.,-2.6,3.));
#7871=CARTESIAN_POINT('Origin',(-0.144749634,-2.792999512,0.));
#7872=CARTESIAN_POINT('',(-0.289499268,-2.985999024,0.));
#7873=CARTESIAN_POINT('',(-0.289499268,-2.985999024,3.));
#7874=CARTESIAN_POINT('',(-0.289499268,-2.985999024,0.));
#7875=CARTESIAN_POINT('',(3.46944695195361E-17,-2.6,3.));
#7876=CARTESIAN_POINT('',(-0.289499268,-2.985999024,3.));
#7877=CARTESIAN_POINT('',(0.,-2.6,0.));
#7878=CARTESIAN_POINT('',(0.,-2.6,3.));
#7879=CARTESIAN_POINT('',(0.,-2.6,0.));
#7880=CARTESIAN_POINT('Origin',(-0.5830640565,-2.7352943235,0.));
#7881=CARTESIAN_POINT('',(-0.493198596,-2.959181499,3.));
#7882=CARTESIAN_POINT('',(-0.493198596,-2.959181499,0.));
#7883=CARTESIAN_POINT('',(-0.493198596,-2.959181499,3.));
#7884=CARTESIAN_POINT('',(-0.672929517,-2.511407148,0.));
#7885=CARTESIAN_POINT('',(-0.493198596,-2.959181499,0.));
#7886=CARTESIAN_POINT('',(-0.672929517,-2.511407148,3.));
#7887=CARTESIAN_POINT('',(-0.672929517,-2.511407148,0.));
#7888=CARTESIAN_POINT('',(-0.672929517,-2.511407148,3.));
#7889=CARTESIAN_POINT('Origin',(-0.8626988765,-2.6603663995,0.));
#7890=CARTESIAN_POINT('',(-1.052468236,-2.809325651,0.));
#7891=CARTESIAN_POINT('',(-1.052468236,-2.809325651,3.));
#7892=CARTESIAN_POINT('',(-1.052468236,-2.809325651,0.));
#7893=CARTESIAN_POINT('',(-0.672929517,-2.511407148,3.));
#7894=CARTESIAN_POINT('',(-1.052468236,-2.809325651,3.));
#7895=CARTESIAN_POINT('',(-0.672929517,-2.511407148,0.));
#7896=CARTESIAN_POINT('',(-0.672929517,-2.511407148,3.));
#7897=CARTESIAN_POINT('',(-0.672929517,-2.511407148,0.));
#7898=CARTESIAN_POINT('Origin',(-1.2711428955,-2.4911833475,0.));
#7899=CARTESIAN_POINT('',(-1.242285791,-2.730700645,3.));
#7900=CARTESIAN_POINT('',(-1.242285791,-2.730700645,0.));
#7901=CARTESIAN_POINT('',(-1.242285791,-2.730700645,3.));
#7902=CARTESIAN_POINT('',(-1.3,-2.25166605,0.));
#7903=CARTESIAN_POINT('',(-1.242285791,-2.730700645,0.));
#7904=CARTESIAN_POINT('',(-1.3,-2.25166605,3.));
#7905=CARTESIAN_POINT('',(-1.3,-2.25166605,0.));
#7906=CARTESIAN_POINT('',(-1.3,-2.25166605,3.));
#7907=CARTESIAN_POINT('Origin',(-1.5218566165,-2.3464337135,0.));
#7908=CARTESIAN_POINT('',(-1.743713233,-2.441201377,0.));
#7909=CARTESIAN_POINT('',(-1.743713233,-2.441201377,3.));
#7910=CARTESIAN_POINT('',(-1.743713233,-2.441201377,0.));
#7911=CARTESIAN_POINT('',(-1.3,-2.25166605,3.));
#7912=CARTESIAN_POINT('',(-1.743713233,-2.441201377,3.));
#7913=CARTESIAN_POINT('',(-1.3,-2.25166605,0.));
#7914=CARTESIAN_POINT('',(-1.3,-2.25166605,3.));
#7915=CARTESIAN_POINT('',(-1.3,-2.25166605,0.));
#7916=CARTESIAN_POINT('Origin',(-1.872595447,-2.077302343,0.));
#7917=CARTESIAN_POINT('',(-1.906713263,-2.316127055,3.));
#7918=CARTESIAN_POINT('',(-1.906713263,-2.316127055,0.));
#7919=CARTESIAN_POINT('',(-1.906713263,-2.316127055,3.));
#7920=CARTESIAN_POINT('',(-1.838477631,-1.838477631,0.));
#7921=CARTESIAN_POINT('',(-1.906713263,-2.316127055,0.));
#7922=CARTESIAN_POINT('',(-1.838477631,-1.838477631,3.));
#7923=CARTESIAN_POINT('',(-1.838477631,-1.838477631,0.));
#7924=CARTESIAN_POINT('',(-1.838477631,-1.838477631,3.));
#7925=CARTESIAN_POINT('Origin',(-2.077302343,-1.872595447,0.));
#7926=CARTESIAN_POINT('',(-2.316127055,-1.906713263,0.));
#7927=CARTESIAN_POINT('',(-2.316127055,-1.906713263,3.));
#7928=CARTESIAN_POINT('',(-2.316127055,-1.906713263,0.));
#7929=CARTESIAN_POINT('',(-1.838477631,-1.838477631,3.));
#7930=CARTESIAN_POINT('',(-2.316127055,-1.906713263,3.));
#7931=CARTESIAN_POINT('',(-1.838477631,-1.838477631,0.));
#7932=CARTESIAN_POINT('',(-1.838477631,-1.838477631,3.));
#7933=CARTESIAN_POINT('',(-1.838477631,-1.838477631,0.));
#7934=CARTESIAN_POINT('Origin',(-2.3464337135,-1.5218566165,0.));
#7935=CARTESIAN_POINT('',(-2.441201377,-1.743713233,3.));
#7936=CARTESIAN_POINT('',(-2.441201377,-1.743713233,0.));
#7937=CARTESIAN_POINT('',(-2.441201377,-1.743713233,3.));
#7938=CARTESIAN_POINT('',(-2.25166605,-1.3,0.));
#7939=CARTESIAN_POINT('',(-2.441201377,-1.743713233,0.));
#7940=CARTESIAN_POINT('',(-2.25166605,-1.3,3.));
#7941=CARTESIAN_POINT('',(-2.25166605,-1.3,0.));
#7942=CARTESIAN_POINT('',(-2.25166605,-1.3,3.));
#7943=CARTESIAN_POINT('Origin',(-2.4911833475,-1.2711428955,0.));
#7944=CARTESIAN_POINT('',(-2.730700645,-1.242285791,0.));
#7945=CARTESIAN_POINT('',(-2.730700645,-1.242285791,3.));
#7946=CARTESIAN_POINT('',(-2.730700645,-1.242285791,0.));
#7947=CARTESIAN_POINT('',(-2.25166605,-1.3,3.));
#7948=CARTESIAN_POINT('',(-2.730700645,-1.242285791,3.));
#7949=CARTESIAN_POINT('',(-2.25166605,-1.3,0.));
#7950=CARTESIAN_POINT('',(-2.25166605,-1.3,3.));
#7951=CARTESIAN_POINT('',(-2.25166605,-1.3,0.));
#7952=CARTESIAN_POINT('Origin',(-2.6603663995,-0.8626988765,0.));
#7953=CARTESIAN_POINT('',(-2.809325651,-1.052468236,3.));
#7954=CARTESIAN_POINT('',(-2.809325651,-1.052468236,0.));
#7955=CARTESIAN_POINT('',(-2.809325651,-1.052468236,3.));
#7956=CARTESIAN_POINT('',(-2.511407148,-0.672929517,0.));
#7957=CARTESIAN_POINT('',(-2.809325651,-1.052468236,0.));
#7958=CARTESIAN_POINT('',(-2.511407148,-0.672929517,3.));
#7959=CARTESIAN_POINT('',(-2.511407148,-0.672929517,0.));
#7960=CARTESIAN_POINT('',(-2.511407148,-0.672929517,3.));
#7961=CARTESIAN_POINT('Origin',(-2.7352943235,-0.5830640565,0.));
#7962=CARTESIAN_POINT('',(-2.959181499,-0.493198596,0.));
#7963=CARTESIAN_POINT('',(-2.959181499,-0.493198596,3.));
#7964=CARTESIAN_POINT('',(-2.959181499,-0.493198596,0.));
#7965=CARTESIAN_POINT('',(-2.511407148,-0.672929517,3.));
#7966=CARTESIAN_POINT('',(-2.959181499,-0.493198596,3.));
#7967=CARTESIAN_POINT('',(-2.511407148,-0.672929517,0.));
#7968=CARTESIAN_POINT('',(-2.511407148,-0.672929517,3.));
#7969=CARTESIAN_POINT('',(-2.511407148,-0.672929517,0.));
#7970=CARTESIAN_POINT('Origin',(-2.792999512,-0.144749634,0.));
#7971=CARTESIAN_POINT('',(-2.985999024,-0.289499268,3.));
#7972=CARTESIAN_POINT('',(-2.985999024,-0.289499268,0.));
#7973=CARTESIAN_POINT('',(-2.985999024,-0.289499268,3.));
#7974=CARTESIAN_POINT('',(-2.6,3.46944695195361E-17,0.));
#7975=CARTESIAN_POINT('',(-2.985999024,-0.289499268,0.));
#7976=CARTESIAN_POINT('',(-2.6,0.,3.));
#7977=CARTESIAN_POINT('',(-2.6,0.,0.));
#7978=CARTESIAN_POINT('',(-2.6,0.,3.));
#7979=CARTESIAN_POINT('Origin',(-2.792999512,0.144749634,0.));
#7980=CARTESIAN_POINT('',(-2.985999024,0.289499268,0.));
#7981=CARTESIAN_POINT('',(-2.985999024,0.289499268,3.));
#7982=CARTESIAN_POINT('',(-2.985999024,0.289499268,0.));
#7983=CARTESIAN_POINT('',(-2.6,-3.46944695195361E-17,3.));
#7984=CARTESIAN_POINT('',(-2.985999024,0.289499268,3.));
#7985=CARTESIAN_POINT('',(-2.6,0.,0.));
#7986=CARTESIAN_POINT('',(-2.6,0.,3.));
#7987=CARTESIAN_POINT('',(-2.6,0.,0.));
#7988=CARTESIAN_POINT('Origin',(-2.7352943235,0.5830640565,0.));
#7989=CARTESIAN_POINT('',(-2.959181499,0.493198596,3.));
#7990=CARTESIAN_POINT('',(-2.959181499,0.493198596,0.));
#7991=CARTESIAN_POINT('',(-2.959181499,0.493198596,3.));
#7992=CARTESIAN_POINT('',(-2.511407148,0.672929517,0.));
#7993=CARTESIAN_POINT('',(-2.959181499,0.493198596,0.));
#7994=CARTESIAN_POINT('',(-2.511407148,0.672929517,3.));
#7995=CARTESIAN_POINT('',(-2.511407148,0.672929517,0.));
#7996=CARTESIAN_POINT('',(-2.511407148,0.672929517,3.));
#7997=CARTESIAN_POINT('Origin',(-2.6603663995,0.8626988765,0.));
#7998=CARTESIAN_POINT('',(-2.809325651,1.052468236,0.));
#7999=CARTESIAN_POINT('',(-2.809325651,1.052468236,3.));
#8000=CARTESIAN_POINT('',(-2.809325651,1.052468236,0.));
#8001=CARTESIAN_POINT('',(-2.511407148,0.672929517,3.));
#8002=CARTESIAN_POINT('',(-2.809325651,1.052468236,3.));
#8003=CARTESIAN_POINT('',(-2.511407148,0.672929517,0.));
#8004=CARTESIAN_POINT('',(-2.511407148,0.672929517,3.));
#8005=CARTESIAN_POINT('',(-2.511407148,0.672929517,0.));
#8006=CARTESIAN_POINT('Origin',(-2.4911833475,1.2711428955,0.));
#8007=CARTESIAN_POINT('',(-2.730700645,1.242285791,3.));
#8008=CARTESIAN_POINT('',(-2.730700645,1.242285791,0.));
#8009=CARTESIAN_POINT('',(-2.730700645,1.242285791,3.));
#8010=CARTESIAN_POINT('',(-2.25166605,1.3,0.));
#8011=CARTESIAN_POINT('',(-2.730700645,1.242285791,0.));
#8012=CARTESIAN_POINT('',(-2.25166605,1.3,3.));
#8013=CARTESIAN_POINT('',(-2.25166605,1.3,0.));
#8014=CARTESIAN_POINT('',(-2.25166605,1.3,3.));
#8015=CARTESIAN_POINT('Origin',(-2.3464337135,1.5218566165,0.));
#8016=CARTESIAN_POINT('',(-2.441201377,1.743713233,0.));
#8017=CARTESIAN_POINT('',(-2.441201377,1.743713233,3.));
#8018=CARTESIAN_POINT('',(-2.441201377,1.743713233,0.));
#8019=CARTESIAN_POINT('',(-2.25166605,1.3,3.));
#8020=CARTESIAN_POINT('',(-2.441201377,1.743713233,3.));
#8021=CARTESIAN_POINT('',(-2.25166605,1.3,0.));
#8022=CARTESIAN_POINT('',(-2.25166605,1.3,3.));
#8023=CARTESIAN_POINT('',(-2.25166605,1.3,0.));
#8024=CARTESIAN_POINT('Origin',(-2.077302343,1.872595447,0.));
#8025=CARTESIAN_POINT('',(-2.316127055,1.906713263,3.));
#8026=CARTESIAN_POINT('',(-2.316127055,1.906713263,0.));
#8027=CARTESIAN_POINT('',(-2.316127055,1.906713263,3.));
#8028=CARTESIAN_POINT('',(-1.838477631,1.838477631,0.));
#8029=CARTESIAN_POINT('',(-2.316127055,1.906713263,0.));
#8030=CARTESIAN_POINT('',(-1.838477631,1.838477631,3.));
#8031=CARTESIAN_POINT('',(-1.838477631,1.838477631,0.));
#8032=CARTESIAN_POINT('',(-1.838477631,1.838477631,3.));
#8033=CARTESIAN_POINT('Origin',(-1.872595447,2.077302343,0.));
#8034=CARTESIAN_POINT('',(-1.906713263,2.316127055,0.));
#8035=CARTESIAN_POINT('',(-1.906713263,2.316127055,3.));
#8036=CARTESIAN_POINT('',(-1.906713263,2.316127055,0.));
#8037=CARTESIAN_POINT('',(-1.838477631,1.838477631,3.));
#8038=CARTESIAN_POINT('',(-1.906713263,2.316127055,3.));
#8039=CARTESIAN_POINT('',(-1.838477631,1.838477631,0.));
#8040=CARTESIAN_POINT('',(-1.838477631,1.838477631,3.));
#8041=CARTESIAN_POINT('',(-1.838477631,1.838477631,0.));
#8042=CARTESIAN_POINT('Origin',(-1.5218566165,2.3464337135,0.));
#8043=CARTESIAN_POINT('',(-1.743713233,2.441201377,3.));
#8044=CARTESIAN_POINT('',(-1.743713233,2.441201377,0.));
#8045=CARTESIAN_POINT('',(-1.743713233,2.441201377,3.));
#8046=CARTESIAN_POINT('',(-1.3,2.25166605,0.));
#8047=CARTESIAN_POINT('',(-1.743713233,2.441201377,0.));
#8048=CARTESIAN_POINT('',(-1.3,2.25166605,3.));
#8049=CARTESIAN_POINT('',(-1.3,2.25166605,0.));
#8050=CARTESIAN_POINT('',(-1.3,2.25166605,3.));
#8051=CARTESIAN_POINT('Origin',(-1.2711428955,2.4911833475,0.));
#8052=CARTESIAN_POINT('',(-1.242285791,2.730700645,0.));
#8053=CARTESIAN_POINT('',(-1.242285791,2.730700645,3.));
#8054=CARTESIAN_POINT('',(-1.242285791,2.730700645,0.));
#8055=CARTESIAN_POINT('',(-1.3,2.25166605,3.));
#8056=CARTESIAN_POINT('',(-1.242285791,2.730700645,3.));
#8057=CARTESIAN_POINT('',(-1.3,2.25166605,0.));
#8058=CARTESIAN_POINT('',(-1.3,2.25166605,3.));
#8059=CARTESIAN_POINT('',(-1.3,2.25166605,0.));
#8060=CARTESIAN_POINT('Origin',(-0.8626988765,2.6603663995,0.));
#8061=CARTESIAN_POINT('',(-1.052468236,2.809325651,3.));
#8062=CARTESIAN_POINT('',(-1.052468236,2.809325651,0.));
#8063=CARTESIAN_POINT('',(-1.052468236,2.809325651,3.));
#8064=CARTESIAN_POINT('',(-0.672929517,2.511407148,0.));
#8065=CARTESIAN_POINT('',(-1.052468236,2.809325651,0.));
#8066=CARTESIAN_POINT('',(-0.672929517,2.511407148,3.));
#8067=CARTESIAN_POINT('',(-0.672929517,2.511407148,0.));
#8068=CARTESIAN_POINT('',(-0.672929517,2.511407148,3.));
#8069=CARTESIAN_POINT('Origin',(-0.5830640565,2.7352943235,0.));
#8070=CARTESIAN_POINT('',(-0.493198596,2.959181499,0.));
#8071=CARTESIAN_POINT('',(-0.493198596,2.959181499,3.));
#8072=CARTESIAN_POINT('',(-0.493198596,2.959181499,0.));
#8073=CARTESIAN_POINT('',(-0.672929517,2.511407148,3.));
#8074=CARTESIAN_POINT('',(-0.493198596,2.959181499,3.));
#8075=CARTESIAN_POINT('',(-0.672929517,2.511407148,0.));
#8076=CARTESIAN_POINT('',(-0.672929517,2.511407148,3.));
#8077=CARTESIAN_POINT('',(-0.672929517,2.511407148,0.));
#8078=CARTESIAN_POINT('Origin',(2.77555756156289E-16,14.,4.));
#8079=CARTESIAN_POINT('',(-1.95061736,14.441692106,5.));
#8080=CARTESIAN_POINT('',(1.95061735967857,14.4416921055675,5.00000000000001));
#8081=CARTESIAN_POINT('Origin',(-1.66533453693773E-15,14.,5.00000000000001));
#8082=CARTESIAN_POINT('',(1.95061736,14.441692106,3.));
#8083=CARTESIAN_POINT('',(1.95061736,14.441692106,5.));
#8084=CARTESIAN_POINT('',(-1.95061736,14.441692106,3.));
#8085=CARTESIAN_POINT('Origin',(0.,14.,3.));
#8086=CARTESIAN_POINT('',(-1.95061736,14.441692106,3.));
#8087=CARTESIAN_POINT('Origin',(2.85030868,10.468441317,3.));
#8088=CARTESIAN_POINT('',(1.95061736,14.441692106,5.));
#8089=CARTESIAN_POINT('',(3.75,6.495190528,5.));
#8090=CARTESIAN_POINT('',(1.95061736,14.441692106,5.));
#8091=CARTESIAN_POINT('',(3.75,6.495190528,3.));
#8092=CARTESIAN_POINT('',(3.75,6.495190528,5.));
#8093=CARTESIAN_POINT('',(1.95061736,14.441692106,3.));
#8094=CARTESIAN_POINT('',(3.75,6.495190528,3.));
#8095=CARTESIAN_POINT('',(1.95061736,14.441692106,3.));
#8096=CARTESIAN_POINT('Origin',(-2.85030868,10.468441317,3.));
#8097=CARTESIAN_POINT('',(-3.75,6.495190528,5.));
#8098=CARTESIAN_POINT('',(-1.95061736,14.441692106,5.));
#8099=CARTESIAN_POINT('',(-3.75,6.495190528,5.));
#8100=CARTESIAN_POINT('',(-1.95061736,14.441692106,3.));
#8101=CARTESIAN_POINT('',(-1.95061736,14.441692106,5.));
#8102=CARTESIAN_POINT('',(-3.75,6.495190528,3.));
#8103=CARTESIAN_POINT('',(-1.95061736,14.441692106,3.));
#8104=CARTESIAN_POINT('',(-3.75,6.495190528,3.));
#8105=CARTESIAN_POINT('Origin',(0.,-16.192,3.));
#8106=CARTESIAN_POINT('',(1.95061735967857,14.4416921055675,3.));
#8107=CARTESIAN_POINT('',(3.75,6.495190528,3.));
#8108=CARTESIAN_POINT('',(1.95061736,14.441692106,3.));
#8109=CARTESIAN_POINT('',(11.531563557,8.910130239,3.));
#8110=CARTESIAN_POINT('',(3.75,6.495190528,3.));
#8111=CARTESIAN_POINT('',(13.4821809168401,5.53156186617322,3.));
#8112=CARTESIAN_POINT('Origin',(12.1243556529766,7.00000000001724,3.));
#8113=CARTESIAN_POINT('',(7.5,0.,3.));
#8114=CARTESIAN_POINT('',(13.482180917,5.531561866,3.));
#8115=CARTESIAN_POINT('',(13.482180917,-5.531561866,3.));
#8116=CARTESIAN_POINT('',(7.5,0.,3.));
#8117=CARTESIAN_POINT('',(11.5315635569275,-8.91013023923322,3.));
#8118=CARTESIAN_POINT('Origin',(12.1243556529942,-6.99999999998673,3.));
#8119=CARTESIAN_POINT('',(3.75,-6.495190528,3.));
#8120=CARTESIAN_POINT('',(11.531563557,-8.910130239,3.));
#8121=CARTESIAN_POINT('',(1.95061736,-14.441692106,3.));
#8122=CARTESIAN_POINT('',(3.75,-6.495190528,3.));
#8123=CARTESIAN_POINT('',(-1.95061735967857,-14.4416921055675,3.));
#8124=CARTESIAN_POINT('Origin',(-9.99200722162641E-15,-14.,3.));
#8125=CARTESIAN_POINT('',(-3.75,-6.495190528,3.));
#8126=CARTESIAN_POINT('',(-1.95061736,-14.441692106,3.));
#8127=CARTESIAN_POINT('',(-11.531563557,-8.910130239,3.));
#8128=CARTESIAN_POINT('',(-3.75,-6.495190528,3.));
#8129=CARTESIAN_POINT('',(-13.4821809168992,-5.53156186622215,3.));
#8130=CARTESIAN_POINT('Origin',(-12.1243556529875,-6.99999999998296,3.));
#8131=CARTESIAN_POINT('',(-7.5,0.,3.));
#8132=CARTESIAN_POINT('',(-13.482180917,-5.531561866,3.));
#8133=CARTESIAN_POINT('',(-13.482180917,5.531561866,3.));
#8134=CARTESIAN_POINT('',(-7.5,0.,3.));
#8135=CARTESIAN_POINT('',(-11.5315635572032,8.91013023934138,3.));
#8136=CARTESIAN_POINT('Origin',(-12.12435565297,7.00000000001309,3.));
#8137=CARTESIAN_POINT('',(-3.75,6.495190528,3.));
#8138=CARTESIAN_POINT('',(-11.531563557,8.910130239,3.));
#8139=CARTESIAN_POINT('',(-1.95061736,14.441692106,3.));
#8140=CARTESIAN_POINT('',(-3.75,6.495190528,3.));
#8141=CARTESIAN_POINT('Origin',(4.44089209850063E-15,14.,3.));
#8142=CARTESIAN_POINT('',(-4.25,5.20474889637625E-16,3.));
#8143=CARTESIAN_POINT('Origin',(0.,0.,3.));
#8144=CARTESIAN_POINT('',(-1.,13.5,3.));
#8145=CARTESIAN_POINT('Origin',(0.,13.5,3.));
#8146=CARTESIAN_POINT('',(-1.,10.5,3.));
#8147=CARTESIAN_POINT('Origin',(0.,10.5,3.));
#8148=CARTESIAN_POINT('',(-1.,7.5,3.));
#8149=CARTESIAN_POINT('Origin',(0.,7.5,3.));
#8150=CARTESIAN_POINT('',(5.495190528,3.75,3.));
#8151=CARTESIAN_POINT('Origin',(6.495190528,3.75,3.));
#8152=CARTESIAN_POINT('',(8.09326674,5.25,3.));
#8153=CARTESIAN_POINT('Origin',(9.09326674,5.25,3.));
#8154=CARTESIAN_POINT('',(10.691342951,6.75,3.));
#8155=CARTESIAN_POINT('Origin',(11.691342951,6.75,3.));
#8156=CARTESIAN_POINT('',(5.495190528,-3.75,3.));
#8157=CARTESIAN_POINT('Origin',(6.495190528,-3.75,3.));
#8158=CARTESIAN_POINT('',(8.09326674,-5.25,3.));
#8159=CARTESIAN_POINT('Origin',(9.09326674,-5.25,3.));
#8160=CARTESIAN_POINT('',(10.691342951,-6.75,3.));
#8161=CARTESIAN_POINT('Origin',(11.691342951,-6.75,3.));
#8162=CARTESIAN_POINT('',(-1.,-7.5,3.));
#8163=CARTESIAN_POINT('Origin',(0.,-7.5,3.));
#8164=CARTESIAN_POINT('',(-1.,-10.5,3.));
#8165=CARTESIAN_POINT('Origin',(0.,-10.5,3.));
#8166=CARTESIAN_POINT('',(-1.,-13.5,3.));
#8167=CARTESIAN_POINT('Origin',(0.,-13.5,3.));
#8168=CARTESIAN_POINT('',(-7.495190528,-3.75,3.));
#8169=CARTESIAN_POINT('Origin',(-6.495190528,-3.75,3.));
#8170=CARTESIAN_POINT('',(-10.09326674,-5.25,3.));
#8171=CARTESIAN_POINT('Origin',(-9.09326674,-5.25,3.));
#8172=CARTESIAN_POINT('',(-12.691342951,-6.75,3.));
#8173=CARTESIAN_POINT('Origin',(-11.691342951,-6.75,3.));
#8174=CARTESIAN_POINT('',(-7.495190528,3.75,3.));
#8175=CARTESIAN_POINT('Origin',(-6.495190528,3.75,3.));
#8176=CARTESIAN_POINT('',(-10.09326674,5.25,3.));
#8177=CARTESIAN_POINT('Origin',(-9.09326674,5.25,3.));
#8178=CARTESIAN_POINT('',(-12.691342951,6.75,3.));
#8179=CARTESIAN_POINT('Origin',(-11.691342951,6.75,3.));
#8180=CARTESIAN_POINT('Origin',(1.38777878078145E-16,7.5,4.));
#8181=CARTESIAN_POINT('',(-1.,7.5,5.));
#8182=CARTESIAN_POINT('',(1.,7.50000000000001,5.00000000000005));
#8183=CARTESIAN_POINT('Origin',(-2.36658271566304E-29,7.5,5.00000000000005));
#8184=CARTESIAN_POINT('',(1.,7.5,3.));
#8185=CARTESIAN_POINT('',(1.,7.5,5.));
#8186=CARTESIAN_POINT('',(-1.,7.5,3.));
#8187=CARTESIAN_POINT('Origin',(0.,7.5,3.));
#8188=CARTESIAN_POINT('',(-1.,7.5,3.));
#8189=CARTESIAN_POINT('Origin',(1.38777878078145E-16,10.5,4.));
#8190=CARTESIAN_POINT('',(-1.,10.5,5.));
#8191=CARTESIAN_POINT('',(1.,10.5,5.00000000000003));
#8192=CARTESIAN_POINT('Origin',(-3.15544362088405E-29,10.5,5.00000000000003));
#8193=CARTESIAN_POINT('',(1.,10.5,3.));
#8194=CARTESIAN_POINT('',(1.,10.5,5.));
#8195=CARTESIAN_POINT('',(-1.,10.5,3.));
#8196=CARTESIAN_POINT('Origin',(0.,10.5,3.));
#8197=CARTESIAN_POINT('',(-1.,10.5,3.));
#8198=CARTESIAN_POINT('Origin',(1.38777878078145E-16,13.5,4.));
#8199=CARTESIAN_POINT('',(-1.,13.5,5.));
#8200=CARTESIAN_POINT('',(1.,13.5,5.00000000000001));
#8201=CARTESIAN_POINT('Origin',(-4.73316543132607E-29,13.5,5.00000000000001));
#8202=CARTESIAN_POINT('',(1.,13.5,3.));
#8203=CARTESIAN_POINT('',(1.,13.5,5.));
#8204=CARTESIAN_POINT('',(-1.,13.5,3.));
#8205=CARTESIAN_POINT('Origin',(0.,13.5,3.));
#8206=CARTESIAN_POINT('',(-1.,13.5,3.));
#8207=CARTESIAN_POINT('Origin',(-12.124355653,7.,4.));
#8208=CARTESIAN_POINT('',(-13.482180917,5.531561866,5.));
#8209=CARTESIAN_POINT('',(-11.5315635572033,8.91013023934139,4.99999999999999));
#8210=CARTESIAN_POINT('Origin',(-12.1243556529701,7.0000000000131,4.99999999999999));
#8211=CARTESIAN_POINT('',(-11.531563557,8.910130239,3.));
#8212=CARTESIAN_POINT('',(-11.531563557,8.910130239,5.));
#8213=CARTESIAN_POINT('',(-13.4821809166742,5.53156186635239,3.));
#8214=CARTESIAN_POINT('Origin',(-12.124355653,7.,3.));
#8215=CARTESIAN_POINT('',(-13.482180917,5.531561866,3.));
#8216=CARTESIAN_POINT('Origin',(-7.6407817785,7.7026603835,3.));
#8217=CARTESIAN_POINT('',(-11.531563557,8.910130239,5.));
#8218=CARTESIAN_POINT('',(-3.75,6.495190528,5.));
#8219=CARTESIAN_POINT('',(-11.531563557,8.910130239,5.));
#8220=CARTESIAN_POINT('',(-3.75,6.495190528,3.));
#8221=CARTESIAN_POINT('',(-3.75,6.495190528,5.));
#8222=CARTESIAN_POINT('',(-11.531563557,8.910130239,3.));
#8223=CARTESIAN_POINT('',(-3.75,6.495190528,3.));
#8224=CARTESIAN_POINT('',(-11.531563557,8.910130239,3.));
#8225=CARTESIAN_POINT('Origin',(-10.4910904585,2.765780933,3.));
#8226=CARTESIAN_POINT('',(-7.5,0.,5.));
#8227=CARTESIAN_POINT('',(-13.482180917,5.531561866,5.));
#8228=CARTESIAN_POINT('',(-7.5,0.,5.));
#8229=CARTESIAN_POINT('',(-13.482180917,5.531561866,3.));
#8230=CARTESIAN_POINT('',(-13.482180917,5.531561866,5.));
#8231=CARTESIAN_POINT('',(-7.5,0.,3.));
#8232=CARTESIAN_POINT('',(-13.482180917,5.531561866,3.));
#8233=CARTESIAN_POINT('',(-7.5,0.,3.));
#8234=CARTESIAN_POINT('Origin',(-6.495190528,3.75,4.));
#8235=CARTESIAN_POINT('',(-7.495190528,3.75,5.));
#8236=CARTESIAN_POINT('',(-5.49519052876663,3.75000000000001,4.99999999999997));
#8237=CARTESIAN_POINT('Origin',(-6.49519052876663,3.75,4.99999999999997));
#8238=CARTESIAN_POINT('',(-5.495190528,3.75,3.));
#8239=CARTESIAN_POINT('',(-5.495190528,3.75,5.));
#8240=CARTESIAN_POINT('',(-7.495190528,3.75,3.));
#8241=CARTESIAN_POINT('Origin',(-6.495190528,3.75,3.));
#8242=CARTESIAN_POINT('',(-7.495190528,3.75,3.));
#8243=CARTESIAN_POINT('Origin',(-9.09326674,5.25,4.));
#8244=CARTESIAN_POINT('',(-10.09326674,5.25,5.));
#8245=CARTESIAN_POINT('',(-8.09326673947324,5.25000000000001,4.99999999999996));
#8246=CARTESIAN_POINT('Origin',(-9.09326673947324,5.25,4.99999999999996));
#8247=CARTESIAN_POINT('',(-8.09326674,5.25,3.));
#8248=CARTESIAN_POINT('',(-8.09326674,5.25,5.));
#8249=CARTESIAN_POINT('',(-10.09326674,5.25,3.));
#8250=CARTESIAN_POINT('Origin',(-9.09326674,5.25,3.));
#8251=CARTESIAN_POINT('',(-10.09326674,5.25,3.));
#8252=CARTESIAN_POINT('Origin',(-11.691342951,6.75,4.));
#8253=CARTESIAN_POINT('',(-12.691342951,6.75,5.));
#8254=CARTESIAN_POINT('',(-10.6913429511798,6.75000000000001,4.99999999999995));
#8255=CARTESIAN_POINT('Origin',(-11.6913429511798,6.75,4.99999999999995));
#8256=CARTESIAN_POINT('',(-10.691342951,6.75,3.));
#8257=CARTESIAN_POINT('',(-10.691342951,6.75,5.));
#8258=CARTESIAN_POINT('',(-12.691342951,6.75,3.));
#8259=CARTESIAN_POINT('Origin',(-11.691342951,6.75,3.));
#8260=CARTESIAN_POINT('',(-12.691342951,6.75,3.));
#8261=CARTESIAN_POINT('Origin',(-12.124355653,-7.,4.));
#8262=CARTESIAN_POINT('',(-11.531563557,-8.910130239,5.));
#8263=CARTESIAN_POINT('',(-13.4821809168992,-5.53156186622214,5.));
#8264=CARTESIAN_POINT('Origin',(-12.1243556529875,-6.99999999998295,5.));
#8265=CARTESIAN_POINT('',(-13.482180917,-5.531561866,3.));
#8266=CARTESIAN_POINT('',(-13.482180917,-5.531561866,5.));
#8267=CARTESIAN_POINT('',(-11.5315635568577,-8.91013023945838,3.));
#8268=CARTESIAN_POINT('Origin',(-12.124355653,-7.,3.));
#8269=CARTESIAN_POINT('',(-11.531563557,-8.910130239,3.));
#8270=CARTESIAN_POINT('Origin',(-10.4910904585,-2.765780933,3.));
#8271=CARTESIAN_POINT('',(-13.482180917,-5.531561866,5.));
#8272=CARTESIAN_POINT('',(-7.5,0.,5.));
#8273=CARTESIAN_POINT('',(-13.482180917,-5.531561866,5.));
#8274=CARTESIAN_POINT('',(-7.5,0.,3.));
#8275=CARTESIAN_POINT('',(-7.5,0.,5.));
#8276=CARTESIAN_POINT('',(-13.482180917,-5.531561866,3.));
#8277=CARTESIAN_POINT('',(-7.5,0.,3.));
#8278=CARTESIAN_POINT('',(-13.482180917,-5.531561866,3.));
#8279=CARTESIAN_POINT('Origin',(-7.6407817785,-7.7026603835,3.));
#8280=CARTESIAN_POINT('',(-3.75,-6.495190528,5.));
#8281=CARTESIAN_POINT('',(-11.531563557,-8.910130239,5.));
#8282=CARTESIAN_POINT('',(-3.75,-6.495190528,5.));
#8283=CARTESIAN_POINT('',(-11.531563557,-8.910130239,3.));
#8284=CARTESIAN_POINT('',(-11.531563557,-8.910130239,5.));
#8285=CARTESIAN_POINT('',(-3.75,-6.495190528,3.));
#8286=CARTESIAN_POINT('',(-11.531563557,-8.910130239,3.));
#8287=CARTESIAN_POINT('',(-3.75,-6.495190528,3.));
#8288=CARTESIAN_POINT('Origin',(-6.495190528,-3.75,4.));
#8289=CARTESIAN_POINT('',(-7.495190528,-3.75,5.));
#8290=CARTESIAN_POINT('',(-5.49519052876657,-3.74999999999999,5.));
#8291=CARTESIAN_POINT('Origin',(-6.49519052876657,-3.75,5.));
#8292=CARTESIAN_POINT('',(-5.495190528,-3.75,3.));
#8293=CARTESIAN_POINT('',(-5.495190528,-3.75,5.));
#8294=CARTESIAN_POINT('',(-7.495190528,-3.75,3.));
#8295=CARTESIAN_POINT('Origin',(-6.495190528,-3.75,3.));
#8296=CARTESIAN_POINT('',(-7.495190528,-3.75,3.));
#8297=CARTESIAN_POINT('Origin',(-9.09326674,-5.25,4.));
#8298=CARTESIAN_POINT('',(-10.09326674,-5.25,5.));
#8299=CARTESIAN_POINT('',(-8.09326673947316,-5.24999999999999,5.));
#8300=CARTESIAN_POINT('Origin',(-9.09326673947316,-5.25,5.));
#8301=CARTESIAN_POINT('',(-8.09326674,-5.25,3.));
#8302=CARTESIAN_POINT('',(-8.09326674,-5.25,5.));
#8303=CARTESIAN_POINT('',(-10.09326674,-5.25,3.));
#8304=CARTESIAN_POINT('Origin',(-9.09326674,-5.25,3.));
#8305=CARTESIAN_POINT('',(-10.09326674,-5.25,3.));
#8306=CARTESIAN_POINT('Origin',(-11.691342951,-6.75,4.));
#8307=CARTESIAN_POINT('',(-12.691342951,-6.75,5.));
#8308=CARTESIAN_POINT('',(-10.6913429511798,-6.74999999999999,5.));
#8309=CARTESIAN_POINT('Origin',(-11.6913429511798,-6.75,5.));
#8310=CARTESIAN_POINT('',(-10.691342951,-6.75,3.));
#8311=CARTESIAN_POINT('',(-10.691342951,-6.75,5.));
#8312=CARTESIAN_POINT('',(-12.691342951,-6.75,3.));
#8313=CARTESIAN_POINT('Origin',(-11.691342951,-6.75,3.));
#8314=CARTESIAN_POINT('',(-12.691342951,-6.75,3.));
#8315=CARTESIAN_POINT('Origin',(2.77555756156289E-16,-14.,4.));
#8316=CARTESIAN_POINT('',(1.95061736,-14.441692106,5.));
#8317=CARTESIAN_POINT('',(-1.95061735967858,-14.4416921055675,5.));
#8318=CARTESIAN_POINT('Origin',(-1.33226762955019E-14,-14.,5.));
#8319=CARTESIAN_POINT('',(-1.95061736,-14.441692106,3.));
#8320=CARTESIAN_POINT('',(-1.95061736,-14.441692106,5.));
#8321=CARTESIAN_POINT('',(1.95061736,-14.441692106,3.));
#8322=CARTESIAN_POINT('Origin',(0.,-14.,3.));
#8323=CARTESIAN_POINT('',(1.95061736,-14.441692106,3.));
#8324=CARTESIAN_POINT('Origin',(-2.85030868,-10.468441317,3.));
#8325=CARTESIAN_POINT('',(-1.95061736,-14.441692106,5.));
#8326=CARTESIAN_POINT('',(-3.75,-6.495190528,5.));
#8327=CARTESIAN_POINT('',(-1.95061736,-14.441692106,5.));
#8328=CARTESIAN_POINT('',(-3.75,-6.495190528,3.));
#8329=CARTESIAN_POINT('',(-3.75,-6.495190528,5.));
#8330=CARTESIAN_POINT('',(-1.95061736,-14.441692106,3.));
#8331=CARTESIAN_POINT('',(-3.75,-6.495190528,3.));
#8332=CARTESIAN_POINT('',(-1.95061736,-14.441692106,3.));
#8333=CARTESIAN_POINT('Origin',(2.85030868,-10.468441317,3.));
#8334=CARTESIAN_POINT('',(3.75,-6.495190528,5.));
#8335=CARTESIAN_POINT('',(1.95061736,-14.441692106,5.));
#8336=CARTESIAN_POINT('',(3.75,-6.495190528,5.));
#8337=CARTESIAN_POINT('',(1.95061736,-14.441692106,3.));
#8338=CARTESIAN_POINT('',(1.95061736,-14.441692106,5.));
#8339=CARTESIAN_POINT('',(3.75,-6.495190528,3.));
#8340=CARTESIAN_POINT('',(1.95061736,-14.441692106,3.));
#8341=CARTESIAN_POINT('',(3.75,-6.495190528,3.));
#8342=CARTESIAN_POINT('Origin',(1.38777878078145E-16,-7.5,4.));
#8343=CARTESIAN_POINT('',(-1.,-7.5,5.));
#8344=CARTESIAN_POINT('',(1.,-7.49999999999999,5.));
#8345=CARTESIAN_POINT('Origin',(2.36658271566304E-29,-7.5,5.));
#8346=CARTESIAN_POINT('',(1.,-7.5,3.));
#8347=CARTESIAN_POINT('',(1.,-7.5,5.));
#8348=CARTESIAN_POINT('',(-1.,-7.5,3.));
#8349=CARTESIAN_POINT('Origin',(0.,-7.5,3.));
#8350=CARTESIAN_POINT('',(-1.,-7.5,3.));
#8351=CARTESIAN_POINT('Origin',(1.38777878078145E-16,-10.5,4.));
#8352=CARTESIAN_POINT('',(-1.,-10.5,5.));
#8353=CARTESIAN_POINT('',(1.,-10.5,5.));
#8354=CARTESIAN_POINT('Origin',(3.15544362088405E-29,-10.5,5.));
#8355=CARTESIAN_POINT('',(1.,-10.5,3.));
#8356=CARTESIAN_POINT('',(1.,-10.5,5.));
#8357=CARTESIAN_POINT('',(-1.,-10.5,3.));
#8358=CARTESIAN_POINT('Origin',(0.,-10.5,3.));
#8359=CARTESIAN_POINT('',(-1.,-10.5,3.));
#8360=CARTESIAN_POINT('Origin',(1.38777878078145E-16,-13.5,4.));
#8361=CARTESIAN_POINT('',(-1.,-13.5,5.));
#8362=CARTESIAN_POINT('',(1.,-13.5,5.));
#8363=CARTESIAN_POINT('Origin',(4.73316543132607E-29,-13.5,5.));
#8364=CARTESIAN_POINT('',(1.,-13.5,3.));
#8365=CARTESIAN_POINT('',(1.,-13.5,5.));
#8366=CARTESIAN_POINT('',(-1.,-13.5,3.));
#8367=CARTESIAN_POINT('Origin',(0.,-13.5,3.));
#8368=CARTESIAN_POINT('',(-1.,-13.5,3.));
#8369=CARTESIAN_POINT('Origin',(12.124355653,-7.,4.));
#8370=CARTESIAN_POINT('',(14.1243556529942,-7.00000000025534,5.));
#8371=CARTESIAN_POINT('',(14.124355653,-7.,3.));
#8372=CARTESIAN_POINT('',(14.124355653,-7.,5.));
#8373=CARTESIAN_POINT('',(13.4821809168401,-5.53156186617292,3.));
#8374=CARTESIAN_POINT('Origin',(12.124355653,-7.,3.));
#8375=CARTESIAN_POINT('',(13.482180917,-5.531561866,5.));
#8376=CARTESIAN_POINT('',(13.482180917,-5.531561866,3.));
#8377=CARTESIAN_POINT('Origin',(12.1243556529942,-6.99999999998674,5.));
#8378=CARTESIAN_POINT('Origin',(7.6407817785,-7.7026603835,3.));
#8379=CARTESIAN_POINT('',(11.531563557,-8.910130239,5.));
#8380=CARTESIAN_POINT('',(3.75,-6.495190528,5.));
#8381=CARTESIAN_POINT('',(11.531563557,-8.910130239,5.));
#8382=CARTESIAN_POINT('',(3.75,-6.495190528,3.));
#8383=CARTESIAN_POINT('',(3.75,-6.495190528,5.));
#8384=CARTESIAN_POINT('',(11.531563557,-8.910130239,3.));
#8385=CARTESIAN_POINT('',(3.75,-6.495190528,3.));
#8386=CARTESIAN_POINT('',(11.531563557,-8.910130239,3.));
#8387=CARTESIAN_POINT('Origin',(10.4910904585,-2.765780933,3.));
#8388=CARTESIAN_POINT('',(7.5,0.,5.));
#8389=CARTESIAN_POINT('',(13.482180917,-5.531561866,5.));
#8390=CARTESIAN_POINT('',(7.5,0.,5.));
#8391=CARTESIAN_POINT('',(13.482180917,-5.531561866,3.));
#8392=CARTESIAN_POINT('',(13.482180917,-5.531561866,5.));
#8393=CARTESIAN_POINT('',(7.5,0.,3.));
#8394=CARTESIAN_POINT('',(13.482180917,-5.531561866,3.));
#8395=CARTESIAN_POINT('',(7.5,0.,3.));
#8396=CARTESIAN_POINT('Origin',(6.495190528,-3.75,4.));
#8397=CARTESIAN_POINT('',(5.495190528,-3.75,5.));
#8398=CARTESIAN_POINT('',(7.49519052876663,-3.74999999999999,5.));
#8399=CARTESIAN_POINT('Origin',(6.49519052876663,-3.75,5.));
#8400=CARTESIAN_POINT('',(7.495190528,-3.75,3.));
#8401=CARTESIAN_POINT('',(7.495190528,-3.75,5.));
#8402=CARTESIAN_POINT('',(5.495190528,-3.75,3.));
#8403=CARTESIAN_POINT('Origin',(6.495190528,-3.75,3.));
#8404=CARTESIAN_POINT('',(5.495190528,-3.75,3.));
#8405=CARTESIAN_POINT('Origin',(9.09326674,-5.25,4.));
#8406=CARTESIAN_POINT('',(8.09326674,-5.25,5.));
#8407=CARTESIAN_POINT('',(10.0932667394733,-5.24999999999999,5.));
#8408=CARTESIAN_POINT('Origin',(9.09326673947334,-5.25,5.));
#8409=CARTESIAN_POINT('',(10.09326674,-5.25,3.));
#8410=CARTESIAN_POINT('',(10.09326674,-5.25,5.));
#8411=CARTESIAN_POINT('',(8.09326674,-5.25,3.));
#8412=CARTESIAN_POINT('Origin',(9.09326674,-5.25,3.));
#8413=CARTESIAN_POINT('',(8.09326674,-5.25,3.));
#8414=CARTESIAN_POINT('Origin',(11.691342951,-6.75,4.));
#8415=CARTESIAN_POINT('',(10.691342951,-6.75,5.));
#8416=CARTESIAN_POINT('',(12.69134295118,-6.74999999999999,5.));
#8417=CARTESIAN_POINT('Origin',(11.69134295118,-6.75,5.));
#8418=CARTESIAN_POINT('',(12.691342951,-6.75,3.));
#8419=CARTESIAN_POINT('',(12.691342951,-6.75,5.));
#8420=CARTESIAN_POINT('',(10.691342951,-6.75,3.));
#8421=CARTESIAN_POINT('Origin',(11.691342951,-6.75,3.));
#8422=CARTESIAN_POINT('',(10.691342951,-6.75,3.));
#8423=CARTESIAN_POINT('Origin',(12.124355653,7.,4.));
#8424=CARTESIAN_POINT('',(14.1243556529766,6.99999999952619,5.));
#8425=CARTESIAN_POINT('',(14.124355653,7.,3.));
#8426=CARTESIAN_POINT('',(14.124355653,7.,5.));
#8427=CARTESIAN_POINT('',(11.5315635569276,8.91013023923345,3.));
#8428=CARTESIAN_POINT('Origin',(12.124355653,7.,3.));
#8429=CARTESIAN_POINT('',(11.531563557,8.910130239,5.));
#8430=CARTESIAN_POINT('',(11.531563557,8.910130239,3.));
#8431=CARTESIAN_POINT('Origin',(12.1243556529766,7.00000000001724,5.));
#8432=CARTESIAN_POINT('Origin',(10.4910904585,2.765780933,3.));
#8433=CARTESIAN_POINT('',(13.482180917,5.531561866,5.));
#8434=CARTESIAN_POINT('',(7.5,0.,5.));
#8435=CARTESIAN_POINT('',(13.482180917,5.531561866,5.));
#8436=CARTESIAN_POINT('',(7.5,0.,3.));
#8437=CARTESIAN_POINT('',(7.5,0.,5.));
#8438=CARTESIAN_POINT('',(13.482180917,5.531561866,3.));
#8439=CARTESIAN_POINT('',(7.5,0.,3.));
#8440=CARTESIAN_POINT('',(13.482180917,5.531561866,3.));
#8441=CARTESIAN_POINT('Origin',(7.6407817785,7.7026603835,3.));
#8442=CARTESIAN_POINT('',(3.75,6.495190528,5.));
#8443=CARTESIAN_POINT('',(11.531563557,8.910130239,5.));
#8444=CARTESIAN_POINT('',(3.75,6.495190528,5.));
#8445=CARTESIAN_POINT('',(11.531563557,8.910130239,3.));
#8446=CARTESIAN_POINT('',(11.531563557,8.910130239,5.));
#8447=CARTESIAN_POINT('',(3.75,6.495190528,3.));
#8448=CARTESIAN_POINT('',(11.531563557,8.910130239,3.));
#8449=CARTESIAN_POINT('',(3.75,6.495190528,3.));
#8450=CARTESIAN_POINT('Origin',(6.495190528,3.75,4.));
#8451=CARTESIAN_POINT('',(5.495190528,3.75,5.));
#8452=CARTESIAN_POINT('',(7.49519052876647,3.75000000000001,4.99999999999997));
#8453=CARTESIAN_POINT('Origin',(6.49519052876647,3.75,4.99999999999997));
#8454=CARTESIAN_POINT('',(7.495190528,3.75,3.));
#8455=CARTESIAN_POINT('',(7.495190528,3.75,5.));
#8456=CARTESIAN_POINT('',(5.495190528,3.75,3.));
#8457=CARTESIAN_POINT('Origin',(6.495190528,3.75,3.));
#8458=CARTESIAN_POINT('',(5.495190528,3.75,3.));
#8459=CARTESIAN_POINT('Origin',(9.09326674,5.25,4.));
#8460=CARTESIAN_POINT('',(8.09326674,5.25,5.));
#8461=CARTESIAN_POINT('',(10.0932667394731,5.25000000000001,4.99999999999996));
#8462=CARTESIAN_POINT('Origin',(9.09326673947306,5.25,4.99999999999996));
#8463=CARTESIAN_POINT('',(10.09326674,5.25,3.));
#8464=CARTESIAN_POINT('',(10.09326674,5.25,5.));
#8465=CARTESIAN_POINT('',(8.09326674,5.25,3.));
#8466=CARTESIAN_POINT('Origin',(9.09326674,5.25,3.));
#8467=CARTESIAN_POINT('',(8.09326674,5.25,3.));
#8468=CARTESIAN_POINT('Origin',(11.691342951,6.75,4.));
#8469=CARTESIAN_POINT('',(10.691342951,6.75,5.));
#8470=CARTESIAN_POINT('',(12.6913429511797,6.75000000000001,4.99999999999995));
#8471=CARTESIAN_POINT('Origin',(11.6913429511797,6.75,4.99999999999995));
#8472=CARTESIAN_POINT('',(12.691342951,6.75,3.));
#8473=CARTESIAN_POINT('',(12.691342951,6.75,5.));
#8474=CARTESIAN_POINT('',(10.691342951,6.75,3.));
#8475=CARTESIAN_POINT('Origin',(11.691342951,6.75,3.));
#8476=CARTESIAN_POINT('',(10.691342951,6.75,3.));
#8477=CARTESIAN_POINT('Origin',(-5.55111512312578E-16,0.,4.375));
#8478=CARTESIAN_POINT('',(-3.,0.,4.75));
#8479=CARTESIAN_POINT('',(3.,2.1316282072803E-14,4.75));
#8480=CARTESIAN_POINT('Origin',(0.,1.57772181044202E-29,4.75));
#8481=CARTESIAN_POINT('',(3.,0.,4.));
#8482=CARTESIAN_POINT('',(3.,0.,4.75));
#8483=CARTESIAN_POINT('',(-3.,3.67394039744206E-16,4.));
#8484=CARTESIAN_POINT('Origin',(0.,0.,4.));
#8485=CARTESIAN_POINT('',(-3.,0.,4.));
#8486=CARTESIAN_POINT('Origin',(0.,-3.036,4.));
#8487=CARTESIAN_POINT('',(-3.,3.67394039744206E-16,4.));
#8488=CARTESIAN_POINT('Origin',(0.,0.,4.));
#8489=CARTESIAN_POINT('',(-1.7,1.18710365520666E-14,4.));
#8490=CARTESIAN_POINT('Origin',(0.,-1.97215226305253E-29,4.));
#8491=CARTESIAN_POINT('Origin',(7.2416560595312E-11,4.16087164722967E-10,
0.199999999181044));
#8492=CARTESIAN_POINT('',(-4.25,2.96775913801666E-14,0.199999999999999));
#8493=CARTESIAN_POINT('',(-4.05,4.73476105282032E-16,2.77555756156289E-16));
#8494=CARTESIAN_POINT('Origin',(-4.05,4.85722573273506E-16,0.2));
#8495=CARTESIAN_POINT('',(4.05,0.,0.));
#8496=CARTESIAN_POINT('Origin',(0.,0.,0.));
#8497=CARTESIAN_POINT('',(4.25,-2.42861286636753E-16,0.200000000000003));
#8498=CARTESIAN_POINT('Origin',(4.05,-2.42861286636753E-16,0.2));
#8499=CARTESIAN_POINT('Origin',(0.,3.94430452610506E-30,0.199999999999999));
#8500=CARTESIAN_POINT('Origin',(1.11022302462516E-15,0.,4.375));
#8501=CARTESIAN_POINT('',(-4.5,0.,4.75));
#8502=CARTESIAN_POINT('',(4.5,3.19744231092045E-14,4.75));
#8503=CARTESIAN_POINT('Origin',(0.,1.57772181044202E-29,4.75));
#8504=CARTESIAN_POINT('',(4.5,0.,4.));
#8505=CARTESIAN_POINT('',(4.5,0.,4.75));
#8506=CARTESIAN_POINT('',(-4.5,5.51091059616309E-16,4.));
#8507=CARTESIAN_POINT('Origin',(0.,0.,4.));
#8508=CARTESIAN_POINT('',(-4.5,0.,4.));
#8509=CARTESIAN_POINT('Origin',(0.,-4.554,4.));
#8510=CARTESIAN_POINT('',(-4.5,5.51091059616309E-16,4.));
#8511=CARTESIAN_POINT('Origin',(0.,0.,4.));
#8512=CARTESIAN_POINT('',(3.5,2.48689957516035E-14,4.));
#8513=CARTESIAN_POINT('Origin',(0.,1.97215226305253E-29,4.));
#8514=CARTESIAN_POINT('Origin',(0.,0.,4.375));
#8515=CARTESIAN_POINT('',(-3.5,2.52976221313051E-14,4.75));
#8516=CARTESIAN_POINT('',(-3.5,0.,4.));
#8517=CARTESIAN_POINT('',(-3.5,0.,4.75));
#8518=CARTESIAN_POINT('',(3.5,0.,4.));
#8519=CARTESIAN_POINT('Origin',(0.,0.,4.));
#8520=CARTESIAN_POINT('',(3.5,0.,4.75));
#8521=CARTESIAN_POINT('',(3.5,0.,4.));
#8522=CARTESIAN_POINT('Origin',(-1.75162308040602E-44,-1.57772181044202E-29,
4.75));
#8523=CARTESIAN_POINT('Origin',(-8.13495364820893E-11,-2.0589197013976E-10,
4.75000000074921));
#8524=CARTESIAN_POINT('',(-4.5,3.25255141688208E-14,4.75));
#8525=CARTESIAN_POINT('',(-4.75,5.7041959730192E-16,5.));
#8526=CARTESIAN_POINT('Origin',(-4.75,5.55111512312578E-16,4.75));
#8527=CARTESIAN_POINT('',(4.75,0.,5.));
#8528=CARTESIAN_POINT('Origin',(0.,0.,5.));
#8529=CARTESIAN_POINT('',(4.5,5.55111512312578E-16,4.75));
#8530=CARTESIAN_POINT('Origin',(4.75,5.55111512312578E-16,4.75));
#8531=CARTESIAN_POINT('Origin',(-1.75162308040602E-44,-1.57772181044202E-29,
4.75));
#8532=CARTESIAN_POINT('Origin',(2.28721165271284E-11,1.57511836906821E-9,
4.75000000018842));
#8533=CARTESIAN_POINT('',(-3.25,2.35212652919049E-14,5.));
#8534=CARTESIAN_POINT('',(-3.5,3.06161699786838E-17,4.75));
#8535=CARTESIAN_POINT('Origin',(-3.25,0.,4.75));
#8536=CARTESIAN_POINT('',(3.5,0.,4.75));
#8537=CARTESIAN_POINT('Origin',(0.,0.,4.75));
#8538=CARTESIAN_POINT('',(3.25,1.53080849893419E-17,5.));
#8539=CARTESIAN_POINT('Origin',(3.25,0.,4.75));
#8540=CARTESIAN_POINT('Origin',(3.94115193091355E-44,4.73316543132607E-29,
5.));
#8541=CARTESIAN_POINT('Origin',(-8.13505035904272E-11,-2.05895023253078E-10,
4.75000000074921));
#8542=CARTESIAN_POINT('',(-3.,2.16836761125472E-14,4.75));
#8543=CARTESIAN_POINT('',(-3.25,5.7041959730192E-16,5.));
#8544=CARTESIAN_POINT('Origin',(-3.25,5.55111512312578E-16,4.75));
#8545=CARTESIAN_POINT('',(3.25,0.,5.));
#8546=CARTESIAN_POINT('Origin',(0.,0.,5.));
#8547=CARTESIAN_POINT('',(3.,1.87469972832732E-33,4.75));
#8548=CARTESIAN_POINT('Origin',(3.25,0.,4.75));
#8549=CARTESIAN_POINT('Origin',(-2.80259692864963E-44,-1.57772181044202E-29,
4.75));
#8550=CARTESIAN_POINT('',(0.,0.,0.));
#8551=UNCERTAINTY_MEASURE_WITH_UNIT(LENGTH_MEASURE(0.01),#8557,
'DISTANCE_ACCURACY_VALUE',
'Maximum model space distance between geometric entities at asserted c
onnectivities');
#8552=UNCERTAINTY_MEASURE_WITH_UNIT(LENGTH_MEASURE(0.01),#8557,
'DISTANCE_ACCURACY_VALUE',
'Maximum model space distance between geometric entities at asserted c
onnectivities');
#8553=UNCERTAINTY_MEASURE_WITH_UNIT(LENGTH_MEASURE(0.01),#8557,
'DISTANCE_ACCURACY_VALUE',
'Maximum model space distance between geometric entities at asserted c
onnectivities');
#8554=(
GEOMETRIC_REPRESENTATION_CONTEXT(3)
GLOBAL_UNCERTAINTY_ASSIGNED_CONTEXT((#8551))
GLOBAL_UNIT_ASSIGNED_CONTEXT((#8557,#8559,#8560))
REPRESENTATION_CONTEXT('','3D')
);
#8555=(
GEOMETRIC_REPRESENTATION_CONTEXT(3)
GLOBAL_UNCERTAINTY_ASSIGNED_CONTEXT((#8552))
GLOBAL_UNIT_ASSIGNED_CONTEXT((#8557,#8559,#8560))
REPRESENTATION_CONTEXT('','3D')
);
#8556=(
GEOMETRIC_REPRESENTATION_CONTEXT(3)
GLOBAL_UNCERTAINTY_ASSIGNED_CONTEXT((#8553))
GLOBAL_UNIT_ASSIGNED_CONTEXT((#8557,#8559,#8560))
REPRESENTATION_CONTEXT('','3D')
);
#8557=(
LENGTH_UNIT()
NAMED_UNIT(*)
SI_UNIT(.MILLI.,.METRE.)
);
#8558=(
LENGTH_UNIT()
NAMED_UNIT(*)
SI_UNIT($,.METRE.)
);
#8559=(
NAMED_UNIT(*)
PLANE_ANGLE_UNIT()
SI_UNIT($,.RADIAN.)
);
#8560=(
NAMED_UNIT(*)
SI_UNIT($,.STERADIAN.)
SOLID_ANGLE_UNIT()
);
#8561=SHAPE_DEFINITION_REPRESENTATION(#8563,#8566);
#8562=SHAPE_DEFINITION_REPRESENTATION(#8564,#8567);
#8563=PRODUCT_DEFINITION_SHAPE('',$,#8569);
#8564=PRODUCT_DEFINITION_SHAPE('',$,#8570);
#8565=PRODUCT_DEFINITION_SHAPE($,$,#14);
#8566=SHAPE_REPRESENTATION('',(#4923,#5369),#8554);
#8567=SHAPE_REPRESENTATION('',(#4924,#4759,#4760,#4761,#4762,#4763,#4764,
#4765,#4766,#4767,#4768,#4769,#4770,#4771,#4772,#4773,#4774,#4775,#4776,
#4777,#4778,#4779,#4780,#4781,#4782,#4783,#4784,#4785,#4786,#4787,#4788,
#4789,#4790,#4791,#4792,#4793,#4794,#4795,#4796,#4797,#4798,#4799,#4800,
#4801,#4802,#4803,#4804,#4805,#4806,#4807,#4808,#4809,#4810,#4811,#4812,
#4813,#4814,#4815,#4816,#4817,#4818,#4819,#4820,#4821,#4822,#4823,#4824,
#4825,#4826,#4827,#4828,#4829,#4830,#4831,#4832,#4833,#4834,#4835,#4836,
#4837,#4838,#4839,#4840,#4841,#4842,#4843,#4844,#4845,#4846,#4847,#4848,
#4849,#4850,#4851,#4852,#4853,#4854,#4855,#4856,#4857,#4858,#4859,#4860,
#4861,#4862,#4863,#4864,#4865,#4866,#4867,#4868,#4869,#4870,#4871,#4872,
#4873,#4874,#4875,#4876,#4877,#4878,#4879,#4880,#4881,#4882,#4883,#4884,
#4885,#4886,#4887,#4888,#4889,#4890,#4891,#4892,#4893,#4894,#4895,#4896,
#4897,#4898,#4899,#4900,#4901,#4902,#4903,#4904,#4905,#4906,#4907,#4908,
#4909,#4910),#8555);
#8568=PRODUCT_DEFINITION_CONTEXT('part definition',#8576,'design');
#8569=PRODUCT_DEFINITION('Servo_MG995_Star_horn',
'Servo_MG995_Star_horn v1',#8571,#8568);
#8570=PRODUCT_DEFINITION('Servo_MG995_Star_horn_1',
'Servo_MG995_Star_horn',#8572,#8568);
#8571=PRODUCT_DEFINITION_FORMATION('',$,#8578);
#8572=PRODUCT_DEFINITION_FORMATION('',$,#8579);
#8573=PRODUCT_RELATED_PRODUCT_CATEGORY('Servo_MG995_Star_horn v1',
'Servo_MG995_Star_horn v1',(#8578));
#8574=PRODUCT_RELATED_PRODUCT_CATEGORY('Servo_MG995_Star_horn',
'Servo_MG995_Star_horn',(#8579));
#8575=APPLICATION_PROTOCOL_DEFINITION('international standard',
'automotive_design',2009,#8576);
#8576=APPLICATION_CONTEXT(
'Core Data for Automotive Mechanical Design Process');
#8577=PRODUCT_CONTEXT('part definition',#8576,'mechanical');
#8578=PRODUCT('Servo_MG995_Star_horn','Servo_MG995_Star_horn v1',$,(#8577));
#8579=PRODUCT('Servo_MG995_Star_horn_1','Servo_MG995_Star_horn',$,(#8577));
#8580=PRESENTATION_STYLE_ASSIGNMENT((#8582));
#8581=PRESENTATION_STYLE_ASSIGNMENT((#8583));
#8582=SURFACE_STYLE_USAGE(.BOTH.,#8584);
#8583=SURFACE_STYLE_USAGE(.BOTH.,#8585);
#8584=SURFACE_SIDE_STYLE('',(#8586));
#8585=SURFACE_SIDE_STYLE('',(#8587));
#8586=SURFACE_STYLE_FILL_AREA(#8588);
#8587=SURFACE_STYLE_FILL_AREA(#8589);
#8588=FILL_AREA_STYLE('Steel - Satin',(#8590));
#8589=FILL_AREA_STYLE('Opaque(202,209,238)',(#8591));
#8590=FILL_AREA_STYLE_COLOUR('Steel - Satin',#8592);
#8591=FILL_AREA_STYLE_COLOUR('Opaque(202,209,238)',#8593);
#8592=COLOUR_RGB('Steel - Satin',0.627450980392157,0.627450980392157,0.627450980392157);
#8593=COLOUR_RGB('Opaque(202,209,238)',0.792156862745098,0.819607843137255,
0.933333333333333);
ENDSEC;
END-ISO-10303-21;
